Isotope,Energy (keV),XS (mb),Info
00C,4946.5,2.6248,"(n,g)00C"
00C,3684.0,1.2351999999999999,"(n,g)00C"
00C,1262.5,1.2351999999999999,"(n,g)00C"
10B,4445.0,309.99999999999994,"(n,g)10B"
10B,7011.0,259.99999999999994,"(n,g)10B"
10B,4713.0,124.99999999999999,"(n,g)10B"
10B,8920.0,74.99999999999999,"(n,g)10B"
10B,6743.0,74.99999999999999,"(n,g)10B"
10B,2536.0,74.99999999999999,"(n,g)10B"
10B,2298.0,49.99999999999999,"(n,g)10B"
10B,11456.0,29.999999999999996,"(n,g)10B"
10B,5021.0,4.999999999999999,"(n,g)10B"
10B,9331.3,4.999999999999999,"(n,g)10B"
10B,2124.7,4.999999999999999,"(n,g)10B"
10B,6435.0,4.999999999999999,"(n,g)10B"
11B,3369.87,3.1569999999999996,"(n,g)11B"
11B,953.14,2.2824999999999998,"(n,g)11B"
11B,2416.73,2.2824999999999998,"(n,g)11B"
11B,646.87,0.06049999999999999,"(n,g)11B"
11B,2723.0,0.06049999999999999,"(n,g)11B"
123Xe,354.14,59901.99233609599,"(n,g)123Xe"
123Xe,492.47,14846.602634303996,"(n,g)123Xe"
123Xe,524.89,5719.238849807998,"(n,g)123Xe"
123Xe,846.61,4859.118807561598,"(n,g)123Xe"
123Xe,893.9,3531.3624318367993,"(n,g)123Xe"
123Xe,914.81,3034.963070953599,"(n,g)123Xe"
123Xe,1628.69,2316.7832860351996,"(n,g)123Xe"
123Xe,401.43,2302.051210588799,"(n,g)123Xe"
123Xe,1335.88,1512.2861806975995,"(n,g)123Xe"
123Xe,1274.55,1181.2586009855997,"(n,g)123Xe"
123Xe,591.44,1091.3540622303997,"(n,g)123Xe"
123Xe,782.08,514.6416508403198,"(n,g)123Xe"
123Xe,749.66,503.64628112031994,"(n,g)123Xe"
123Xe,559.02,470.1420822553599,"(n,g)123Xe"
123Xe,422.34,336.1129954540799,"(n,g)123Xe"
123Xe,359.74,327.71935632607995,"(n,g)123Xe"
123Xe,369.01,290.14024905759993,"(n,g)123Xe"
123Xe,843.41,238.18711257375995,"(n,g)123Xe"
123Xe,589.29,117.78036537375998,"(n,g)123Xe"
123Xe,669.75,61.544101429247995,"(n,g)123Xe"
123Xe,958.3,46.75933212166399,"(n,g)123Xe"
123Xe,399.28,32.54479640009599,"(n,g)123Xe"
124Xe,111.78,56881.90354247143,"(n,g)124Xe"
124Xe,335.35,15200.146329911955,"(n,g)124Xe"
124Xe,471.11,14964.262343866782,"(n,g)124Xe"
124Xe,526.38,8029.394899079637,"(n,g)124Xe"
124Xe,12.99,7287.445208386262,"(n,g)124Xe"
124Xe,359.33,5367.152963027268,"(n,g)124Xe"
124Xe,385.2,4524.346735201613,"(n,g)124Xe"
124Xe,184.08,3403.3309584425433,"(n,g)124Xe"
124Xe,135.76,2894.1891437167087,"(n,g)124Xe"
124Xe,43.26,2693.623977800116,"(n,g)124Xe"
124Xe,371.92,1779.006747056936,"(n,g)124Xe"
124Xe,223.57,1021.2345971739541,"(n,g)124Xe"
124Xe,161.63,705.7221771565995,"(n,g)124Xe"
124Xe,414.6,652.9405477181605,"(n,g)124Xe"
124Xe,231.39,608.7240810307358,"(n,g)124Xe"
124Xe,496.98,485.7286316470541,"(n,g)124Xe"
124Xe,201.12,380.0842735878366,"(n,g)124Xe"
124Xe,148.35,359.9889925126304,"(n,g)124Xe"
124Xe,57.94,109.52580982414702,"(n,g)124Xe"
124Xe,187.84,22.282780806444823,"(n,g)124Xe"
14N,5269.2,22.409998583128104,"(n,g)14N"
14N,5297.8,15.937498992351816,"(n,g)14N"
14N,5533.4,14.692499071066921,"(n,g)14N"
14N,1884.8,14.084999109476096,"(n,g)14N"
14N,6322.4,13.679999135082216,"(n,g)14N"
14N,4508.7,12.539999207158697,"(n,g)14N"
14N,3677.7,10.897499311005737,"(n,g)14N"
14N,10829.1,10.747502644983546,"(n,g)14N"
14N,5562.1,8.01749949309369,"(n,g)14N"
14N,7299.0,7.046249554500955,"(n,g)14N"
14N,3532.0,6.71024957574455,"(n,g)14N"
14N,1678.3,5.971499622452007,"(n,g)14N"
14N,2520.4,4.186499735308604,"(n,g)14N"
14N,8310.2,3.0937498043977056,"(n,g)14N"
14N,1999.7,3.0839998050141486,"(n,g)14N"
14N,2830.8,1.280249919056214,"(n,g)14N"
14N,1681.2,1.2337499219961758,"(n,g)14N"
14N,9149.0,1.1122499296780113,"(n,g)14N"
14N,3855.6,0.6130499612399235,"(n,g)14N"
14N,1854.0,0.4878749691541109,"(n,g)14N"
14N,3013.6,0.4868999692157552,"(n,g)14N"
14N,3884.2,0.426149973056673,"(n,g)14N"
14N,1988.5,0.24299998463632885,"(n,g)14N"
14N,1783.6,0.18689998818325046,"(n,g)14N"
14N,2002.3,0.1775999887712428,"(n,g)14N"
14N,9046.7,0.15232499036925432,"(n,g)14N"
14N,908.4,0.12052499237980878,"(n,g)14N"
14N,3300.7,0.11309999284925429,"(n,g)14N"
14N,9151.9,0.11212499291089865,"(n,g)14N"
14N,583.8,0.10747499320489483,"(n,g)14N"
14N,1011.7,0.102824993498891,"(n,g)14N"
14N,9921.3,0.09532499397307838,"(n,g)14N"
14N,1073.0,0.06635249580486424,"(n,g)14N"
14N,2261.8,0.057944996336428294,"(n,g)14N"
14N,1610.8,0.055139996513774374,"(n,g)14N"
14N,8568.6,0.05233499669112046,"(n,g)14N"
14N,2030.8,0.05233499669112046,"(n,g)14N"
14N,7153.4,0.04766249698653919,"(n,g)14N"
14N,767.8,0.046724997045812615,"(n,g)14N"
14N,3269.2,0.04579499710461185,"(n,g)14N"
14N,10061.9,0.042989997281957924,"(n,g)14N"
14N,9757.1,0.04205249734123135,"(n,g)14N"
14N,3880.9,0.03644999769544933,"(n,g)14N"
14N,2293.2,0.03364499787279541,"(n,g)14N"
14N,3923.9,0.028034998227487565,"(n,g)14N"
14N,831.2,0.023362498522906307,"(n,g)14N"
14N,4654.1,0.021494998640978962,"(n,g)14N"
14N,2898.4,0.016822498936397704,"(n,g)14N"
14N,608.3,0.016822498936397704,"(n,g)14N"
14N,2726.0,0.01495499905447036,"(n,g)14N"
14N,9219.5,0.014017499113743783,"(n,g)14N"
14N,131.4,0.014017499113743783,"(n,g)14N"
14N,1025.2,0.012149999231816443,"(n,g)14N"
14N,2247.4,0.011212499291089867,"(n,g)14N"
14N,1053.9,0.011212499291089867,"(n,g)14N"
14N,770.4,0.0074767495272826,"(n,g)14N"
14N,10697.8,0.0074767495272826,"(n,g)14N"
14N,383.0,0.0056077496454500966,"(n,g)14N"
16O,870.8,0.19,"(n,g)16O"
16O,2184.2,0.16226000000000002,"(n,g)16O"
16O,1088.0,0.16226000000000002,"(n,g)16O"
16O,3272.2,0.027739999999999997,"(n,g)16O"
180Ta,482.18,385625.4501065402,"(n,g)180Ta"
180Ta,136.87,161693.40626684338,"(n,g)180Ta"
180Ta,133.03,124608.13737178169,"(n,g)180Ta"
180Ta,136.27,119582.24138599997,"(n,g)180Ta"
180Ta,345.92,76036.48697611819,"(n,g)180Ta"
180Ta,6.24,67033.64454684452,"(n,g)180Ta"
180Ta,152.31,6221.095274072065,"(n,g)180Ta"
180Ta,475.94,4333.287894720331,"(n,g)180Ta"
180Ta,165.35,3970.8803157546113,"(n,g)180Ta"
180Ta,301.62,813.9815177239398,"(n,g)180Ta"
180Ta,619.05,601.9537221920883,"(n,g)180Ta"
180Ta,178.99,210.83388437618422,"(n,g)180Ta"
180Ta,331.3,210.83388437618422,"(n,g)180Ta"
180Ta,615.21,187.81737833353566,"(n,g)180Ta"
180Ta,193.57,163.19927670438855,"(n,g)180Ta"
180Ta,358.92,103.93614524208627,"(n,g)180Ta"
180Ta,204.97,6.866087117411496,"(n,g)180Ta"
180Ta,383.96,6.866087117411496,"(n,g)180Ta"
181Ta,16.26,8560.843961077659,"(n,g)181Ta"
181Ta,133.88,4894.988575144273,"(n,g)181Ta"
181Ta,97.83,3990.4808110360245,"(n,g)181Ta"
181Ta,114.32,2826.302797004469,"(n,g)181Ta"
181Ta,99.83,1733.7020631674302,"(n,g)181Ta"
181Ta,75.41,1150.4410787075851,"(n,g)181Ta"
181Ta,270.4,950.9622515996588,"(n,g)181Ta"
181Ta,146.78,869.439036767308,"(n,g)181Ta"
181Ta,118.9,643.0240832915854,"(n,g)181Ta"
181Ta,139.46,514.9180201042333,"(n,g)181Ta"
181Ta,122.97,362.58676870024414,"(n,g)181Ta"
181Ta,156.09,218.9993653082161,"(n,g)181Ta"
181Ta,58.93,123.41329557095959,"(n,g)181Ta"
181Ta,106.0,89.36951838597544,"(n,g)181Ta"
181Ta,237.29,19.669648697140435,"(n,g)181Ta"
181Ta,233.71,19.50409846020419,"(n,g)181Ta"
181Ta,252.77,12.9222599999964,"(n,g)181Ta"
181Ta,150.14,9.544198594135924,"(n,g)181Ta"
181Ta,172.57,6.535452861340702,"(n,g)181Ta"
181Ta,249.97,1.544184598350409,"(n,g)181Ta"
185Re,59.01,93816.21302231486,"(n,g)185Re"
185Re,40.35,47415.089628008,"(n,g)185Re"
185Re,87.26,22338.22939113687,"(n,g)185Re"
185Re,74.57,18314.030663059995,"(n,g)185Re"
185Re,214.65,5979.808588517167,"(n,g)185Re"
185Re,122.52,4978.181594979583,"(n,g)185Re"
185Re,12.07,4605.006013303936,"(n,g)185Re"
185Re,111.34,4388.663875732352,"(n,g)185Re"
185Re,255.0,3113.2733639036287,"(n,g)185Re"
185Re,99.7,2642.871105613693,"(n,g)185Re"
185Re,103.31,1880.0170834231592,"(n,g)185Re"
185Re,64.42,1878.9203171779554,"(n,g)185Re"
185Re,151.69,1775.8623708096632,"(n,g)185Re"
185Re,127.35,1653.8744214863566,"(n,g)185Re"
185Re,210.7,1132.8054582520901,"(n,g)185Re"
185Re,99.36,966.5188071347906,"(n,g)185Re"
185Re,174.27,901.4365033651866,"(n,g)185Re"
185Re,167.74,483.3600458477081,"(n,g)185Re"
185Re,169.44,245.98973946689213,"(n,g)185Re"
185Re,209.79,147.2466282057562,"(n,g)185Re"
185Re,146.27,92.84210909332977,"(n,g)185Re"
187Re,63.58,52095.43404451833,"(n,g)187Re"
187Re,105.86,17233.96101549524,"(n,g)187Re"
187Re,37.12,12122.17581325895,"(n,g)187Re"
187Re,13.3,11001.736551645945,"(n,g)187Re"
187Re,111.7,7181.634123869349,"(n,g)187Re"
187Re,92.46,7088.3199026416105,"(n,g)187Re"
187Re,207.86,3847.9728277796826,"(n,g)187Re"
187Re,141.76,3294.573593022846,"(n,g)187Re"
187Re,41.7,1844.4057790829104,"(n,g)187Re"
187Re,205.34,356.63949608853096,"(n,g)187Re"
187Re,156.05,35.58380444298234,"(n,g)187Re"
187Re,169.44,26.218229761130406,"(n,g)187Re"
19F,583.6,3.618585957,"(n,g)19F"
19F,656.0,1.9902749569999998,"(n,g)19F"
19F,665.2,1.497662988,"(n,g)19F"
19F,983.5,1.1659664589999998,"(n,g)19F"
19F,1056.8,0.9448418251999999,"(n,g)19F"
19F,6600.1,0.9448418251999999,"(n,g)19F"
19F,6016.7,0.9448418251999999,"(n,g)19F"
19F,1387.9,0.8342411950999999,"(n,g)19F"
19F,1309.2,0.7638790033,"(n,g)19F"
19F,3488.1,0.723736348,"(n,g)19F"
19F,5033.5,0.6231737762999999,"(n,g)19F"
19F,1843.7,0.6131357179,"(n,g)19F"
19F,2529.2,0.5830215427,"(n,g)19F"
19F,4556.8,0.5247088523000001,"(n,g)19F"
19F,3964.9,0.4432645674,"(n,g)19F"
19F,166.8,0.4423067373999999,"(n,g)19F"
19F,5279.3,0.42414628060000004,"(n,g)19F"
19F,5543.7,0.4120967792,"(n,g)19F"
19F,3014.6,0.40712564149999997,"(n,g)19F"
19F,2431.1,0.35178222410000004,"(n,g)19F"
19F,3051.4,0.2985364544,"(n,g)19F"
19F,3586.2,0.291467669,"(n,g)19F"
19F,1542.5,0.27540485989999997,"(n,g)19F"
19F,1148.1,0.2653668015,"(n,g)19F"
19F,3112.7,0.241277377,"(n,g)19F"
19F,5291.4,0.23726406930000002,"(n,g)19F"
19F,822.7,0.2201476472,"(n,g)19F"
19F,556.4,0.20304080340000003,"(n,g)19F"
19F,2469.3,0.1979738827,"(n,g)19F"
19F,2143.3,0.1970160527,"(n,g)19F"
19F,2427.8,0.19099130199999997,"(n,g)19F"
19F,3074.8,0.1899472673,"(n,g)19F"
19F,4757.0,0.1899472673,"(n,g)19F"
19F,3589.5,0.1789513789,"(n,g)19F"
19F,1046.0,0.1778977659,"(n,g)19F"
19F,4173.5,0.16785970749999998,"(n,g)19F"
19F,661.6,0.1517968984,"(n,g)19F"
19F,1371.5,0.145781726,"(n,g)19F"
19F,2447.6,0.14176841829999998,"(n,g)19F"
19F,5616.8,0.13870336230000002,"(n,g)19F"
19F,2194.2,0.1336364416,"(n,g)19F"
19F,5360.9,0.1195850755,"(n,g)19F"
19F,2324.1,0.1175832108,"(n,g)19F"
19F,4200.6,0.10858918709999998,"(n,g)19F"
19F,3823.1,0.1065873224,"(n,g)19F"
19F,662.2,0.1025740147,"(n,g)19F"
19F,2636.1,0.09750709399999999,"(n,g)19F"
19F,5935.1,0.09750709399999999,"(n,g)19F"
19F,2921.0,0.09444586932,"(n,g)19F"
19F,4245.7,0.09348995498,"(n,g)19F"
19F,2965.9,0.0914823433,"(n,g)19F"
19F,2179.1,0.0914823433,"(n,g)19F"
19F,2529.6,0.09043064596,"(n,g)19F"
19F,1970.7,0.09043064596,"(n,g)19F"
19F,3679.9,0.08746711993999999,"(n,g)19F"
19F,2255.8,0.08746711993999999,"(n,g)19F"
19F,1282.1,0.08641638043,"(n,g)19F"
19F,2930.3,0.08641638043,"(n,g)19F"
19F,1392.2,0.07838593371,"(n,g)19F"
19F,2655.7,0.07838593371,"(n,g)19F"
19F,3025.1,0.07637832202999999,"(n,g)19F"
19F,1644.5,0.07341575384,"(n,g)19F"
19F,1935.5,0.07341575384,"(n,g)19F"
19F,2519.1,0.07035644482,"(n,g)19F"
19F,2431.4,0.07035644482,"(n,g)19F"
19F,2043.9,0.06834883314,"(n,g)19F"
19F,3219.9,0.06127525859,"(n,g)19F"
19F,3387.6,0.06127525859,"(n,g)19F"
19F,978.2,0.06127525859,"(n,g)19F"
19F,4951.9,0.05926764690999999,"(n,g)19F"
19F,3741.4,0.058311732570000004,"(n,g)19F"
19F,4081.8,0.054296509209999996,"(n,g)19F"
19F,4735.2,0.054296509209999996,"(n,g)19F"
19F,2229.8,0.05228889752999999,"(n,g)19F"
19F,5554.6,0.05228889752999999,"(n,g)19F"
19F,4708.2,0.05228889752999999,"(n,g)19F"
19F,4335.1,0.04722293466,"(n,g)19F"
19F,2009.5,0.04722293466,"(n,g)19F"
19F,1187.7,0.04521532298,"(n,g)19F"
19F,2623.2,0.044259408640000004,"(n,g)19F"
19F,325.7,0.04120009962,"(n,g)19F"
19F,2310.0,0.04120009962,"(n,g)19F"
19F,2504.5,0.03823753143,"(n,g)19F"
19F,4046.7,0.03622991975,"(n,g)19F"
19F,2981.3,0.03517822241,"(n,g)19F"
19F,2602.8,0.03517822241,"(n,g)19F"
19F,3023.9,0.03211891339,"(n,g)19F"
19F,2349.6,0.03116299905,"(n,g)19F"
19F,4095.0,0.028104647859999998,"(n,g)19F"
19F,4960.3,0.02714873352,"(n,g)19F"
19F,3293.2,0.026097036179999998,"(n,g)19F"
19F,1708.5,0.026097036179999998,"(n,g)19F"
19F,3973.5,0.024089424499999998,"(n,g)19F"
19F,620.4,0.02313351016,"(n,g)19F"
19F,2933.8,0.02313351016,"(n,g)19F"
19F,4639.0,0.02313351016,"(n,g)19F"
19F,1318.5,0.02313351016,"(n,g)19F"
19F,2232.9,0.021125898479999995,"(n,g)19F"
19F,4954.5,0.021125898479999995,"(n,g)19F"
19F,2346.3,0.021125898479999995,"(n,g)19F"
1H,2223.3,332.01259999999996,"(n,g)1H"
204Pb,2.33,689.585188658718,"(n,g)204Pb"
204Pb,260.48,200.75830355901783,"(n,g)204Pb"
204Pb,573.88,126.59425825299463,"(n,g)204Pb"
204Pb,995.27,66.46479897065973,"(n,g)204Pb"
204Pb,262.81,65.3850651935957,"(n,g)204Pb"
204Pb,227.19,41.36581296922808,"(n,g)204Pb"
204Pb,540.59,41.26058026965657,"(n,g)204Pb"
204Pb,576.21,39.131173135660276,"(n,g)204Pb"
204Pb,313.4,11.467961118012552,"(n,g)204Pb"
204Pb,759.1,11.092547655040477,"(n,g)204Pb"
204Pb,803.4,8.902871077008784,"(n,g)204Pb"
204Pb,703.44,8.475607635131436,"(n,g)204Pb"
204Pb,761.43,7.318629617466049,"(n,g)204Pb"
204Pb,185.22,7.215129213291968,"(n,g)204Pb"
204Pb,1043.72,2.853394095835482,"(n,g)204Pb"
204Pb,498.62,1.2505809860528558,"(n,g)204Pb"
204Pb,282.29,0.3640076989013094,"(n,g)204Pb"
204Pb,987.62,0.22117081486621765,"(n,g)204Pb"
204Pb,780.91,0.2147502827584092,"(n,g)204Pb"
204Pb,284.18,0.05254389483242743,"(n,g)204Pb"
204Pb,127.24,0.009358908454936006,"(n,g)204Pb"
204Pb,26.22,0.008383473296591927,"(n,g)204Pb"
206Pb,897.8,21.523183670018412,"(n,g)206Pb"
206Pb,569.7,8.966961188227005,"(n,g)206Pb"
206Pb,1725.7,2.0388552701801905,"(n,g)206Pb"
206Pb,1770.25,0.2828943752864199,"(n,g)206Pb"
206Pb,328.1,0.20496152099412157,"(n,g)206Pb"
206Pb,2092.7,0.08414294610526069,"(n,g)206Pb"
206Pb,1063.67,0.01256963556446722,"(n,g)206Pb"
206Pb,1093.63,0.007700438354238735,"(n,g)206Pb"
206Pb,1442.15,0.005352166431958995,"(n,g)206Pb"
206Pb,362.05,0.004780008483731275,"(n,g)206Pb"
206Pb,1068.63,0.004780008483731275,"(n,g)206Pb"
206Pb,387.05,0.001259031880683547,"(n,g)206Pb"
206Pb,1546.63,6.327277893410339e-05,"(n,g)206Pb"
207Pb,2614.55,359.0906776507107,"(n,g)207Pb"
207Pb,583.19,11.275260677893277,"(n,g)207Pb"
207Pb,277.37,5.4969017831514275,"(n,g)207Pb"
207Pb,860.56,4.786015459370498,"(n,g)207Pb"
207Pb,748.7,1.9927807264570707,"(n,g)207Pb"
207Pb,510.7,0.8300463863102535,"(n,g)207Pb"
207Pb,1381.15,0.1858972873357127,"(n,g)207Pb"
207Pb,252.52,0.13548123136544468,"(n,g)207Pb"
207Pb,763.22,0.1244058267555874,"(n,g)207Pb"
207Pb,211.36,0.10081368953762741,"(n,g)207Pb"
207Pb,797.96,0.05274145528151354,"(n,g)207Pb"
207Pb,125.2,0.04321148024829194,"(n,g)207Pb"
207Pb,569.89,0.04321148024829194,"(n,g)207Pb"
207Pb,839.26,0.04294943806906974,"(n,g)207Pb"
207Pb,328.56,0.04294943806906974,"(n,g)207Pb"
207Pb,233.33,0.033077250399668696,"(n,g)207Pb"
207Pb,722.06,0.029742375418425084,"(n,g)207Pb"
207Pb,1093.89,0.012051143879480091,"(n,g)207Pb"
207Pb,485.85,0.0037735057936360847,"(n,g)207Pb"
225Ac,18.8,20252.396746816,"(n,g)225Ac"
225Ac,5.1,11148.460209808,"(n,g)225Ac"
225Ac,26.2,9605.076660928,"(n,g)225Ac"
225Ac,58.3,2793.588475224,"(n,g)225Ac"
225Ac,13.3,2793.588475224,"(n,g)225Ac"
225Ac,28.2,2067.7329116016,"(n,g)225Ac"
225Ac,14.5,2067.7329116016,"(n,g)225Ac"
225Ac,32.7,2038.1441564336003,"(n,g)225Ac"
225Ac,12.0,1575.9478897272002,"(n,g)225Ac"
225Ac,51.5,1575.9478897272002,"(n,g)225Ac"
226Ac,27.37,85520.617253,"(n,g)226Ac"
226Ac,118.02,38374.5527183,"(n,g)226Ac"
226Ac,101.65,38374.5527183,"(n,g)226Ac"
226Ac,277.36,35763.6537032,"(n,g)226Ac"
226Ac,258.38,24678.9458036,"(n,g)226Ac"
226Ac,42.86,23161.7004206,"(n,g)226Ac"
226Ac,113.65,21866.8439966,"(n,g)226Ac"
226Ac,33.14,21866.8439966,"(n,g)226Ac"
226Ac,37.27,20658.9692897,"(n,g)226Ac"
226Ac,273.14,19915.742756900003,"(n,g)226Ac"
226Ac,243.16,16127.059533100002,"(n,g)226Ac"
226Ac,300.06,10911.3585572,"(n,g)226Ac"
226Ac,302.67,9927.7589484,"(n,g)226Ac"
226Ac,142.45,7769.5333173,"(n,g)226Ac"
226Ac,28.29,7769.5333173,"(n,g)226Ac"
226Ac,283.69,7529.4234235,"(n,g)226Ac"
226Ac,330.04,6172.7630462,"(n,g)226Ac"
226Ac,245.77,3584.2652226899995,"(n,g)226Ac"
226Ac,220.18,2575.0843040500004,"(n,g)226Ac"
226Ac,18.98,2217.71358104,"(n,g)226Ac"
226Ac,16.37,1818.51882008,"(n,g)226Ac"
226Ac,44.16,1806.745803,"(n,g)226Ac"
226Ac,124.57,1604.43325949,"(n,g)226Ac"
226Ac,199.0,1593.4015389400001,"(n,g)226Ac"
226Ac,96.88,1500.10783541,"(n,g)226Ac"
226Ac,52.72,1335.3645509499997,"(n,g)226Ac"
226Ac,46.35,1330.74131697,"(n,g)226Ac"
226Ac,29.98,1091.5481745000002,"(n,g)226Ac"
226Ac,226.79,975.7699383500001,"(n,g)226Ac"
226Ac,38.2,819.4528706599999,"(n,g)226Ac"
226Ac,77.38,761.9782645500001,"(n,g)226Ac"
226Ac,74.14,668.31171957,"(n,g)226Ac"
226Ac,71.85,625.50952111,"(n,g)226Ac"
226Ac,255.9,493.23853376,"(n,g)226Ac"
226Ac,54.57,393.35255475700006,"(n,g)226Ac"
226Ac,22.0,309.004414205,"(n,g)226Ac"
226Ac,144.43,181.736959114,"(n,g)226Ac"
226Ac,102.77,144.806355536,"(n,g)226Ac"
226Ac,57.18,137.634201949,"(n,g)226Ac"
226Ac,25.39,135.51251478,"(n,g)226Ac"
226Ac,60.46,67.056192738,"(n,g)226Ac"
226Ac,63.59,56.898237092,"(n,g)226Ac"
226Ac,72.58,56.356959034,"(n,g)226Ac"
226Ac,56.9,52.376328259000005,"(n,g)226Ac"
226Ac,230.59,35.7636537032,"(n,g)226Ac"
226Ac,245.49,34.9094958731,"(n,g)226Ac"
226Ac,100.84,34.1401704388,"(n,g)226Ac"
226Ac,35.8,18.6997971292,"(n,g)226Ac"
226Ac,23.46,5.4631361076000005,"(n,g)226Ac"
227Ac,26.4,45967.75173359999,"(n,g)227Ac"
227Ac,12.88,45967.75173359999,"(n,g)227Ac"
227Ac,13.52,24598.720104343996,"(n,g)227Ac"
227Ac,6.67,0.20858552837143998,"(n,g)227Ac"
227Ac,6.28,0.022188808706343995,"(n,g)227Ac"
227Th,57.76,298981.1088,"(n,g)227Th"
227Th,129.06,69745.40530649999,"(n,g)227Th"
227Th,270.24,53277.212686499995,"(n,g)227Th"
227Th,328.0,47569.433881499994,"(n,g)227Th"
227Th,338.32,46143.2834865,"(n,g)227Th"
227Th,209.26,15918.960561299997,"(n,g)227Th"
227Th,911.21,12451.3795593,"(n,g)227Th"
227Th,944.2,9163.712100149998,"(n,g)227Th"
227Th,616.19,8337.633600149999,"(n,g)227Th"
227Th,958.65,8165.42800515,"(n,g)227Th"
227Th,503.82,7977.251559149998,"(n,g)227Th"
227Th,478.4,7790.536636649999,"(n,g)227Th"
227Th,968.97,7608.841729649999,"(n,g)227Th"
227Th,794.95,7555.125445649999,"(n,g)227Th"
227Th,964.77,7254.305782649999,"(n,g)227Th"
227Th,546.47,7090.17033915,"(n,g)227Th"
227Th,332.37,6919.828716149998,"(n,g)227Th"
227Th,572.29,5656.585237649999,"(n,g)227Th"
227Th,583.42,4998.560758649999,"(n,g)227Th"
227Th,610.58,4904.53608015,"(n,g)227Th"
227Th,651.5,4064.626060649999,"(n,g)227Th"
227Th,988.57,3854.7788219999993,"(n,g)227Th"
227Th,792.68,3617.3765699999994,"(n,g)227Th"
227Th,231.57,3080.827993499999,"(n,g)227Th"
227Th,321.64,2832.7926284999994,"(n,g)227Th"
227Th,1117.63,2697.9723809999996,"(n,g)227Th"
227Th,774.06,2632.2038234999995,"(n,g)227Th"
227Th,772.3,2615.8305239999995,"(n,g)227Th"
227Th,687.65,2493.5285429999994,"(n,g)227Th"
227Th,835.7,2350.2356954999996,"(n,g)227Th"
227Th,191.36,2323.483461,"(n,g)227Th"
227Th,620.33,2319.247161,"(n,g)227Th"
227Th,449.18,2205.756684,"(n,g)227Th"
227Th,904.19,2181.2073254999996,"(n,g)227Th"
227Th,278.99,2011.0061358449998,"(n,g)227Th"
227Th,688.4,1960.4331864449996,"(n,g)227Th"
227Th,874.47,1791.9616780799997,"(n,g)227Th"
227Th,1153.47,1727.6313444299997,"(n,g)227Th"
227Th,840.37,1619.2731448799998,"(n,g)227Th"
227Th,640.37,1584.1817538299997,"(n,g)227Th"
227Th,1095.71,1557.6095620799997,"(n,g)227Th"
227Th,880.82,1324.2360313799998,"(n,g)227Th"
227Th,1013.72,1263.0003148799997,"(n,g)227Th"
227Th,153.98,1261.2380140799996,"(n,g)227Th"
227Th,873.11,1245.0871203299998,"(n,g)227Th"
227Th,231.19,1233.13228173,"(n,g)227Th"
227Th,1175.39,1194.5141709299999,"(n,g)227Th"
227Th,979.5,1178.75513493,"(n,g)227Th"
227Th,663.85,1083.1225687649999,"(n,g)227Th"
227Th,726.87,1034.8096854149996,"(n,g)227Th"
227Th,816.71,958.3698882149998,"(n,g)227Th"
227Th,184.5,877.9860957149998,"(n,g)227Th"
227Th,921.74,755.9234656649999,"(n,g)227Th"
227Th,540.74,721.9801119149998,"(n,g)227Th"
227Th,141.01,698.839323165,"(n,g)227Th"
227Th,178.01,677.6027512649999,"(n,g)227Th"
227Th,987.68,642.369444165,"(n,g)227Th"
227Th,1033.26,578.0666464649998,"(n,g)227Th"
227Th,1016.41,555.2393439149998,"(n,g)227Th"
227Th,199.41,544.0957567649999,"(n,g)227Th"
227Th,1110.62,489.1657728149999,"(n,g)227Th"
227Th,173.97,439.0397530649999,"(n,g)227Th"
227Th,1142.78,338.90823629999994,"(n,g)227Th"
227Th,145.85,272.07636749999995,"(n,g)227Th"
227Th,782.14,235.43025434999998,"(n,g)227Th"
227Th,1065.19,228.17135429999996,"(n,g)227Th"
227Th,100.42,166.18416054299996,"(n,g)227Th"
227Th,317.42,93.39963361649998,"(n,g)227Th"
227Th,981.55,78.4980247365,"(n,g)227Th"
227Th,649.18,70.6424418315,"(n,g)227Th"
227Th,694.94,63.24395569649999,"(n,g)227Th"
227Th,77.36,44.46697957649999,"(n,g)227Th"
227Th,712.84,39.262896841499995,"(n,g)227Th"
227Th,244.32,12.613163856299998,"(n,g)227Th"
227Th,298.3,0.19628330503949995,"(n,g)227Th"
227Th,225.2,0.048276048721499994,"(n,g)227Th"
227Th,289.3,0.017739362215799998,"(n,g)227Th"
227Th,248.2,0.00396087907365,"(n,g)227Th"
227Th,278.0,3.359894255999999e-05,"(n,g)227Th"
227Th,269.0,2.2511486384999996e-05,"(n,g)227Th"
228Th,0.01,42580.56131262021,"(n,g)228Th"
228Th,29.19,34494.78917032402,"(n,g)228Th"
228Th,71.82,14802.466996151323,"(n,g)228Th"
228Th,164.52,9927.03797151921,"(n,g)228Th"
228Th,259.33,7307.095211948929,"(n,g)228Th"
228Th,261.92,7039.411917428262,"(n,g)228Th"
228Th,42.44,6492.78706007152,"(n,g)228Th"
228Th,146.34,5968.4745335213665,"(n,g)228Th"
228Th,21.0,5162.5322331528005,"(n,g)228Th"
228Th,86.93,3728.270768853646,"(n,g)228Th"
228Th,135.34,3692.1664605166193,"(n,g)228Th"
228Th,118.97,3633.587534632925,"(n,g)228Th"
228Th,53.59,3595.0758731773903,"(n,g)228Th"
228Th,212.34,2833.274967266125,"(n,g)228Th"
228Th,217.16,2739.2085424265133,"(n,g)228Th"
228Th,317.16,2265.8103366446853,"(n,g)228Th"
228Th,117.16,2088.8279633501934,"(n,g)228Th"
228Th,291.35,1658.780079023289,"(n,g)228Th"
228Th,187.97,1616.387908063294,"(n,g)228Th"
228Th,74.53,1373.0596014355929,"(n,g)228Th"
228Th,145.34,1287.5386813226255,"(n,g)228Th"
228Th,216.1,1146.091714508797,"(n,g)228Th"
228Th,96.22,1114.6643782751403,"(n,g)228Th"
228Th,208.17,1104.0169309002463,"(n,g)228Th"
228Th,245.35,1064.8285756576684,"(n,g)228Th"
228Th,101.78,1036.6589511067684,"(n,g)228Th"
228Th,320.54,895.8407705552369,"(n,g)228Th"
228Th,97.13,544.633640975064,"(n,g)228Th"
228Th,154.73,498.5148634338558,"(n,g)228Th"
228Th,54.69,486.302636531932,"(n,g)228Th"
228Th,248.72,447.7322883585828,"(n,g)228Th"
228Th,47.0,442.80320290623473,"(n,g)228Th"
228Th,114.32,435.4661654913192,"(n,g)228Th"
228Th,7.0,387.92692984137943,"(n,g)228Th"
228Th,131.16,383.6170491463789,"(n,g)228Th"
228Th,260.45,348.9733214700588,"(n,g)228Th"
228Th,278.1,331.79308425193045,"(n,g)228Th"
228Th,76.34,323.3966916960596,"(n,g)228Th"
228Th,148.16,294.3174829034431,"(n,g)228Th"
228Th,287.98,283.2448562464249,"(n,g)228Th"
228Th,32.62,280.3566313482746,"(n,g)228Th"
228Th,72.83,264.8717216621104,"(n,g)228Th"
228Th,302.89,229.3405070898628,"(n,g)228Th"
228Th,129.29,229.3405070898628,"(n,g)228Th"
228Th,111.95,217.47800511858787,"(n,g)228Th"
228Th,52.63,197.24905279440864,"(n,g)228Th"
228Th,139.76,179.8592201555146,"(n,g)228Th"
228Th,165.54,165.61152229592693,"(n,g)228Th"
228Th,91.01,144.62862530105082,"(n,g)228Th"
228Th,82.97,140.20376654665887,"(n,g)228Th"
228Th,274.73,117.81598138859371,"(n,g)228Th"
228Th,120.82,94.65089664151778,"(n,g)228Th"
228Th,127.0,93.69993227530118,"(n,g)228Th"
228Th,69.0,84.90770379621299,"(n,g)228Th"
228Th,174.19,64.68893182104237,"(n,g)228Th"
228Th,125.41,53.94332791638393,"(n,g)228Th"
228Th,123.89,40.42963322031745,"(n,g)228Th"
228Th,170.82,38.52405153912235,"(n,g)228Th"
228Th,70.3,37.59452579022978,"(n,g)228Th"
228Th,25.31,29.66745331209673,"(n,g)228Th"
228Th,103.38,28.36885996943887,"(n,g)228Th"
228Th,66.13,21.775706645023583,"(n,g)228Th"
228Th,169.01,18.124973606127966,"(n,g)228Th"
228Th,31.18,16.981061683995133,"(n,g)228Th"
228Th,156.01,16.423058789511114,"(n,g)228Th"
228Th,100.01,14.500709474654757,"(n,g)228Th"
228Th,63.76,14.35201649472303,"(n,g)228Th"
228Th,172.38,9.954165607406877,"(n,g)228Th"
228Th,173.6,9.539585865132475,"(n,g)228Th"
228Th,37.85,9.370711840401315,"(n,g)228Th"
228Th,223.41,9.291544655757843,"(n,g)228Th"
228Th,67.94,7.780661094067369,"(n,g)228Th"
228Th,153.27,3.43656783911324,"(n,g)228Th"
228Th,119.0,0.24557516953830852,"(n,g)228Th"
228Th,72.0,0.0046317108705217856,"(n,g)228Th"
228Th,88.45,0.00033364357227966707,"(n,g)228Th"
228Th,86.64,0.00010011055793043258,"(n,g)228Th"
228Th,255.94,7.359673720358134e-06,"(n,g)228Th"
228Th,226.75,1.6928183753556263e-06,"(n,g)228Th"
229Pa,60.0,204705.04057183996,"(n,g)229Pa"
229Th,53.2,64120.031355056926,"(n,g)229Th"
229Th,120.9,34290.080240274634,"(n,g)229Th"
229Th,182.5,5828.858228526526,"(n,g)229Th"
229Th,518.57,3260.5334302036586,"(n,g)229Th"
229Th,397.67,3162.8998389724,"(n,g)229Th"
229Th,454.96,2396.228372908255,"(n,g)229Th"
229Th,677.6,1455.2759498738744,"(n,g)229Th"
229Th,508.16,1437.7363657535207,"(n,g)229Th"
229Th,512.6,1313.0798888822055,"(n,g)229Th"
229Th,624.4,1193.5475202908342,"(n,g)229Th"
229Th,503.5,1149.8610016248276,"(n,g)229Th"
229Th,330.1,722.2278460062147,"(n,g)229Th"
229Th,581.7,713.7356440815886,"(n,g)229Th"
229Th,114.93,249.5013449146242,"(n,g)229Th"
229Th,237.5,152.1260153205896,"(n,g)229Th"
230Pa,9.21,75841.30260412,"(n,g)230Pa"
230Pa,42.84,41303.52942012,"(n,g)230Pa"
230Pa,10.24,37402.95687858,"(n,g)230Pa"
230Pa,89.95,25463.605976180002,"(n,g)230Pa"
230Pa,25.64,18560.277378329403,"(n,g)230Pa"
230Pa,115.82,12111.7252810534,"(n,g)230Pa"
230Pa,53.76,10371.287617189999,"(n,g)230Pa"
230Pa,84.22,8665.408196096,"(n,g)230Pa"
230Pa,22.35,7862.163056286,"(n,g)230Pa"
230Pa,110.03,6857.96241399,"(n,g)230Pa"
230Pa,56.68,6696.550428754001,"(n,g)230Pa"
230Pa,217.94,6617.5006116819995,"(n,g)230Pa"
230Pa,72.75,6441.108611676001,"(n,g)230Pa"
230Pa,308.74,4884.861859856,"(n,g)230Pa"
230Pa,233.82,4566.727285312,"(n,g)230Pa"
230Pa,267.62,4429.115845282,"(n,g)230Pa"
230Pa,273.8,4266.5687284919995,"(n,g)230Pa"
230Pa,311.5,3927.704046552,"(n,g)230Pa"
230Pa,240.26,3907.6810702880002,"(n,g)230Pa"
230Pa,252.93,3654.360646606,"(n,g)230Pa"
230Pa,70.09,3344.227819082,"(n,g)230Pa"
230Pa,59.85,3344.227819082,"(n,g)230Pa"
230Pa,249.57,2789.967272592,"(n,g)230Pa"
230Pa,77.25,2622.4330204499997,"(n,g)230Pa"
230Pa,68.0,2564.5971373380003,"(n,g)230Pa"
230Pa,250.43,2347.2659665319998,"(n,g)230Pa"
230Pa,134.02,2124.5568773800005,"(n,g)230Pa"
230Pa,116.83,1890.756994684,"(n,g)230Pa"
230Pa,81.23,1831.6240842062,"(n,g)230Pa"
230Pa,235.99,1542.13036746674,"(n,g)230Pa"
230Pa,264.59,1536.2835095279402,"(n,g)230Pa"
230Pa,106.59,1486.9797217849398,"(n,g)230Pa"
230Pa,58.57,1435.57687110274,"(n,g)230Pa"
230Pa,171.53,1365.50575853574,"(n,g)230Pa"
230Pa,102.27,1319.90510487874,"(n,g)230Pa"
230Pa,317.95,1269.91651646054,"(n,g)230Pa"
230Pa,163.1,1126.85067627,"(n,g)230Pa"
230Pa,82.09,847.8818620818,"(n,g)230Pa"
230Pa,136.71,727.9021785668,"(n,g)230Pa"
230Pa,158.0,707.4251496812001,"(n,g)230Pa"
230Pa,68.48,676.5086322415999,"(n,g)230Pa"
230Pa,135.67,575.8559590870001,"(n,g)230Pa"
230Pa,311.0,516.103378433,"(n,g)230Pa"
230Pa,77.68,487.13705422059996,"(n,g)230Pa"
230Pa,174.16,455.6101709618,"(n,g)230Pa"
230Pa,99.28,267.39605495160004,"(n,g)230Pa"
230Pa,351.84,234.7265966532,"(n,g)230Pa"
230Pa,145.91,232.03949835159997,"(n,g)230Pa"
230Pa,160.1,206.6832646552,"(n,g)230Pa"
230Pa,63.82,169.037668754774,"(n,g)230Pa"
230Pa,129.2,152.300060947474,"(n,g)230Pa"
230Pa,111.8,152.300060947474,"(n,g)230Pa"
230Pa,93.06,141.200521307894,"(n,g)230Pa"
230Pa,242.52,138.921884278594,"(n,g)230Pa"
230Pa,274.15,119.539606037614,"(n,g)230Pa"
230Pa,124.93,118.503845016374,"(n,g)230Pa"
230Pa,164.96,87.59270549511999,"(n,g)230Pa"
230Pa,267.29,74.28282280662,"(n,g)230Pa"
230Pa,183.5,67.4035534151,"(n,g)230Pa"
230Pa,18.05,65.99524593958,"(n,g)230Pa"
230Pa,140.56,61.61307987972,"(n,g)230Pa"
230Pa,44.08,61.61307987972,"(n,g)230Pa"
230Pa,127.9,56.98713966646,"(n,g)230Pa"
230Pa,145.05,41.69859241834,"(n,g)230Pa"
230Pa,162.6,36.23339920368,"(n,g)230Pa"
230Pa,125.1,36.23339920368,"(n,g)230Pa"
230Pa,139.8,35.33459831748,"(n,g)230Pa"
230Pa,189.58,34.1339640902,"(n,g)230Pa"
230Pa,196.12,34.1339640902,"(n,g)230Pa"
230Pa,115.59,26.991753569859995,"(n,g)230Pa"
230Pa,182.9,24.75833571558,"(n,g)230Pa"
230Pa,320.21,24.487578926879998,"(n,g)230Pa"
230Pa,188.75,24.234872590760002,"(n,g)230Pa"
230Pa,105.81,15.9345133980734,"(n,g)230Pa"
230Pa,169.64,9.691920686478001,"(n,g)230Pa"
230Pa,88.4,0.07538576128539999,"(n,g)230Pa"
230Pa,68.2,0.07538576128539999,"(n,g)230Pa"
230Th,41.95,5756.33936962099,"(n,g)230Th"
230Th,221.4,3467.19422340334,"(n,g)230Th"
230Th,272.18,2342.339809159264,"(n,g)230Th"
230Th,247.58,2232.299113162113,"(n,g)230Th"
230Th,185.71,2100.200318707577,"(n,g)230Th"
230Th,240.88,1310.2684255018112,"(n,g)230Th"
230Th,275.13,1016.094304356777,"(n,g)230Th"
230Th,198.93,851.5317668697617,"(n,g)230Th"
230Th,96.13,752.6873750083646,"(n,g)230Th"
230Th,301.74,727.8109227598968,"(n,g)230Th"
230Th,163.36,458.0004112197275,"(n,g)230Th"
230Th,205.31,453.3856962839606,"(n,g)230Th"
230Th,143.76,402.4229088878854,"(n,g)230Th"
230Th,80.35,371.1180034257664,"(n,g)230Th"
230Th,233.47,358.38382300169815,"(n,g)230Th"
230Th,54.18,263.49707322689414,"(n,g)230Th"
230Th,259.79,261.9744019301313,"(n,g)230Th"
230Th,202.11,215.20384791886673,"(n,g)230Th"
230Th,76.2,203.192990664302,"(n,g)230Th"
230Th,309.56,161.7800240331592,"(n,g)230Th"
230Th,179.3,143.32985285669247,"(n,g)230Th"
230Th,136.7,141.95923147544096,"(n,g)230Th"
230Th,109.18,137.3901315143275,"(n,g)230Th"
230Th,194.94,136.40180706350426,"(n,g)230Th"
230Th,230.23,128.81777449196747,"(n,g)230Th"
230Th,255.38,127.81207290794298,"(n,g)230Th"
230Th,172.27,117.84520094617966,"(n,g)230Th"
230Th,351.51,103.55490910464431,"(n,g)230Th"
230Th,275.42,89.58119604791169,"(n,g)230Th"
230Th,119.99,85.95176456465782,"(n,g)230Th"
230Th,281.45,85.17565835305534,"(n,g)230Th"
230Th,228.78,69.49942067092657,"(n,g)230Th"
230Th,182.52,68.85472902915882,"(n,g)230Th"
230Th,140.76,47.73150947729582,"(n,g)230Th"
230Th,317.08,46.740795670657434,"(n,g)230Th"
230Th,282.96,43.086710379674244,"(n,g)230Th"
230Th,72.49,15.175667638849172,"(n,g)230Th"
230Th,150.93,15.063585129700868,"(n,g)230Th"
230Th,74.95,13.640180706350428,"(n,g)230Th"
230Th,289.56,9.430375781660903,"(n,g)230Th"
230Th,115.86,9.105412530088579,"(n,g)230Th"
230Th,291.7,8.178114398926636,"(n,g)230Th"
230Th,387.83,7.530186266100141,"(n,g)230Th"
230Th,345.88,7.530186266100141,"(n,g)230Th"
230Th,51.18,4.091847858448363,"(n,g)230Th"
230Th,40.91,3.7932218243842417,"(n,g)230Th"
230Th,31.58,2.7272215881512754,"(n,g)230Th"
230Th,172.06,2.518152954323288,"(n,g)230Th"
230Th,343.74,2.169100651850681,"(n,g)230Th"
230U,40.0,87493.53744975998,"(n,g)230U"
230U,45.1,36914.48896799999,"(n,g)230U"
230U,57.99,8109.106485439998,"(n,g)230U"
230U,103.09,6621.374393759999,"(n,g)230U"
230U,70.87,1898.7735606719998,"(n,g)230U"
231Th,49.37,1439776.1705807997,"(n,g)231Th"
231Th,112.75,754948.30310406,"(n,g)231Th"
231Th,171.08,167036.36156882995,"(n,g)231Th"
231Th,612.28,82182.17579298088,"(n,g)231Th"
231Th,780.23,65511.69141843299,"(n,g)231Th"
231Th,774.1,58573.03521236699,"(n,g)231Th"
231Th,664.88,47383.73960357699,"(n,g)231Th"
231Th,735.93,46631.38262078399,"(n,g)231Th"
231Th,727.98,45191.861393873995,"(n,g)231Th"
231Th,550.4,34157.26196247299,"(n,g)231Th"
231Th,1023.53,32034.309595196995,"(n,g)231Th"
231Th,539.8,32004.808970432998,"(n,g)231Th"
231Th,823.63,26569.136755043997,"(n,g)231Th"
231Th,785.3,26108.599224005997,"(n,g)231Th"
231Th,611.98,25189.982547327,"(n,g)231Th"
231Th,981.18,24359.230385762996,"(n,g)231Th"
231Th,1056.33,21518.702636495997,"(n,g)231Th"
231Th,1045.03,20441.565627366,"(n,g)231Th"
231Th,1072.43,19819.138865369998,"(n,g)231Th"
231Th,1077.5,19503.737124065996,"(n,g)231Th"
231Th,798.28,19007.234325182995,"(n,g)231Th"
231Th,1004.23,18946.958357301,"(n,g)231Th"
231Th,986.18,16588.092043224,"(n,g)231Th"
231Th,667.48,16377.945617435998,"(n,g)231Th"
231Th,932.28,16146.128979629999,"(n,g)231Th"
231Th,1053.6,14965.648732514997,"(n,g)231Th"
231Th,680.98,13918.740758636997,"(n,g)231Th"
231Th,223.7,10595.823163691997,"(n,g)231Th"
231Th,627.2,9883.528757738999,"(n,g)231Th"
231Th,331.6,9470.428959731998,"(n,g)231Th"
231Th,840.73,8132.3106673695875,"(n,g)231Th"
231Th,815.1,7795.393501276289,"(n,g)231Th"
231Th,714.25,7579.429807228498,"(n,g)231Th"
231Th,959.68,6936.562025912999,"(n,g)231Th"
231Th,725.03,6574.396331279399,"(n,g)231Th"
231Th,860.98,5451.132727996799,"(n,g)231Th"
231Th,1029.33,5409.677066098499,"(n,g)231Th"
231Th,887.78,5117.0745730689,"(n,g)231Th"
231Th,466.2,3216.5969790902996,"(n,g)231Th"
231Th,943.58,2797.5333202128,"(n,g)231Th"
231Th,493.0,2711.9815083972,"(n,g)231Th"
231Th,556.9,2259.5930696937,"(n,g)231Th"
231Th,486.0,2221.6428832689,"(n,g)231Th"
231Th,812.8,1574.5503211229998,"(n,g)231Th"
231Th,724.73,1054.2467095445998,"(n,g)231Th"
231Th,1121.8,990.820366302,"(n,g)231Th"
231Th,721.48,614.78118341133,"(n,g)231Th"
231Th,623.18,373.0217424441299,"(n,g)231Th"
231Th,709.7,13.329820879088999,"(n,g)231Th"
231Th,270.1,11.298830335922997,"(n,g)231Th"
231Th,310.1,0.005440388673298799,"(n,g)231Th"
231U,47.57,17840.444937919998,"(n,g)231U"
231U,109.0,9097.597384095998,"(n,g)231U"
231U,166.03,1763.6370685119998,"(n,g)231U"
231U,581.4,1075.1787756607998,"(n,g)231U"
231U,676.5,921.3458165535998,"(n,g)231U"
231U,472.4,741.9222402656,"(n,g)231U"
231U,863.85,720.4241942143999,"(n,g)231U"
231U,515.62,654.3353583103999,"(n,g)231U"
231U,686.99,563.7451685184,"(n,g)231U"
231U,734.56,563.7451685184,"(n,g)231U"
231U,814.11,493.8225873663999,"(n,g)231U"
231U,819.22,481.8134284543999,"(n,g)231U"
231U,563.19,438.4090747232,"(n,g)231U"
231U,424.3,373.9333756511999,"(n,g)231U"
231U,590.33,373.9333756511999,"(n,g)231U"
231U,866.79,366.1256123871999,"(n,g)231U"
231U,969.28,309.00065885119994,"(n,g)231U"
231U,643.64,206.62981901119994,"(n,g)231U"
231U,754.85,172.89082461119997,"(n,g)231U"
231U,662.2,151.16664528319998,"(n,g)231U"
231U,923.11,123.45587308799998,"(n,g)231U"
231U,150.06,80.35472346975999,"(n,g)231U"
231U,218.4,79.93379204255997,"(n,g)231U"
231U,453.66,63.95264001984,"(n,g)231U"
231U,387.88,51.601962167039986,"(n,g)231U"
231U,592.5,29.219733872319996,"(n,g)231U"
231U,374.1,29.219733872319996,"(n,g)231U"
231U,105.43,12.361085187199997,"(n,g)231U"
231U,710.22,12.0409465312,"(n,g)231U"
231U,132.23,8.189953388895999,"(n,g)231U"
231U,175.58,6.263577284863999,"(n,g)231U"
231U,911.42,4.322732723552,"(n,g)231U"
231U,176.86,1.4412121926399997,"(n,g)231U"
231U,264.8,0.33781879405119997,"(n,g)231U"
231U,1016.85,0.10198274807775998,"(n,g)231U"
231U,282.29,0.07104116597823998,"(n,g)231U"
232Pa,94.65,66452.82562555782,"(n,g)232Pa"
232Pa,5.44,61708.135745503925,"(n,g)232Pa"
232Pa,46.54,59590.151355350754,"(n,g)232Pa"
232Pa,17.17,59590.151355350754,"(n,g)232Pa"
232Pa,29.37,24842.904829300882,"(n,g)232Pa"
232Pa,86.47,20613.354990619624,"(n,g)232Pa"
232Pa,108.46,20571.751725813043,"(n,g)232Pa"
232Pa,24.13,17316.602552742497,"(n,g)232Pa"
232Pa,58.11,16762.362900143187,"(n,g)232Pa"
232Pa,238.9,16762.362900143187,"(n,g)232Pa"
232Pa,87.98,15487.071016529959,"(n,g)232Pa"
232Pa,59.0,13977.072263645241,"(n,g)232Pa"
232Pa,194.96,12725.40528136584,"(n,g)232Pa"
232Pa,170.72,10570.798298953352,"(n,g)232Pa"
232Pa,169.17,10225.666989501584,"(n,g)232Pa"
232Pa,193.25,8196.908551398375,"(n,g)232Pa"
232Pa,48.9,8046.609432766154,"(n,g)232Pa"
232Pa,219.63,7977.4926131931215,"(n,g)232Pa"
232Pa,48.92,7977.4926131931215,"(n,g)232Pa"
232Pa,249.0,7977.4926131931215,"(n,g)232Pa"
232Pa,54.44,7579.225251699658,"(n,g)232Pa"
232Pa,106.41,7579.225251699658,"(n,g)232Pa"
232Pa,214.03,6609.725354798557,"(n,g)232Pa"
232Pa,131.09,5853.302358315283,"(n,g)232Pa"
232Pa,257.18,5498.555953732158,"(n,g)232Pa"
232Pa,153.55,5390.419426770112,"(n,g)232Pa"
232Pa,162.5,4499.038848484697,"(n,g)232Pa"
232Pa,39.8,4481.752984938302,"(n,g)232Pa"
232Pa,191.43,3701.6518178960955,"(n,g)232Pa"
232Pa,143.24,3588.4547145491265,"(n,g)232Pa"
232Pa,140.08,3362.380123205815,"(n,g)232Pa"
232Pa,199.96,3362.380123205815,"(n,g)232Pa"
232Pa,194.52,3362.380123205815,"(n,g)232Pa"
232Pa,170.65,3360.88858490289,"(n,g)232Pa"
232Pa,201.63,3054.0045790761196,"(n,g)232Pa"
232Pa,176.08,3033.0964082226205,"(n,g)232Pa"
232Pa,196.86,2908.100171515014,"(n,g)232Pa"
232Pa,186.64,2748.6653807773773,"(n,g)232Pa"
232Pa,209.18,2705.277596929798,"(n,g)232Pa"
232Pa,229.96,2048.4043946678557,"(n,g)232Pa"
232Pa,151.42,1937.7429064358587,"(n,g)232Pa"
232Pa,117.7,1550.9364187236174,"(n,g)232Pa"
232Pa,151.8,1537.0970740414796,"(n,g)232Pa"
232Pa,74.52,1533.932882070275,"(n,g)232Pa"
232Pa,212.34,1504.4377121299376,"(n,g)232Pa"
232Pa,57.1,1346.885722153618,"(n,g)232Pa"
232Pa,155.24,884.0081175309577,"(n,g)232Pa"
232Pa,62.61,859.3631105363812,"(n,g)232Pa"
232Pa,63.87,841.8854777796092,"(n,g)232Pa"
232Pa,70.54,841.8854777796092,"(n,g)232Pa"
232Pa,108.71,651.5199114850699,"(n,g)232Pa"
232Pa,134.26,559.6890943274983,"(n,g)232Pa"
232Pa,237.89,527.5118189031517,"(n,g)232Pa"
232Pa,160.29,506.7847634150079,"(n,g)232Pa"
232Pa,250.51,359.567269455078,"(n,g)232Pa"
232Pa,222.62,327.80549398654614,"(n,g)232Pa"
232Pa,115.17,178.17093557211416,"(n,g)232Pa"
232Pa,180.79,168.6687711979813,"(n,g)232Pa"
232Pa,6.67,45.918072040041075,"(n,g)232Pa"
232U,40.35,20145.58440356791,"(n,g)232U"
232U,311.9,16572.976003931937,"(n,g)232U"
232U,298.81,5420.832846411497,"(n,g)232U"
232U,86.59,5213.312396112777,"(n,g)232U"
232U,300.13,4454.533803825957,"(n,g)232U"
232U,92.16,4012.986948457781,"(n,g)232U"
232U,456.11,3719.9610627967113,"(n,g)232U"
232U,398.5,3717.003786851216,"(n,g)232U"
232U,156.65,3396.033468984193,"(n,g)232U"
232U,173.5,3065.8408313167724,"(n,g)232U"
232U,340.48,2988.5317965687886,"(n,g)232U"
232U,415.76,2556.6380740399836,"(n,g)232U"
232U,75.28,1940.3089083771108,"(n,g)232U"
232U,288.27,1500.4195879215952,"(n,g)232U"
232U,280.48,1392.866017454495,"(n,g)232U"
232U,290.07,1264.8816862577744,"(n,g)232U"
232U,103.85,1260.3910079701702,"(n,g)232U"
232U,258.46,1208.5328011432348,"(n,g)232U"
232U,546.54,1123.8013688678534,"(n,g)232U"
232U,375.41,1001.9542979975251,"(n,g)232U"
232U,51.81,843.0025414061222,"(n,g)232U"
232U,320.83,640.6920081126153,"(n,g)232U"
232U,234.64,618.2386166745941,"(n,g)232U"
232U,506.19,618.2386166745941,"(n,g)232U"
232U,238.26,569.1295811895823,"(n,g)232U"
232U,228.67,529.2136578413083,"(n,g)232U"
232U,503.62,470.5573672976906,"(n,g)232U"
232U,339.84,389.3710151989464,"(n,g)232U"
232U,330.42,379.41850380706904,"(n,g)232U"
232U,380.43,345.1144679351173,"(n,g)232U"
232U,313.44,270.7156117749788,"(n,g)232U"
232U,463.27,230.58355171562656,"(n,g)232U"
232U,204.81,216.49961629915333,"(n,g)232U"
232U,63.07,178.8527633214045,"(n,g)232U"
232U,114.88,178.8527633214045,"(n,g)232U"
232U,261.63,175.94441021253817,"(n,g)232U"
232U,247.73,160.72575706290445,"(n,g)232U"
232U,225.71,142.74588441008774,"(n,g)232U"
232U,271.55,139.0412573707121,"(n,g)232U"
232U,411.46,117.69374109798794,"(n,g)232U"
232U,521.25,116.71491926960852,"(n,g)232U"
232U,305.4,79.85083167792664,"(n,g)232U"
232U,240.77,73.52956307048112,"(n,g)232U"
232U,198.56,70.36746838357541,"(n,g)232U"
232U,182.79,56.46681105656373,"(n,g)232U"
232U,28.57,47.659605175923325,"(n,g)232U"
232U,341.77,43.743952766609866,"(n,g)232U"
232U,248.32,40.93308023520622,"(n,g)232U"
232U,419.77,30.327047368953934,"(n,g)232U"
232U,137.31,21.606989854756712,"(n,g)232U"
232U,261.59,11.298291004555237,"(n,g)232U"
232U,41.67,9.350943049236257,"(n,g)232U"
232U,301.94,7.569932738456501,"(n,g)232U"
232U,17.26,5.879794771236478,"(n,g)232U"
232U,74.24,4.969866519513224,"(n,g)232U"
232U,58.02,2.3985114339469535,"(n,g)232U"
232U,159.37,1.7853987622445515,"(n,g)232U"
232U,207.4,0.5155992356181569,"(n,g)232U"
232U,85.13,0.4820615358214637,"(n,g)232U"
232U,181.7,0.12279558974766125,"(n,g)232U"
232U,13.83,0.078405782518387,"(n,g)232U"
232U,96.57,0.04298747427783622,"(n,g)232U"
232U,202.95,0.0015455892397705706,"(n,g)232U"
232U,106.38,0.00012364370728116568,"(n,g)232U"
233Th,49.55,1026653.0269613999,"(n,g)233Th"
233Th,113.45,238576.77505017002,"(n,g)233Th"
233Th,173.5,10347.124038714002,"(n,g)233Th"
233Th,228.3,270.87193823268,"(n,g)233Th"
234Np,49.1,38529.526122054,"(n,g)234Np"
234Np,34.23,36097.031888874,"(n,g)234Np"
234Np,57.37,12946.90713228,"(n,g)234Np"
234Np,44.87,8400.65243292,"(n,g)234Np"
234Np,67.7,3037.2105567474,"(n,g)234Np"
234Np,53.9,1060.640706708,"(n,g)234Np"
234Np,67.0,132.82425594900002,"(n,g)234Np"
235Np,60.0,119453.96841999998,"(n,g)235Np"
235Np,16.0,90821.93694959997,"(n,g)235Np"
235Np,24.0,47062.83952779999,"(n,g)235Np"
235Np,32.0,15320.021377999998,"(n,g)235Np"
235Np,56.0,6495.656572179999,"(n,g)235Np"
235Np,64.0,449.50439635799995,"(n,g)235Np"
236Np,33.2,72529.04942067001,"(n,g)236Np"
236Np,42.72,46142.00920244208,"(n,g)236Np"
236Np,59.54,33381.69293926437,"(n,g)236Np"
236Np,115.54,24103.15496696576,"(n,g)236Np"
236Np,43.42,21074.78169419628,"(n,g)236Np"
236Np,96.8,14657.943700288095,"(n,g)236Np"
236Np,54.08,14657.943700288095,"(n,g)236Np"
236Np,139.9,12572.431528417417,"(n,g)236Np"
236Np,98.97,11254.723194536353,"(n,g)236Np"
236Np,123.0,11123.933285466272,"(n,g)236Np"
236Np,55.55,10016.746401376859,"(n,g)236Np"
236Np,146.55,9138.944896271893,"(n,g)236Np"
236Np,157.04,6864.123553387656,"(n,g)236Np"
236Np,102.96,5627.479811224452,"(n,g)236Np"
236Np,169.56,5580.462515707463,"(n,g)236Np"
236Np,75.92,5075.671316079809,"(n,g)236Np"
236Np,67.45,4671.941311511237,"(n,g)236Np"
236Np,125.31,2262.4809796047343,"(n,g)236Np"
236Np,26.34,2239.9364882272057,"(n,g)236Np"
236Np,316.8,1999.3836631606187,"(n,g)236Np"
236Np,221.46,1032.3431970209135,"(n,g)236Np"
236Np,69.76,842.8822761769595,"(n,g)236Np"
236Np,150.04,823.1984787015977,"(n,g)236Np"
236Np,165.91,564.7416888389109,"(n,g)236Np"
236Np,300.16,533.1173595432477,"(n,g)236Np"
236Np,175.06,356.4427452649147,"(n,g)236Np"
236Np,335.39,354.2344079540776,"(n,g)236Np"
236Np,208.0,221.23196958889463,"(n,g)236Np"
236Np,264.88,218.84924573263072,"(n,g)236Np"
236Np,368.59,154.80159494038276,"(n,g)236Np"
236Np,370.93,120.46337503151547,"(n,g)236Np"
236Np,204.06,93.73612175430327,"(n,g)236Np"
236Np,291.22,75.36869956182618,"(n,g)236Np"
236Np,221.81,53.40504952406516,"(n,g)236Np"
236Np,164.58,19.0268297013406,"(n,g)236Np"
236Np,64.82,17.89164036236054,"(n,g)236Np"
236Np,51.01,16.71067455520595,"(n,g)236Np"
236Np,248.5,13.420469945240407,"(n,g)236Np"
236Np,13.81,11.43053501461325,"(n,g)236Np"
236Np,292.67,10.132864365519206,"(n,g)236Np"
236Np,337.73,9.998217830925263,"(n,g)236Np"
236Np,267.54,7.4322380289265535,"(n,g)236Np"
236Np,332.36,4.759285495658165,"(n,g)236Np"
236Np,309.05,0.9919576206112612,"(n,g)236Np"
236Np,234.34,0.2145876745287639,"(n,g)236Np"
236Pu,145.54,19125.363689035014,"(n,g)236Pu"
236Pu,9.91,10447.132204427562,"(n,g)236Pu"
236Pu,55.64,2952.8601125202263,"(n,g)236Pu"
236Pu,280.22,2187.8199788184875,"(n,g)236Pu"
236Pu,68.8,1562.093471744088,"(n,g)236Pu"
236Pu,47.71,1503.288961704686,"(n,g)236Pu"
236Pu,45.73,1358.517200764789,"(n,g)236Pu"
236Pu,435.55,1290.3155991828728,"(n,g)236Pu"
236Pu,224.86,1225.3326177549056,"(n,g)236Pu"
236Pu,214.95,1225.3326177549056,"(n,g)236Pu"
236Pu,399.46,1190.3944523710504,"(n,g)236Pu"
236Pu,380.82,845.6732558448404,"(n,g)236Pu"
236Pu,655.3,673.8027193946967,"(n,g)236Pu"
236Pu,248.74,664.7414459441258,"(n,g)236Pu"
236Pu,407.83,595.391230187126,"(n,g)236Pu"
236Pu,203.01,471.9860770668609,"(n,g)236Pu"
236Pu,320.97,447.4786251448772,"(n,g)236Pu"
236Pu,438.41,444.39956575641116,"(n,g)236Pu"
236Pu,206.65,309.6549550648644,"(n,g)236Pu"
236Pu,473.5,288.6801350191662,"(n,g)236Pu"
236Pu,179.94,272.5346989623652,"(n,g)236Pu"
236Pu,252.38,256.053444813621,"(n,g)236Pu"
236Pu,273.26,241.6801397268579,"(n,g)236Pu"
236Pu,655.0,229.7883995013373,"(n,g)236Pu"
236Pu,691.0,216.956077866781,"(n,g)236Pu"
236Pu,256.29,192.34831664460648,"(n,g)236Pu"
236Pu,183.58,178.67572290120532,"(n,g)236Pu"
236Pu,228.95,170.17996130243486,"(n,g)236Pu"
236Pu,252.02,170.17996130243486,"(n,g)236Pu"
236Pu,323.29,150.63709286090995,"(n,g)236Pu"
236Pu,425.79,129.90207019298674,"(n,g)236Pu"
236Pu,648.49,120.44755521050836,"(n,g)236Pu"
236Pu,453.2,114.01349863257298,"(n,g)236Pu"
236Pu,127.61,101.2252258646222,"(n,g)236Pu"
236Pu,438.29,97.56393640765722,"(n,g)236Pu"
236Pu,696.2,92.73397091557045,"(n,g)236Pu"
236Pu,465.29,87.93931720466682,"(n,g)236Pu"
236Pu,58.29,75.87356214968472,"(n,g)236Pu"
236Pu,123.97,46.52900678396301,"(n,g)236Pu"
236Pu,390.7,29.329145531199643,"(n,g)236Pu"
236Pu,124.77,12.90815691925853,"(n,g)236Pu"
236Pu,79.04,9.188859611623762,"(n,g)236Pu"
236Pu,40.75,8.949585586719309,"(n,g)236Pu"
236Pu,69.0,8.313755461727139,"(n,g)236Pu"
236Pu,193.28,6.064078081124311,"(n,g)236Pu"
236Pu,635.0,5.688993986309327,"(n,g)236Pu"
236Pu,158.19,3.5552974168546694,"(n,g)236Pu"
236Pu,82.0,0.7224309236176387,"(n,g)236Pu"
236Pu,541.0,0.568063487796009,"(n,g)236Pu"
236Pu,500.0,6.457941821444586e-05,"(n,g)236Pu"
237Pu,44.08,189934.75095999998,"(n,g)237Pu"
237Pu,101.88,126545.06463999998,"(n,g)237Pu"
237Pu,157.43,33566.612618,"(n,g)237Pu"
237Pu,617.29,14711.730704,"(n,g)237Pu"
237Pu,617.32,10453.230837139998,"(n,g)237Pu"
237Pu,936.61,8924.664022139998,"(n,g)237Pu"
237Pu,974.52,6873.848105939999,"(n,g)237Pu"
237Pu,515.45,5643.53194414,"(n,g)237Pu"
237Pu,979.81,5257.837545339999,"(n,g)237Pu"
237Pu,1025.87,4664.90943594,"(n,g)237Pu"
237Pu,941.37,3440.9418493999992,"(n,g)237Pu"
237Pu,924.12,3171.8976883999994,"(n,g)237Pu"
237Pu,119.9,3104.8270233999997,"(n,g)237Pu"
237Pu,210.2,2905.7120849999997,"(n,g)237Pu"
237Pu,984.47,2342.5059453999997,"(n,g)237Pu"
237Pu,561.06,2199.0977339999995,"(n,g)237Pu"
237Pu,983.09,2162.3933857999996,"(n,g)237Pu"
237Pu,1028.54,1700.4551637999998,"(n,g)237Pu"
237Pu,605.14,1554.9147495999998,"(n,g)237Pu"
237Pu,923.99,1399.7091303999998,"(n,g)237Pu"
237Pu,1130.32,1265.5092233999999,"(n,g)237Pu"
237Pu,1174.4,1050.578612154,"(n,g)237Pu"
237Pu,948.62,1025.4971122939999,"(n,g)237Pu"
237Pu,1081.68,999.2581309139999,"(n,g)237Pu"
237Pu,939.01,778.4626732739998,"(n,g)237Pu"
237Pu,962.78,756.8735341539999,"(n,g)237Pu"
237Pu,837.14,756.743493214,"(n,g)237Pu"
237Pu,173.92,729.7195800339999,"(n,g)237Pu"
237Pu,968.2,729.575480614,"(n,g)237Pu"
237Pu,918.7,624.434451774,"(n,g)237Pu"
237Pu,421.16,519.3918322939999,"(n,g)237Pu"
237Pu,459.86,500.178576294,"(n,g)237Pu"
237Pu,897.38,257.28658555999993,"(n,g)237Pu"
237Pu,319.32,195.48082131999996,"(n,g)237Pu"
237Pu,1134.0,157.11522939999998,"(n,g)237Pu"
237Pu,114.36,134.78333391999996,"(n,g)237Pu"
237Pu,1184.57,121.14660831999998,"(n,g)237Pu"
237Pu,324.05,96.70431239939998,"(n,g)237Pu"
237Pu,132.52,80.09679566739999,"(n,g)237Pu"
237Pu,377.95,80.0181853334,"(n,g)237Pu"
237Pu,882.59,75.40641812339999,"(n,g)237Pu"
237Pu,380.31,70.86834077939999,"(n,g)237Pu"
237Pu,357.64,58.27580878139999,"(n,g)237Pu"
237Pu,259.9,36.2376183794,"(n,g)237Pu"
237Pu,321.69,32.437833827999995,"(n,g)237Pu"
237Pu,301.38,12.713786387999997,"(n,g)237Pu"
237Pu,336.32,7.976700715739998,"(n,g)237Pu"
237Pu,306.62,0.0467341481634,"(n,g)237Pu"
238Np,31.13,127584.55520062044,"(n,g)238Np"
238Np,71.21,75455.9189586089,"(n,g)238Np"
238Np,74.66,62809.19456256667,"(n,g)238Np"
238Np,220.2,38059.982984878945,"(n,g)238Np"
238Np,258.3,30167.573256314234,"(n,g)238Np"
238Np,117.84,27859.9007540927,"(n,g)238Np"
238Np,260.8,27575.65564924734,"(n,g)238Np"
238Np,325.0,24330.847408866688,"(n,g)238Np"
238Np,235.87,23883.30446140747,"(n,g)238Np"
238Np,51.29,21214.50485925868,"(n,g)238Np"
238Np,284.37,19614.17096478587,"(n,g)238Np"
238Np,141.89,17341.13173984413,"(n,g)238Np"
238Np,50.7,17222.995399767187,"(n,g)238Np"
238Np,86.71,12534.77014446573,"(n,g)238Np"
238Np,275.79,10270.510503820407,"(n,g)238Np"
238Np,287.79,9790.54615225221,"(n,g)238Np"
238Np,170.15,7291.371999189465,"(n,g)238Np"
238Np,43.53,5464.393863694476,"(n,g)238Np"
238Np,57.5,4614.520402603073,"(n,g)238Np"
238Np,43.18,3203.6751603620737,"(n,g)238Np"
238Np,298.1,3153.10766517414,"(n,g)238Np"
238Np,186.14,1930.2422963277143,"(n,g)238Np"
238Np,194.9,1797.435319397447,"(n,g)238Np"
238Np,55.18,1508.7785947081095,"(n,g)238Np"
238Np,98.36,1369.9835532397606,"(n,g)238Np"
238Np,231.0,1050.0016598287275,"(n,g)238Np"
238Np,50.52,433.5295667783561,"(n,g)238Np"
23Na,472.2,469.2230416331895,"(n,g)23Na"
23Na,91.0,229.12560079750043,"(n,g)23Na"
23Na,6395.3,101.55024035345829,"(n,g)23Na"
23Na,869.2,100.01904034812871,"(n,g)23Na"
23Na,2517.8,75.01296026109195,"(n,g)23Na"
23Na,874.4,69.9124802433391,"(n,g)23Na"
23Na,3981.3,66.08448023001532,"(n,g)23Na"
23Na,3587.3,59.19408020603237,"(n,g)23Na"
23Na,2752.1,53.581440186496884,"(n,g)23Na"
23Na,2025.1,33.68006411722764,"(n,g)23Na"
23Na,2208.4,27.862560096979102,"(n,g)23Na"
23Na,1636.3,25.770624089697847,"(n,g)23Na"
23Na,2414.5,25.005024087033096,"(n,g)23Na"
23Na,5617.3,23.218800080815953,"(n,g)23Na"
23Na,2030.3,22.555632078507667,"(n,g)23Na"
23Na,3878.0,21.075648073356433,"(n,g)23Na"
23Na,1344.6,20.97374407300171,"(n,g)23Na"
23Na,3096.7,19.340640067317487,"(n,g)23Na"
23Na,2860.4,18.243456063498627,"(n,g)23Na"
23Na,2505.5,17.93721606243271,"(n,g)23Na"
23Na,781.4,17.350608060390954,"(n,g)23Na"
23Na,2808.5,16.993152059146777,"(n,g)23Na"
23Na,3099.9,14.850000051687257,"(n,g)23Na"
23Na,3025.9,14.492544050443081,"(n,g)23Na"
23Na,2865.6,14.288736049733693,"(n,g)23Na"
23Na,3369.9,13.854720048223083,"(n,g)23Na"
23Na,2981.9,13.829376048134867,"(n,g)23Na"
23Na,499.4,12.247488042628909,"(n,g)23Na"
23Na,835.3,10.614384036944685,"(n,g)23Na"
23Na,1950.2,10.053120034991137,"(n,g)23Na"
23Na,563.2,8.675040030194562,"(n,g)23Na"
23Na,2361.1,8.624352030018136,"(n,g)23Na"
23Na,4187.3,7.322832025488028,"(n,g)23Na"
23Na,3643.7,6.76156802353448,"(n,g)23Na"
23Na,3504.8,6.659664023179794,"(n,g)23Na"
23Na,2397.3,6.633792023089741,"(n,g)23Na"
23Na,1899.6,6.353424022113882,"(n,g)23Na"
23Na,1914.5,6.123744021314456,"(n,g)23Na"
23Na,2071.7,6.09840002122624,"(n,g)23Na"
23Na,2904.7,6.09840002122624,"(n,g)23Na"
23Na,1322.3,6.0471840210479755,"(n,g)23Na"
23Na,1373.8,5.664384019715595,"(n,g)23Na"
23Na,1633.1,5.5112640191826445,"(n,g)23Na"
23Na,3214.1,5.306928018471424,"(n,g)23Na"
23Na,2595.4,5.256134418294629,"(n,g)23Na"
23Na,2763.0,5.256134418294629,"(n,g)23Na"
23Na,1282.8,5.1030672177618595,"(n,g)23Na"
23Na,778.2,5.00100481740662,"(n,g)23Na"
23Na,1927.9,5.00100481740662,"(n,g)23Na"
23Na,3116.8,4.822382416784905,"(n,g)23Na"
23Na,1149.8,4.694817616340901,"(n,g)23Na"
23Na,711.8,4.592755215985655,"(n,g)23Na"
23Na,3545.9,4.541697615807943,"(n,g)23Na"
23Na,3413.9,4.388630415275173,"(n,g)23Na"
23Na,886.6,4.05694081412069,"(n,g)23Na"
23Na,3277.4,3.7762560131437297,"(n,g)23Na"
23Na,2027.1,3.7252512129662,"(n,g)23Na"
23Na,3209.4,3.6996960128772547,"(n,g)23Na"
23Na,1899.0,3.5721312124332503,"(n,g)23Na"
23Na,2940.8,3.393508811811529,"(n,g)23Na"
23Na,1885.4,3.265944011367525,"(n,g)23Na"
23Na,2019.8,3.0873216107458097,"(n,g)23Na"
23Na,4055.4,3.061819210657045,"(n,g)23Na"
23Na,1620.3,3.061819210657045,"(n,g)23Na"
23Na,501.4,2.959756810301805,"(n,g)23Na"
23Na,2715.9,2.832192009857801,"(n,g)23Na"
23Na,1337.7,2.8066896097690353,"(n,g)23Na"
23Na,2630.5,2.8015680097512092,"(n,g)23Na"
23Na,3093.5,2.730129609502554,"(n,g)23Na"
23Na,1562.5,2.6025648090585496,"(n,g)23Na"
23Na,5612.1,2.526004808792075,"(n,g)23Na"
23Na,5112.8,2.5158144087566088,"(n,g)23Na"
23Na,5614.1,2.50050240870331,"(n,g)23Na"
23Na,3969.0,2.4750000086145447,"(n,g)23Na"
23Na,2220.3,2.3423136081527143,"(n,g)23Na"
23Na,3409.3,2.3065680080282966,"(n,g)23Na"
23Na,1842.0,2.2963776079928304,"(n,g)23Na"
23Na,1504.9,2.2963776079928304,"(n,g)23Na"
23Na,1005.8,2.2708752079040657,"(n,g)23Na"
23Na,4445.5,2.235129607779648,"(n,g)23Na"
23Na,6486.3,2.1841248076021182,"(n,g)23Na"
23Na,5073.4,2.1075648073356428,"(n,g)23Na"
23Na,2591.5,2.0922528072823443,"(n,g)23Na"
23Na,3703.2,2.0565072071579262,"(n,g)23Na"
23Na,2066.5,1.9901904069271046,"(n,g)23Na"
23Na,793.9,1.9901904069271046,"(n,g)23Na"
23Na,2403.5,1.9646880068383399,"(n,g)23Na"
23Na,4089.5,1.9493760067850476,"(n,g)23Na"
23Na,4496.1,1.9289424067139218,"(n,g)23Na"
23Na,3997.3,1.8575040064652732,"(n,g)23Na"
23Na,1480.4,1.7860656062166251,"(n,g)23Na"
23Na,4730.7,1.6227552056482029,"(n,g)23Na"
23Na,1559.2,1.56150720543502,"(n,g)23Na"
23Na,4890.8,1.4951904052041982,"(n,g)23Na"
23Na,1041.0,1.4798784051508989,"(n,g)23Na"
23Na,1092.3,1.4798784051508989,"(n,g)23Na"
23Na,3723.8,1.474756805133073,"(n,g)23Na"
23Na,1229.3,1.4288736049733695,"(n,g)23Na"
23Na,2849.9,1.408440004902251,"(n,g)23Na"
23Na,4467.0,1.408440004902251,"(n,g)23Na"
240Am,41.18,197012.05026412,"(n,g)240Am"
240Am,52.52,62375.497106104,"(n,g)240Am"
240Am,116.32,32873.392882932,"(n,g)240Am"
240Am,205.88,26741.647826292,"(n,g)240Am"
240Am,194.02,25931.108547092,"(n,g)240Am"
240Am,197.82,25507.501612011998,"(n,g)240Am"
240Am,179.5,19314.580872132,"(n,g)240Am"
240Am,139.98,13548.7557763208,"(n,g)240Am"
240Am,162.3,10004.6481228316,"(n,g)240Am"
240Am,471.81,8670.3864390276,"(n,g)240Am"
240Am,39.32,5301.715851958401,"(n,g)240Am"
240Am,463.28,5146.7734098984,"(n,g)240Am"
240Am,301.5,5092.177579742401,"(n,g)240Am"
240Am,164.71,4277.537834721199,"(n,g)240Am"
240Am,504.45,2470.3742509291997,"(n,g)240Am"
240Am,162.32,1739.9489206372,"(n,g)240Am"
240Am,107.9,1709.1299366372,"(n,g)240Am"
240Am,147.42,1709.1299366372,"(n,g)240Am"
240Am,32.64,849.24992633796,"(n,g)240Am"
240Am,133.3,814.92975166064,"(n,g)240Am"
240Am,430.64,494.18733947744,"(n,g)240Am"
240Am,410.75,360.30181414052,"(n,g)240Am"
240Am,298.57,329.44430641051997,"(n,g)240Am"
240Am,184.5,270.88823681051997,"(n,g)240Am"
240Am,149.8,67.587911870024,"(n,g)240Am"
240Am,211.08,67.587911870024,"(n,g)240Am"
240Am,265.93,48.552705087852,"(n,g)240Am"
240Am,205.87,25.734021144412,"(n,g)240Am"
240Am,98.36,12.4619705340368,"(n,g)240Am"
240Am,76.82,8.4853646685836,"(n,g)240Am"
240Am,107.49,3.3439691713932,"(n,g)240Am"
240Cm,5.5,30384.393731999993,"(n,g)240Cm"
240Cm,57.1,10062.679944404998,"(n,g)240Cm"
240Cm,51.6,10062.679944404998,"(n,g)240Cm"
240Cm,75.5,4537.720149599999,"(n,g)240Cm"
240Cm,23.9,4537.720149599999,"(n,g)240Cm"
240Cm,105.9,925.9590749804997,"(n,g)240Cm"
240Cm,82.0,925.9590749804997,"(n,g)240Cm"
241Cm,42.13,158517.16480600002,"(n,g)241Cm"
241Cm,94.87,38641.00112158,"(n,g)241Cm"
241Cm,151.0,2027.630348458,"(n,g)241Cm"
242Cm,42.0,6698.686177340676,"(n,g)242Cm"
242Cm,87.4,6642.919986719709,"(n,g)242Cm"
242Cm,6.6,3741.627802452108,"(n,g)242Cm"
242Cm,52.0,1596.2968144488705,"(n,g)242Cm"
242Cm,122.0,1327.4884415699405,"(n,g)242Cm"
242Cm,164.0,1327.4884415699405,"(n,g)242Cm"
242Cm,111.0,1115.0836399899367,"(n,g)242Cm"
242Cm,59.0,1115.0836399899367,"(n,g)242Cm"
242Cm,88.0,723.6903354171976,"(n,g)242Cm"
242Cm,130.0,723.6903354171976,"(n,g)242Cm"
242Cm,186.0,450.2410922106259,"(n,g)242Cm"
242Cm,228.0,450.2410922106259,"(n,g)242Cm"
242Cm,57.0,326.7148693416842,"(n,g)242Cm"
242Cm,32.0,40.44004891036949,"(n,g)242Cm"
242Cm,125.0,40.44004891036949,"(n,g)242Cm"
242Pu,287.4,15629.567886408358,"(n,g)242Pu"
242Pu,104.6,4858.981143856048,"(n,g)242Pu"
242Pu,96.2,4256.570141842784,"(n,g)242Pu"
242Pu,159.4,2263.3054106916256,"(n,g)242Pu"
242Pu,58.1,1790.6739230715457,"(n,g)242Pu"
242Pu,261.8,1333.2711675346065,"(n,g)242Pu"
242Pu,416.5,1154.7121206876134,"(n,g)242Pu"
242Pu,242.0,1151.0455438579368,"(n,g)242Pu"
242Pu,275.1,823.1570978060288,"(n,g)242Pu"
242Pu,450.1,616.1459555537883,"(n,g)242Pu"
242Pu,333.2,526.7236627670125,"(n,g)242Pu"
242Pu,522.1,520.4115263723244,"(n,g)242Pu"
242Pu,343.9,503.537701853214,"(n,g)242Pu"
242Pu,344.0,448.73049014519006,"(n,g)242Pu"
242Pu,407.1,362.24254040824087,"(n,g)242Pu"
242Pu,285.2,345.2021516319711,"(n,g)242Pu"
242Pu,229.3,281.3085352200791,"(n,g)242Pu"
242Pu,734.1,205.44619534520237,"(n,g)242Pu"
242Pu,741.8,199.11134564271984,"(n,g)242Pu"
242Pu,329.9,154.35315025461483,"(n,g)242Pu"
242Pu,425.9,150.9137065028828,"(n,g)242Pu"
242Pu,402.6,127.56118133192501,"(n,g)242Pu"
242Pu,506.4,79.78890836777384,"(n,g)242Pu"
242Pu,124.6,73.96121438075899,"(n,g)242Pu"
242Pu,567.9,61.65082868924143,"(n,g)242Pu"
242Pu,233.6,57.55215821842745,"(n,g)242Pu"
242Pu,329.4,14.357622649918786,"(n,g)242Pu"
242Pu,342.1,12.083155270825312,"(n,g)242Pu"
242Pu,278.0,5.994960193543663,"(n,g)242Pu"
242Pu,149.0,4.094440387633782,"(n,g)242Pu"
242Pu,344.5,2.2958276226950307,"(n,g)242Pu"
242Pu,329.5,0.861401981787552,"(n,g)242Pu"
242Pu,174.4,0.17200896151350578,"(n,g)242Pu"
242Pu,296.3,0.039507516761817074,"(n,g)242Pu"
242Pu,196.9,0.005979882883512484,"(n,g)242Pu"
242Pu,220.0,8.671010751890069e-05,"(n,g)242Pu"
242Pu,242.8,1.7168989361829796e-06,"(n,g)242Pu"
243Cm,42.96,121028.0324359882,"(n,g)243Cm"
243Cm,99.38,63420.39868202163,"(n,g)243Cm"
243Cm,153.86,12537.002514212983,"(n,g)243Cm"
243Cm,927.04,6080.296137772201,"(n,g)243Cm"
243Cm,827.65,6080.296137772201,"(n,g)243Cm"
243Cm,977.8,5133.3364382943355,"(n,g)243Cm"
243Cm,68.0,4907.840531650435,"(n,g)243Cm"
243Cm,1062.94,3462.0434130519893,"(n,g)243Cm"
243Cm,1084.18,2844.315760070555,"(n,g)243Cm"
243Cm,1041.22,1507.448158710816,"(n,g)243Cm"
243Cm,743.98,1042.3410652159976,"(n,g)243Cm"
243Cm,205.58,530.3654871523778,"(n,g)243Cm"
243Cm,1105.91,519.1467130704531,"(n,g)243Cm"
243Cm,897.84,437.77273476103863,"(n,g)243Cm"
243Cm,984.91,419.48352559869244,"(n,g)243Cm"
243Cm,941.95,419.48352559869244,"(n,g)243Cm"
243Cm,538.4,10.423410652159975,"(n,g)243Cm"
244Cm,252.8,10666.838960754265,"(n,g)244Cm"
244Cm,103.1,7302.41517437573,"(n,g)244Cm"
244Cm,5.5,5224.643951935869,"(n,g)244Cm"
244Cm,57.3,2628.0788615703405,"(n,g)244Cm"
244Cm,54.81,1357.8745351461023,"(n,g)244Cm"
244Cm,12.3,633.2342406228056,"(n,g)244Cm"
244Cm,139.3,580.5014795682727,"(n,g)244Cm"
244Cm,305.2,580.5014795682727,"(n,g)244Cm"
244Cm,240.91,555.789253922551,"(n,g)244Cm"
244Cm,295.72,361.3293509018309,"(n,g)244Cm"
244Cm,229.04,219.91098451353184,"(n,g)244Cm"
244Cm,121.6,206.65993148552758,"(n,g)244Cm"
244Cm,388.18,162.37099488786401,"(n,g)244Cm"
244Cm,66.79,132.23823093800374,"(n,g)244Cm"
244Cm,42.92,97.27109331126002,"(n,g)244Cm"
244Cm,101.0,93.27227992069527,"(n,g)244Cm"
244Cm,65.96,64.28232492284366,"(n,g)244Cm"
244Cm,197.99,57.60259302580013,"(n,g)244Cm"
244Cm,54.92,43.992715631183884,"(n,g)244Cm"
244Cm,545.0,38.888502637470005,"(n,g)244Cm"
244Cm,128.4,38.888502637470005,"(n,g)244Cm"
244Cm,333.37,34.258904852076235,"(n,g)244Cm"
244Cm,321.24,17.024901354678956,"(n,g)244Cm"
244Cm,23.0,10.422448180562984,"(n,g)244Cm"
244Cm,75.8,10.268569362351604,"(n,g)244Cm"
244Cm,54.66,9.534972879500435,"(n,g)244Cm"
244Cm,81.4,2.003385149843633,"(n,g)244Cm"
244Cm,266.58,1.7049756092129855,"(n,g)244Cm"
244Cm,66.16,1.021572123459764,"(n,g)244Cm"
244Cm,120.82,1.021572123459764,"(n,g)244Cm"
244Cm,92.46,0.8020963089227616,"(n,g)244Cm"
244Cm,79.0,0.13120756520411825,"(n,g)244Cm"
244Cm,37.54,0.03637020028011541,"(n,g)244Cm"
245Bk,48.0,556161.07644,"(n,g)245Bk"
245Bk,64.0,141564.06576,"(n,g)245Bk"
245Cm,42.85,334114.06284592324,"(n,g)245Cm"
245Cm,99.16,204624.07270296902,"(n,g)245Cm"
245Cm,152.89,63216.59785718639,"(n,g)245Cm"
245Cm,781.3,23866.759664028254,"(n,g)245Cm"
245Cm,798.83,12149.272173343748,"(n,g)245Cm"
245Cm,833.6,10978.660925522638,"(n,g)245Cm"
245Cm,1062.01,10850.45186154117,"(n,g)245Cm"
245Cm,686.1,9132.205863740486,"(n,g)245Cm"
245Cm,838.99,9132.205863740486,"(n,g)245Cm"
245Cm,734.44,7137.124551281664,"(n,g)245Cm"
245Cm,1257.6,6516.282930375944,"(n,g)245Cm"
245Cm,1122.64,6050.006399622874,"(n,g)245Cm"
245Cm,1085.17,5980.215331794029,"(n,g)245Cm"
245Cm,925.08,5910.3660400487515,"(n,g)245Cm"
245Cm,78.0,5563.07978650888,"(n,g)245Cm"
245Cm,135.69,5563.07978650888,"(n,g)245Cm"
245Cm,756.2,4931.175621481234,"(n,g)245Cm"
245Cm,204.9,4581.639983969904,"(n,g)245Cm"
245Cm,96.55,3987.4649167896673,"(n,g)245Cm"
245Cm,1336.38,3905.8155779810036,"(n,g)245Cm"
245Cm,1198.19,3858.576573783169,"(n,g)245Cm"
245Cm,116.14,3785.524966634176,"(n,g)245Cm"
245Cm,1178.15,3785.524966634176,"(n,g)245Cm"
245Cm,986.01,3749.445546418986,"(n,g)245Cm"
245Cm,1274.72,3490.3685262723584,"(n,g)245Cm"
245Cm,1081.43,3188.80745510311,"(n,g)245Cm"
245Cm,1167.68,3172.3883106695166,"(n,g)245Cm"
245Cm,1078.85,3022.3452780263538,"(n,g)245Cm"
245Cm,1177.13,2423.492889559478,"(n,g)245Cm"
245Cm,1124.28,2423.415257670903,"(n,g)245Cm"
245Cm,1023.48,2419.6501110750196,"(n,g)245Cm"
245Cm,1158.44,2085.6777264257457,"(n,g)245Cm"
245Cm,1237.22,1523.4516748290707,"(n,g)245Cm"
245Cm,1210.53,1427.2715872763972,"(n,g)245Cm"
245Cm,833.9,1382.8081171748374,"(n,g)245Cm"
245Cm,1036.0,1381.0264653320432,"(n,g)245Cm"
245Cm,1297.35,1311.6973072402177,"(n,g)245Cm"
245Cm,127.79,1183.1156101935899,"(n,g)245Cm"
245Cm,261.77,866.2649385695127,"(n,g)245Cm"
245Cm,238.61,814.4184817847574,"(n,g)245Cm"
245Cm,287.78,719.0224763066905,"(n,g)245Cm"
245Cm,270.01,709.139936891104,"(n,g)245Cm"
245Cm,629.0,691.3001288965891,"(n,g)245Cm"
245Cm,1249.77,687.9017929742223,"(n,g)245Cm"
245Cm,1206.92,687.9017929742223,"(n,g)245Cm"
245Cm,424.0,651.6282930375944,"(n,g)245Cm"
245Cm,244.0,475.08949682381433,"(n,g)245Cm"
245Cm,377.14,456.1688588606152,"(n,g)245Cm"
245Cm,678.8,431.283956977927,"(n,g)245Cm"
245Cm,1131.89,417.1141965157911,"(n,g)245Cm"
245Cm,524.95,405.28309669697444,"(n,g)245Cm"
245Cm,81.63,381.7606344587759,"(n,g)245Cm"
245Cm,1289.3,303.6357833914126,"(n,g)245Cm"
245Cm,289.04,290.41119117267624,"(n,g)245Cm"
245Cm,170.92,226.97235262647197,"(n,g)245Cm"
245Cm,1323.78,138.5903688731762,"(n,g)245Cm"
245Cm,982.27,121.1426019159646,"(n,g)245Cm"
245Cm,373.32,96.30602588391424,"(n,g)245Cm"
245Cm,1348.86,82.9659562309227,"(n,g)245Cm"
245Cm,507.18,46.796871184428056,"(n,g)245Cm"
245Cm,408.09,46.773775697577015,"(n,g)245Cm"
245Cm,127.5,25.875290701182685,"(n,g)245Cm"
245Cm,472.41,25.31304174817888,"(n,g)245Cm"
245Cm,34.77,21.964584314221465,"(n,g)245Cm"
245Cm,46.86,21.47860869174251,"(n,g)245Cm"
245Cm,263.18,21.15721267304237,"(n,g)245Cm"
245Cm,443.32,19.058411275853036,"(n,g)245Cm"
245Cm,237.17,15.7149610987087,"(n,g)245Cm"
245Cm,251.57,10.764202833334442,"(n,g)245Cm"
245Cm,1306.01,4.3249695523691,"(n,g)245Cm"
245Cm,962.85,0.3255143903890373,"(n,g)245Cm"
246Bk,71.6,102322.64734719999,"(n,g)246Bk"
246Bk,125.5,53234.3732928,"(n,g)246Bk"
246Bk,137.0,27002.95114496,"(n,g)246Bk"
246Bk,196.0,8374.2560384,"(n,g)246Bk"
246Bk,265.0,1756.86178976,"(n,g)246Bk"
246Bk,29.9,948.882949056,"(n,g)246Bk"
246Bk,42.0,678.904175488,"(n,g)246Bk"
246Cf,55.0,3461.8731677288997,"(n,g)246Cf"
246Cf,67.1,1596.5478897839998,"(n,g)246Cf"
246Cf,122.1,1596.5478897839998,"(n,g)246Cf"
246Cm,227.38,835.2652078613432,"(n,g)246Cm"
246Cm,177.52,468.70237883880674,"(n,g)246Cm"
246Cm,28.1,282.06612022127314,"(n,g)246Cm"
246Cm,265.86,116.25805980136667,"(n,g)246Cm"
246Cm,291.2,95.70278539990301,"(n,g)246Cm"
246Cm,285.41,93.29258164748208,"(n,g)246Cm"
246Cm,15.0,89.97886304474825,"(n,g)246Cm"
246Cm,61.67,48.28408284619791,"(n,g)246Cm"
246Cm,101.1,44.48713957696914,"(n,g)246Cm"
246Cm,73.0,44.48713957696914,"(n,g)246Cm"
246Cm,315.84,43.54075450479311,"(n,g)246Cm"
246Cm,336.0,28.432926914288448,"(n,g)246Cm"
246Cm,50.59,28.432926914288448,"(n,g)246Cm"
246Cm,289.32,27.21530045291158,"(n,g)246Cm"
246Cm,354.32,23.50690163901347,"(n,g)246Cm"
246Cm,22.3,15.594915561876793,"(n,g)246Cm"
246Cm,165.71,14.704486099051172,"(n,g)246Cm"
246Cm,256.63,10.439335203253346,"(n,g)246Cm"
246Cm,38.48,10.230592117146571,"(n,g)246Cm"
246Cm,284.23,8.087953383156243,"(n,g)246Cm"
246Cm,113.68,7.656010973337685,"(n,g)246Cm"
246Cm,247.33,7.024547560022441,"(n,g)246Cm"
246Cm,43.14,7.024547560022441,"(n,g)246Cm"
246Cm,33.3,4.158367902764636,"(n,g)246Cm"
246Cm,19.0,4.064396127195193,"(n,g)246Cm"
246Cm,81.0,4.064396127195193,"(n,g)246Cm"
246Cm,318.3,3.9663616503677934,"(n,g)246Cm"
246Cm,52.44,3.862226890516556,"(n,g)246Cm"
246Cm,62.7,3.162333131779682,"(n,g)246Cm"
246Cm,345.9,2.9119099709574363,"(n,g)246Cm"
246Cm,398.0,2.6933528442351924,"(n,g)246Cm"
246Cm,28.0,2.6933528442351924,"(n,g)246Cm"
246Cm,58.03,1.959399691209971,"(n,g)246Cm"
246Cm,273.7,1.6969815918577094,"(n,g)246Cm"
246Cm,211.0,1.6969815918577094,"(n,g)246Cm"
246Cm,151.0,1.4535061486775251,"(n,g)246Cm"
246Cm,308.33,1.4535061486775251,"(n,g)246Cm"
246Cm,134.65,1.1582250333214685,"(n,g)246Cm"
246Cm,84.35,1.0369172601773875,"(n,g)246Cm"
246Cm,60.49,0.6713115337824929,"(n,g)246Cm"
246Cm,157.33,0.5183813639911498,"(n,g)246Cm"
246Cm,72.98,0.33587385668270126,"(n,g)246Cm"
246Cm,220.0,0.06707195757771153,"(n,g)246Cm"
246Cm,69.0,0.06707195757771153,"(n,g)246Cm"
247Bk,50.0,561486.3444959999,"(n,g)247Bk"
247Bk,171.5,229409.639943,"(n,g)247Bk"
247Bk,178.0,44218.5084066,"(n,g)247Bk"
247Bk,144.0,4502.829636359999,"(n,g)247Bk"
247Bk,64.42,500.69055669599993,"(n,g)247Bk"
247Bk,70.64,135.03505421999998,"(n,g)247Bk"
247Bk,151.32,16.1161576323,"(n,g)247Bk"
247Bk,80.68,7.090508171999999,"(n,g)247Bk"
247Cm,43.4,53679.019106665786,"(n,g)247Cm"
247Cm,100.2,46995.07189564057,"(n,g)247Cm"
247Cm,154.5,20488.285590039373,"(n,g)247Cm"
247Cm,1049.0,4475.47756178101,"(n,g)247Cm"
247Cm,905.4,4475.47756178101,"(n,g)247Cm"
247Cm,45.0,4330.623776764478,"(n,g)247Cm"
247Cm,206.9,3132.2020231698816,"(n,g)247Cm"
247Cm,42.0,2889.967990084977,"(n,g)247Cm"
247Cm,78.0,2296.788543571104,"(n,g)247Cm"
247Cm,94.0,2256.678466562603,"(n,g)247Cm"
247Cm,96.0,1805.7242665436274,"(n,g)247Cm"
247Cm,1084.0,1454.476926392579,"(n,g)247Cm"
247Cm,35.0,1454.476926392579,"(n,g)247Cm"
247Cm,109.0,509.5564007350798,"(n,g)247Cm"
247Cm,141.0,509.5564007350798,"(n,g)247Cm"
247Cm,255.7,93.12592295031688,"(n,g)247Cm"
247Cm,300.6,0.41820403087104924,"(n,g)247Cm"
248Bk,62.09,5821.41143848,"(n,g)248Bk"
248Bk,51.95,5394.337627093999,"(n,g)248Bk"
248Bk,73.42,4909.2327166159985,"(n,g)248Bk"
248Bk,41.79,3877.4458752699993,"(n,g)248Bk"
248Bk,114.04,3084.5202994763395,"(n,g)248Bk"
248Bk,55.12,2848.19798982974,"(n,g)248Bk"
248Bk,78.58,2682.7788548687395,"(n,g)248Bk"
248Bk,145.42,2682.7788548687395,"(n,g)248Bk"
248Bk,66.84,2594.0965070513394,"(n,g)248Bk"
248Bk,135.51,1864.9330779873396,"(n,g)248Bk"
248Bk,121.96,1790.6059921989397,"(n,g)248Bk"
248Bk,42.97,1565.2302847529397,"(n,g)248Bk"
248Bk,98.09,1452.3750482933997,"(n,g)248Bk"
248Bk,30.86,771.9737563048,"(n,g)248Bk"
248Bk,93.74,755.4337492179999,"(n,g)248Bk"
248Bk,73.83,144.00405801224,"(n,g)248Bk"
248Bk,162.78,36.3173602494834,"(n,g)248Bk"
248Bk,8.78,0.09172688346949999,"(n,g)248Bk"
248Cf,440.0,261275.6306718,"(n,g)248Cf"
248Cf,271.84,170530.09380960002,"(n,g)248Cf"
248Cf,460.0,151076.1277446,"(n,g)248Cf"
248Cf,379.52,104232.22918980001,"(n,g)248Cf"
248Cf,144.96,15073.46836932,"(n,g)248Cf"
248Cf,500.7,10178.92700196,"(n,g)248Cf"
248Cf,298.02,8219.20504422,"(n,g)248Cf"
248Cf,375.07,5320.991774856,"(n,g)248Cf"
248Cf,315.0,4584.585272472,"(n,g)248Cf"
248Cf,42.98,2238.642109626,"(n,g)248Cf"
248Cf,255.04,1643.847962898,"(n,g)248Cf"
248Cf,437.56,1207.773144666,"(n,g)248Cf"
248Cf,191.58,1031.828624412,"(n,g)248Cf"
248Cf,63.46,854.6532366,"(n,g)248Cf"
248Cf,55.13,768.478599432,"(n,g)248Cf"
248Cf,234.56,667.0592850851999,"(n,g)248Cf"
248Cf,442.98,451.96830864900005,"(n,g)248Cf"
248Cf,384.0,410.85733221180004,"(n,g)248Cf"
248Cf,62.49,373.2734519634,"(n,g)248Cf"
248Cf,136.45,166.706059515,"(n,g)248Cf"
248Cf,220.0,96.5994595194,"(n,g)248Cf"
248Cf,58.04,70.75610863920001,"(n,g)248Cf"
248Cf,425.0,0.1632686706228,"(n,g)248Cf"
248Cm,26.23,2243.2835057716347,"(n,g)248Cm"
248Cm,21.98,741.5280876370268,"(n,g)248Cm"
248Cm,22.53,520.9808260484954,"(n,g)248Cm"
248Cm,83.93,277.0855193237089,"(n,g)248Cm"
248Cm,193.8,157.4023580041848,"(n,g)248Cm"
248Cm,208.0,148.87876461045641,"(n,g)248Cm"
248Cm,98.8,116.10551931260295,"(n,g)248Cm"
248Cm,64.79,116.10551931260295,"(n,g)248Cm"
248Cm,193.25,108.59571695131041,"(n,g)248Cm"
248Cm,181.77,96.78322186424435,"(n,g)248Cm"
248Cm,159.24,93.80096864030737,"(n,g)248Cm"
248Cm,159.8,84.85420896849637,"(n,g)248Cm"
248Cm,61.24,73.03598843738301,"(n,g)248Cm"
248Cm,35.85,61.305715892650404,"(n,g)248Cm"
248Cm,242.01,55.100712095822054,"(n,g)248Cm"
248Cm,97.85,41.68624063421755,"(n,g)248Cm"
248Cm,240.8,38.759376417855954,"(n,g)248Cm"
248Cm,240.25,24.418086145296027,"(n,g)248Cm"
248Cm,74.0,15.271294668925137,"(n,g)248Cm"
248Cm,110.0,15.271294668925137,"(n,g)248Cm"
248Cm,80.0,3.149107586938572,"(n,g)248Cm"
249Bk,78.33,76685.99958797218,"(n,g)249Bk"
249Bk,80.26,57581.46292543961,"(n,g)249Bk"
249Bk,61.91,44055.05429562712,"(n,g)249Bk"
249Bk,115.44,42040.39166966981,"(n,g)249Bk"
249Bk,148.6,36632.9251643816,"(n,g)249Bk"
249Bk,137.32,34611.6732902609,"(n,g)249Bk"
249Bk,157.39,30765.328165219606,"(n,g)249Bk"
249Bk,130.49,26492.56313990844,"(n,g)249Bk"
249Bk,179.99,26486.53397783894,"(n,g)249Bk"
249Bk,203.64,24782.982703916216,"(n,g)249Bk"
249Bk,146.47,23861.871703155546,"(n,g)249Bk"
249Bk,191.0,8131.889997165357,"(n,g)249Bk"
249Bk,71.3,5752.347754160175,"(n,g)249Bk"
249Bk,157.0,5265.5340998487245,"(n,g)249Bk"
249Bk,103.83,2963.540389016103,"(n,g)249Bk"
249Bk,90.54,1858.392016514291,"(n,g)249Bk"
249Bk,125.01,1393.8697887395974,"(n,g)249Bk"
249Bk,50.12,1265.1158796269042,"(n,g)249Bk"
249Bk,69.6,770.111789848356,"(n,g)249Bk"
249Bk,175.12,373.9200655280444,"(n,g)249Bk"
249Bk,34.47,58.050617394673175,"(n,g)249Bk"
249Bk,8.07,0.0226150871119192,"(n,g)249Bk"
249Bk,35.59,0.011217305449673979,"(n,g)249Bk"
249Cf,154.34,38013.73287135759,"(n,g)249Cf"
249Cf,500.0,24908.631640202235,"(n,g)249Cf"
249Cf,99.16,16051.997678761289,"(n,g)249Cf"
249Cf,42.72,369.7453912928782,"(n,g)249Cf"
249Cm,43.0,1237.4161230480001,"(n,g)249Cm"
249Cm,100.6,264.59817616960004,"(n,g)249Cm"
249Cm,154.5,12.13286398968,"(n,g)249Cm"
249Cm,206.9,0.5509212360904,"(n,g)249Cm"
249Cm,255.7,0.23647341442480002,"(n,g)249Cm"
250Bk,76.0,98634.40388724,"(n,g)250Bk"
250Bk,32.5,1118.58643128726,"(n,g)250Bk"
250Bk,35.7,19.2792006223674,"(n,g)250Bk"
250Cf,177.69,19036.60072490397,"(n,g)250Cf"
250Cf,163.89,13796.704119587936,"(n,g)250Cf"
250Cf,129.86,11042.406560081283,"(n,g)250Cf"
250Cf,152.86,7328.8553066753575,"(n,g)250Cf"
250Cf,186.9,6898.386508321365,"(n,g)250Cf"
250Cf,210.61,4302.303456473502,"(n,g)250Cf"
250Cf,233.62,3742.997854624954,"(n,g)250Cf"
250Cf,152.71,2882.260059375871,"(n,g)250Cf"
250Cf,23.0,2595.600083493756,"(n,g)250Cf"
250Cf,80.9,2034.7918368801463,"(n,g)250Cf"
250Cf,98.63,1817.6489892853513,"(n,g)250Cf"
250Cf,81.48,1779.2113224156822,"(n,g)250Cf"
250Cf,58.48,1476.7601415747422,"(n,g)250Cf"
250Cf,24.82,1408.2006823490608,"(n,g)250Cf"
250Cf,172.83,1225.5821489116258,"(n,g)250Cf"
250Cf,57.9,834.3295541464761,"(n,g)250Cf"
250Cf,60.01,818.5452388931311,"(n,g)250Cf"
250Cf,132.03,548.282004184426,"(n,g)250Cf"
250Cf,213.56,404.4622270808363,"(n,g)250Cf"
250Cf,47.83,329.670340278474,"(n,g)250Cf"
250Cf,73.03,165.80282927382112,"(n,g)250Cf"
250Cf,149.24,94.64250622965957,"(n,g)250Cf"
250Cf,133.04,48.10143647361352,"(n,g)250Cf"
250Cf,86.01,20.297692415856513,"(n,g)250Cf"
250Cf,159.04,11.165112214669705,"(n,g)250Cf"
251Cf,785.09,201845.73363523412,"(n,g)251Cf"
251Cf,759.1,129015.52180681526,"(n,g)251Cf"
251Cf,800.0,101670.82205210623,"(n,g)251Cf"
251Cf,804.82,99332.97338029895,"(n,g)251Cf"
251Cf,715.78,79535.34272744246,"(n,g)251Cf"
251Cf,765.3,34412.89793826954,"(n,g)251Cf"
251Cf,821.79,31818.650864242543,"(n,g)251Cf"
251Cf,693.99,31517.248735500823,"(n,g)251Cf"
251Cf,106.01,28729.69781380732,"(n,g)251Cf"
251Cf,748.57,27032.845147549295,"(n,g)251Cf"
251Cf,167.47,17208.408808838143,"(n,g)251Cf"
251Cf,854.58,12164.406774299874,"(n,g)251Cf"
251Cf,45.72,2467.054035636652,"(n,g)251Cf"
251Cf,228.0,138.8538054459947,"(n,g)251Cf"
251Es,92.0,139316.88130799998,"(n,g)251Es"
251Es,157.0,20871.072549799996,"(n,g)251Es"
251Es,65.0,20871.072549799996,"(n,g)251Es"
251Es,142.0,12959.410175799998,"(n,g)251Es"
251Es,77.0,12959.410175799998,"(n,g)251Es"
251Es,60.0,12412.881617399999,"(n,g)251Es"
251Es,70.0,3869.8487412199993,"(n,g)251Es"
251Es,80.0,1399.4643841199997,"(n,g)251Es"
252Cf,61.61,92.58686732438215,"(n,g)252Cf"
252Cf,74.99,47.45131115212855,"(n,g)252Cf"
252Cf,136.6,14.240027303512182,"(n,g)252Cf"
252Es,46.4,127884.36292799999,"(n,g)252Es"
252Es,33.6,74344.03226823999,"(n,g)252Es"
252Es,181.3,17256.8025168,"(n,g)252Es"
252Es,33.0,12952.113985999997,"(n,g)252Es"
252Es,106.0,311.76842115719995,"(n,g)252Es"
253Cf,167.47,3920.8149646200004,"(n,g)253Cf"
253Cf,106.01,736.804117998,"(n,g)253Cf"
253Cf,228.0,245.994796152,"(n,g)253Cf"
253Cf,45.72,20.943736164,"(n,g)253Cf"
253Es,114.2,44371.80070800288,"(n,g)253Es"
253Es,154.2,36573.999754733086,"(n,g)253Es"
253Es,80.1,28823.946698442596,"(n,g)253Es"
253Es,84.2,23848.39298923538,"(n,g)253Es"
253Es,4.1,23848.39298923538,"(n,g)253Es"
253Es,204.2,20826.915063921115,"(n,g)253Es"
253Es,130.5,8126.167667009146,"(n,g)253Es"
253Es,214.7,8126.167667009146,"(n,g)253Es"
253Es,171.1,400.73058871842073,"(n,g)253Es"
253Es,91.0,104.15910860000596,"(n,g)253Es"
254Es,46.4,120806.34186550099,"(n,g)254Es"
254Es,33.6,42864.0189919228,"(n,g)254Es"
255Fm,48.3,257097.48690419996,"(n,g)255Fm"
255Fm,111.6,163371.2771556,"(n,g)255Fm"
255Fm,172.7,41671.05614729999,"(n,g)255Fm"
255Fm,677.5,30714.510022559996,"(n,g)255Fm"
255Fm,693.8,19613.64518208,"(n,g)255Fm"
255Fm,623.5,17012.950309979995,"(n,g)255Fm"
255Fm,252.7,14717.333059631997,"(n,g)255Fm"
255Fm,833.5,10032.641681849997,"(n,g)255Fm"
255Fm,762.7,8427.450149477998,"(n,g)255Fm"
255Fm,682.3,8365.052154581997,"(n,g)255Fm"
255Fm,634.0,7862.007241637999,"(n,g)255Fm"
255Fm,565.9,7064.704718531999,"(n,g)255Fm"
255Fm,50.8,6840.193370129999,"(n,g)255Fm"
255Fm,606.6,6101.209931075999,"(n,g)255Fm"
255Fm,218.2,5646.489213779999,"(n,g)255Fm"
255Fm,67.0,4471.404818382,"(n,g)255Fm"
255Fm,191.8,4471.404818382,"(n,g)255Fm"
255Fm,196.8,2949.7219797779994,"(n,g)255Fm"
255Fm,231.1,2737.5874791659994,"(n,g)255Fm"
255Fm,199.5,2608.2610960319994,"(n,g)255Fm"
255Fm,1051.7,2541.753053568,"(n,g)255Fm"
255Fm,450.8,2210.7074039999993,"(n,g)255Fm"
255Fm,269.8,1636.0013207699997,"(n,g)255Fm"
255Fm,78.0,1636.0013207699997,"(n,g)255Fm"
255Fm,706.8,1539.3093380603998,"(n,g)255Fm"
255Fm,417.7,1525.0549458131998,"(n,g)255Fm"
255Fm,374.2,1411.6207466087994,"(n,g)255Fm"
255Fm,177.4,1072.8594168335999,"(n,g)255Fm"
255Fm,316.6,1016.4225477473998,"(n,g)255Fm"
255Fm,940.1,790.5349561445997,"(n,g)255Fm"
255Fm,185.7,338.5838504483999,"(n,g)255Fm"
255Fm,139.2,337.14533379959994,"(n,g)255Fm"
255Fm,586.6,150.56022774941997,"(n,g)255Fm"
255Fm,211.1,150.56022774941997,"(n,g)255Fm"
255Fm,156.0,150.43210013015997,"(n,g)255Fm"
27Al,7726.0,70.06199757036129,"(n,g)27Al"
27Al,31.0,67.45569126074386,"(n,g)27Al"
27Al,2960.0,21.719219246812,"(n,g)27Al"
27Al,3035.0,18.683199352096345,"(n,g)27Al"
27Al,4134.0,18.216119368293935,"(n,g)27Al"
27Al,3465.0,16.581339424985504,"(n,g)27Al"
27Al,4261.0,16.581339424985504,"(n,g)27Al"
27Al,4735.0,15.855030050172761,"(n,g)27Al"
27Al,3592.0,12.022638783073997,"(n,g)27Al"
27Al,4691.0,11.957247585341662,"(n,g)27Al"
27Al,7695.0,11.676999595060217,"(n,g)27Al"
27Al,2283.0,9.341599676048173,"(n,g)27Al"
27Al,2821.0,8.640979700344559,"(n,g)27Al"
27Al,4905.0,8.381750309334222,"(n,g)27Al"
27Al,2591.0,8.173899716542152,"(n,g)27Al"
27Al,1623.0,7.9426951245599575,"(n,g)27Al"
27Al,5135.0,7.928682725045888,"(n,g)27Al"
27Al,3849.0,7.473279740838538,"(n,g)27Al"
27Al,3877.0,7.473279740838538,"(n,g)27Al"
27Al,6103.0,7.006199757036129,"(n,g)27Al"
27Al,4660.0,6.725951766754684,"(n,g)27Al"
27Al,5412.0,6.352287779712757,"(n,g)27Al"
27Al,2108.0,5.462500410569169,"(n,g)27Al"
27Al,983.0,5.1565630211785916,"(n,g)27Al"
27Al,1409.0,4.9043398299252905,"(n,g)27Al"
27Al,2139.0,4.290129651225124,"(n,g)27Al"
27Al,2578.0,4.189707454707606,"(n,g)27Al"
27Al,6317.0,4.168688855436497,"(n,g)27Al"
27Al,1014.0,3.7343044705002573,"(n,g)27Al"
27Al,5587.0,3.036019894715656,"(n,g)27Al"
27Al,3304.0,2.9893118963354155,"(n,g)27Al"
27Al,2627.0,2.6063063096174397,"(n,g)27Al"
27Al,6712.0,2.5689399109132474,"(n,g)27Al"
27Al,1928.0,2.5689399109132474,"(n,g)27Al"
27Al,4766.0,2.38911411714932,"(n,g)27Al"
27Al,1526.0,2.335399919012043,"(n,g)27Al"
27Al,1592.0,2.239648522332549,"(n,g)27Al"
27Al,941.0,2.1252139263009595,"(n,g)27Al"
27Al,3790.0,2.101859927110839,"(n,g)27Al"
27Al,3561.0,2.003773130512333,"(n,g)27Al"
27Al,1284.0,1.8683199352096345,"(n,g)27Al"
27Al,4017.0,1.8683199352096345,"(n,g)27Al"
27Al,2452.0,1.8683199352096345,"(n,g)27Al"
27Al,5711.0,1.63477994330843,"(n,g)27Al"
27Al,2277.0,1.63477994330843,"(n,g)27Al"
27Al,3826.0,1.63477994330843,"(n,g)27Al"
27Al,1984.0,1.63477994330843,"(n,g)27Al"
27Al,3393.0,1.5693887455760929,"(n,g)27Al"
27Al,4425.0,1.5156745474388158,"(n,g)27Al"
27Al,6200.0,1.4946559481677077,"(n,g)27Al"
27Al,3266.0,1.4012399514072258,"(n,g)27Al"
27Al,2710.0,1.4012399514072258,"(n,g)27Al"
27Al,4429.0,1.4012399514072258,"(n,g)27Al"
27Al,832.0,1.4012399514072258,"(n,g)27Al"
27Al,3709.0,1.251774356590455,"(n,g)27Al"
27Al,6442.0,1.2330911572383587,"(n,g)27Al"
27Al,401.0,1.1910539586961422,"(n,g)27Al"
27Al,1342.0,1.1910539586961422,"(n,g)27Al"
27Al,4379.0,1.1676999595060216,"(n,g)27Al"
27Al,3347.0,1.1676999595060216,"(n,g)27Al"
27Al,2256.0,1.1676999595060216,"(n,g)27Al"
27Al,1865.0,1.1676999595060216,"(n,g)27Al"
27Al,5861.0,1.1676999595060216,"(n,g)27Al"
27Al,2987.0,1.1676999595060216,"(n,g)27Al"
27Al,4755.0,1.1209919611257806,"(n,g)27Al"
27Al,2131.0,0.9341599676048172,"(n,g)27Al"
27Al,4598.0,0.9341599676048172,"(n,g)27Al"
27Al,3128.0,0.9341599676048172,"(n,g)27Al"
27Al,4623.0,0.9341599676048172,"(n,g)27Al"
27Al,5104.0,0.8804457694675403,"(n,g)27Al"
27Al,5767.0,0.8477501706013717,"(n,g)27Al"
27Al,4577.0,0.8407439708443355,"(n,g)27Al"
27Al,3905.0,0.7870297727070585,"(n,g)27Al"
27Al,2922.0,0.7870297727070585,"(n,g)27Al"
27Al,5303.0,0.7356509744887936,"(n,g)27Al"
27Al,5243.0,0.7006199757036129,"(n,g)27Al"
27Al,5454.0,0.7006199757036129,"(n,g)27Al"
27Al,2272.0,0.7006199757036129,"(n,g)27Al"
27Al,1307.0,0.6352287779712757,"(n,g)27Al"
27Al,3678.0,0.6165455786191794,"(n,g)27Al"
27Al,3936.0,0.5301357816157338,"(n,g)27Al"
27Al,2657.0,0.4670799838024086,"(n,g)27Al"
27Al,5069.0,0.4670799838024086,"(n,g)27Al"
27Al,4985.0,0.35030998785180645,"(n,g)27Al"
27Al,4002.0,0.35030998785180645,"(n,g)27Al"
27Al,6863.0,0.28024799028144515,"(n,g)27Al"
27Al,3891.0,0.2592293910103368,"(n,g)27Al"
27Al,5798.0,0.2055151928730598,"(n,g)27Al"
28Si,3539.0,118.64913479063998,"(n,g)28Si"
28Si,4934.0,109.93547954999998,"(n,g)28Si"
28Si,2092.9,33.041531207519995,"(n,g)28Si"
28Si,1273.3,28.535867861039996,"(n,g)28Si"
28Si,6379.8,18.929198263439996,"(n,g)28Si"
28Si,7199.2,11.914976405135997,"(n,g)28Si"
28Si,3660.8,6.908683797935999,"(n,g)28Si"
28Si,5106.7,6.207802832927999,"(n,g)28Si"
28Si,2425.7,5.066334292184999,"(n,g)28Si"
28Si,3954.4,4.4055374943359995,"(n,g)28Si"
28Si,8472.2,3.664572362168999,"(n,g)28Si"
28Si,1446.1,1.3416864187295998,"(n,g)28Si"
28Si,1867.3,1.3016360778719995,"(n,g)28Si"
28Si,1793.5,1.1214095440127998,"(n,g)28Si"
28Si,1152.5,0.8911200840815998,"(n,g)28Si"
28Si,1565.0,0.8710949136527998,"(n,g)28Si"
28Si,2028.0,0.7409313058655997,"(n,g)28Si"
28Si,1540.2,0.5907425276495998,"(n,g)28Si"
28Si,6046.9,0.5506921867919999,"(n,g)28Si"
28Si,2508.2,0.42052857900479995,"(n,g)28Si"
28Si,4839.6,0.40050340857599986,"(n,g)28Si"
28Si,1415.5,0.36045306771839997,"(n,g)28Si"
28Si,4880.2,0.3003775564319999,"(n,g)28Si"
28Si,7056.9,0.27033980078879993,"(n,g)28Si"
28Si,1038.9,0.23028945993119992,"(n,g)28Si"
28Si,5634.4,0.21026428950239998,"(n,g)28Si"
28Si,6444.9,0.20025170428799993,"(n,g)28Si"
28Si,4482.1,0.18022653385919998,"(n,g)28Si"
28Si,950.33,0.12015102257279997,"(n,g)28Si"
28Si,6907.6,0.10012585214399997,"(n,g)28Si"
28Si,476.6,0.10012585214399997,"(n,g)28Si"
28Si,1071.0,0.08010068171519998,"(n,g)28Si"
28Si,5096.4,0.07008809650079999,"(n,g)28Si"
28Si,1760.4,0.07008809650079999,"(n,g)28Si"
28Si,3841.4,0.07008809650079999,"(n,g)28Si"
28Si,2906.2,0.07008809650079999,"(n,g)28Si"
28Si,3566.5,0.060075511286399985,"(n,g)28Si"
28Si,5405.4,0.060075511286399985,"(n,g)28Si"
28Si,6711.4,0.05006292607199998,"(n,g)28Si"
28Si,754.2,0.05006292607199998,"(n,g)28Si"
28Si,2123.8,0.04005034085759999,"(n,g)28Si"
28Si,4632.3,0.04005034085759999,"(n,g)28Si"
28Si,7994.9,0.030037755643199993,"(n,g)28Si"
28Si,397.7,0.030037755643199993,"(n,g)28Si"
28Si,5784.7,0.030037755643199993,"(n,g)28Si"
28Si,7521.8,0.020025170428799994,"(n,g)28Si"
29Si,2235.2,54.728525037244594,"(n,g)29Si"
29Si,6743.2,36.88884008035271,"(n,g)29Si"
29Si,3864.9,35.78015909433118,"(n,g)29Si"
29Si,3101.2,28.42254891437012,"(n,g)29Si"
29Si,5272.1,18.948365942913416,"(n,g)29Si"
29Si,2445.9,9.474182971456708,"(n,g)29Si"
29Si,10607.0,8.073213361847683,"(n,g)29Si"
29Si,1534.1,6.6218491619649535,"(n,g)29Si"
29Si,1263.2,6.611770243910213,"(n,g)29Si"
29Si,3498.3,6.500902145308059,"(n,g)29Si"
29Si,7109.8,6.027192996735224,"(n,g)29Si"
29Si,3769.2,5.634115192600318,"(n,g)29Si"
29Si,1711.3,5.039459027370589,"(n,g)29Si"
29Si,3967.8,4.737091485728354,"(n,g)29Si"
29Si,1505.5,4.545592042688272,"(n,g)29Si"
29Si,6838.8,4.414566107976635,"(n,g)29Si"
29Si,1552.4,4.333934763538706,"(n,g)29Si"
29Si,2359.6,4.223066664936553,"(n,g)29Si"
29Si,8162.0,3.5175424011046705,"(n,g)29Si"
29Si,4405.6,3.4873056469404475,"(n,g)29Si"
29Si,2595.4,3.3764375483382945,"(n,g)29Si"
29Si,2676.9,2.6104397761779654,"(n,g)29Si"
29Si,3738.2,2.0560992831672,"(n,g)29Si"
29Si,5128.2,1.9653890206745295,"(n,g)29Si"
29Si,1301.1,1.8242841679081532,"(n,g)29Si"
29Si,5927.2,1.6126268887585884,"(n,g)29Si"
29Si,2020.3,1.5219166262659178,"(n,g)29Si"
29Si,2276.2,1.4916798721016944,"(n,g)29Si"
29Si,4375.2,1.4614431179374707,"(n,g)29Si"
29Si,4667.4,1.3606539373900588,"(n,g)29Si"
29Si,1733.0,1.3304171832258356,"(n,g)29Si"
29Si,3252.0,1.3203382651710942,"(n,g)29Si"
29Si,3694.2,1.3203382651710942,"(n,g)29Si"
29Si,816.87,1.310259347116353,"(n,g)29Si"
29Si,2956.3,1.310259347116353,"(n,g)29Si"
29Si,6820.7,1.2901015110068705,"(n,g)29Si"
29Si,1989.0,1.2699436748973882,"(n,g)29Si"
29Si,989.45,1.2699436748973882,"(n,g)29Si"
29Si,6662.0,1.2497858387879062,"(n,g)29Si"
29Si,9618.2,1.2296280026784236,"(n,g)29Si"
29Si,4009.1,1.1187599040762708,"(n,g)29Si"
29Si,9790.5,1.1187599040762708,"(n,g)29Si"
29Si,1012.1,0.9877339693646354,"(n,g)29Si"
29Si,5538.1,0.9574972152004119,"(n,g)29Si"
29Si,4393.4,0.8466291165982589,"(n,g)29Si"
29Si,1655.9,0.8365501985435178,"(n,g)29Si"
29Si,4508.6,0.7962345263245532,"(n,g)29Si"
29Si,8372.7,0.7962345263245532,"(n,g)29Si"
29Si,6098.0,0.6349718374486941,"(n,g)29Si"
29Si,1844.4,0.6248929193939531,"(n,g)29Si"
29Si,8896.7,0.6047350832844707,"(n,g)29Si"
29Si,4810.0,0.5442615749560237,"(n,g)29Si"
29Si,1810.4,0.5442615749560237,"(n,g)29Si"
29Si,1153.6,0.5442615749560237,"(n,g)29Si"
29Si,4679.2,0.5140248207918,"(n,g)29Si"
29Si,1311.8,0.4837880666275765,"(n,g)29Si"
29Si,5398.8,0.4837880666275765,"(n,g)29Si"
29Si,3378.7,0.453551312463353,"(n,g)29Si"
29Si,3283.8,0.43339347635387065,"(n,g)29Si"
29Si,2871.6,0.4031567221896471,"(n,g)29Si"
29Si,4087.6,0.4031567221896471,"(n,g)29Si"
29Si,6913.7,0.4031567221896471,"(n,g)29Si"
29Si,407.14,0.3729199680254236,"(n,g)29Si"
29Si,355.8,0.34268321386120004,"(n,g)29Si"
29Si,1332.5,0.34268321386120004,"(n,g)29Si"
29Si,4994.9,0.32252537775171763,"(n,g)29Si"
29Si,1672.7,0.32252537775171763,"(n,g)29Si"
29Si,8951.9,0.32252537775171763,"(n,g)29Si"
29Si,2454.5,0.30236754164223534,"(n,g)29Si"
29Si,998.9,0.30236754164223534,"(n,g)29Si"
29Si,6717.3,0.29228862358749413,"(n,g)29Si"
29Si,10201.0,0.28220970553275293,"(n,g)29Si"
29Si,1830.6,0.27213078747801184,"(n,g)29Si"
29Si,2256.7,0.25197295136852943,"(n,g)29Si"
29Si,2941.9,0.2217361972043059,"(n,g)29Si"
29Si,1933.9,0.2217361972043059,"(n,g)29Si"
29Si,5868.8,0.21165727914956473,"(n,g)29Si"
29Si,5431.5,0.20157836109482355,"(n,g)29Si"
29Si,1893.6,0.19149944304008237,"(n,g)29Si"
29Si,7071.8,0.1814205249853412,"(n,g)29Si"
29Si,6640.7,0.17134160693060002,"(n,g)29Si"
29Si,7507.4,0.17134160693060002,"(n,g)29Si"
29Si,1469.2,0.17134160693060002,"(n,g)29Si"
29Si,3415.7,0.16126268887585882,"(n,g)29Si"
29Si,5920.2,0.16126268887585882,"(n,g)29Si"
29Si,2667.0,0.16126268887585882,"(n,g)29Si"
29Si,3136.6,0.15118377082111767,"(n,g)29Si"
29Si,2574.8,0.15118377082111767,"(n,g)29Si"
29Si,2154.3,0.14110485276637647,"(n,g)29Si"
29Si,2996.2,0.14110485276637647,"(n,g)29Si"
29Si,2747.6,0.13102593471163532,"(n,g)29Si"
29Si,333.3,0.13102593471163532,"(n,g)29Si"
29Si,6487.0,0.12094701665689413,"(n,g)29Si"
29Si,646.8,0.12094701665689413,"(n,g)29Si"
29Si,4764.7,0.12094701665689413,"(n,g)29Si"
29Si,692.5,0.10078918054741177,"(n,g)29Si"
29Si,326.0,0.10078918054741177,"(n,g)29Si"
29Si,1602.8,0.10078918054741177,"(n,g)29Si"
29Si,4786.5,0.10078918054741177,"(n,g)29Si"
29Si,6004.4,0.08063134443792941,"(n,g)29Si"
2H,6251.0,0.506,"(n,g)2H"
30Si,752.22,93.1973842363441,"(n,g)30Si"
30Si,3054.3,72.30831535578423,"(n,g)30Si"
30Si,2780.6,71.02283419390362,"(n,g)30Si"
30Si,1306.0,18.103859696485237,"(n,g)30Si"
30Si,4528.8,15.532897372724017,"(n,g)30Si"
30Si,2205.0,13.497552199746389,"(n,g)30Si"
30Si,3629.9,8.104315985076296,"(n,g)30Si"
30Si,1694.9,3.962067187776348,"(n,g)30Si"
30Si,1837.9,2.191209763855654,"(n,g)30Si"
30Si,4382.0,1.8509857496779192,"(n,g)30Si"
30Si,3532.7,1.7809270263554264,"(n,g)30Si"
30Si,2687.4,1.6508791821451712,"(n,g)30Si"
30Si,6586.7,1.5708579798181035,"(n,g)30Si"
30Si,1748.4,1.3707514122853555,"(n,g)30Si"
30Si,2787.9,1.160575242317876,"(n,g)30Si"
30Si,1594.3,1.0305488227936526,"(n,g)30Si"
30Si,714.22,0.9304955390272783,"(n,g)30Si"
30Si,5872.4,0.870463568767454,"(n,g)30Si"
30Si,2316.8,0.720383643117893,"(n,g)30Si"
30Si,2964.3,0.720383643117893,"(n,g)30Si"
30Si,849.45,0.4402344485720457,"(n,g)30Si"
30Si,5834.2,0.25013320941593503,"(n,g)30Si"
30Si,5280.9,0.24012788103929764,"(n,g)30Si"
30Si,629.43,0.21011189590938545,"(n,g)30Si"
30Si,1564.2,0.16008525402619844,"(n,g)30Si"
30Si,3798.2,0.14007459727292362,"(n,g)30Si"
30Si,622.19,0.13006926889628623,"(n,g)30Si"
30Si,5956.9,0.12006394051964882,"(n,g)30Si"
30Si,2065.6,0.12006394051964882,"(n,g)30Si"
30Si,898.6,0.07003729863646181,"(n,g)30Si"
30Si,3640.2,0.04002131350654961,"(n,g)30Si"
30Si,943.2,0.04002131350654961,"(n,g)30Si"
30Si,745.1,0.030015985129912204,"(n,g)30Si"
35Cl,1164.87,11951.146904799172,"(n,g)35Cl"
35Cl,517.08,10676.91117727806,"(n,g)35Cl"
35Cl,6110.85,9042.4354002273,"(n,g)35Cl"
35Cl,1951.14,8519.572450431542,"(n,g)35Cl"
35Cl,788.43,7170.679416134118,"(n,g)35Cl"
35Cl,1959.36,5518.619247130783,"(n,g)35Cl"
35Cl,7413.95,4622.29522854575,"(n,g)35Cl"
35Cl,786.3,4622.29522854575,"(n,g)35Cl"
35Cl,7790.32,3651.2266357305484,"(n,g)35Cl"
35Cl,6619.64,3440.3448334804525,"(n,g)35Cl"
35Cl,2863.82,2535.2504357825983,"(n,g)35Cl"
35Cl,5715.19,2333.139012645325,"(n,g)35Cl"
35Cl,6627.75,2060.6900216977565,"(n,g)35Cl"
35Cl,4979.71,1588.7912649556129,"(n,g)35Cl"
35Cl,3061.86,1547.0337882841166,"(n,g)35Cl"
35Cl,1601.08,1530.8020418663564,"(n,g)35Cl"
35Cl,8578.59,1203.4618224415237,"(n,g)35Cl"
35Cl,6977.85,1006.1937429934206,"(n,g)35Cl"
35Cl,1162.79,1006.1937429934206,"(n,g)35Cl"
35Cl,1131.25,839.6438073036597,"(n,g)35Cl"
35Cl,5517.2,742.1224276163094,"(n,g)35Cl"
35Cl,2676.3,690.6782635664724,"(n,g)35Cl"
35Cl,2845.5,558.0317337009044,"(n,g)35Cl"
35Cl,1327.42,558.0317337009044,"(n,g)35Cl"
35Cl,3015.98,496.944515999656,"(n,g)35Cl"
35Cl,4944.34,486.38515408272593,"(n,g)35Cl"
35Cl,5902.7,485.076142274842,"(n,g)35Cl"
35Cl,3821.58,481.1054731242608,"(n,g)35Cl"
35Cl,2311.41,478.9237867777877,"(n,g)35Cl"
35Cl,436.22,461.3830285521435,"(n,g)35Cl"
35Cl,4440.4,460.03038301733017,"(n,g)35Cl"
35Cl,2975.24,459.550412021106,"(n,g)35Cl"
35Cl,3981.06,451.6963411738027,"(n,g)35Cl"
35Cl,3116.22,436.7299728369968,"(n,g)35Cl"
35Cl,2994.71,399.85947358160047,"(n,g)35Cl"
35Cl,3428.86,393.227147088322,"(n,g)35Cl"
35Cl,6086.74,370.8430451735074,"(n,g)35Cl"
35Cl,3825.53,369.9703706349182,"(n,g)35Cl"
35Cl,3333.09,363.3380441416397,"(n,g)35Cl"
35Cl,2075.55,347.1062977238795,"(n,g)35Cl"
35Cl,4082.66,344.92461137740634,"(n,g)35Cl"
35Cl,2034.63,328.64923123271655,"(n,g)35Cl"
35Cl,2469.88,321.1878639277784,"(n,g)35Cl"
35Cl,4728.97,308.4468156643751,"(n,g)35Cl"
35Cl,3001.07,306.26512931790194,"(n,g)35Cl"
35Cl,1975.61,304.95611751001803,"(n,g)35Cl"
35Cl,3561.26,304.5197802407234,"(n,g)35Cl"
35Cl,4616.44,299.6328028246236,"(n,g)35Cl"
35Cl,2156.21,298.3237910167397,"(n,g)35Cl"
35Cl,4945.2,278.99404998698753,"(n,g)35Cl"
35Cl,2622.88,278.1213754483982,"(n,g)35Cl"
35Cl,4054.23,275.06701456333576,"(n,g)35Cl"
35Cl,2867.16,270.22367087416535,"(n,g)35Cl"
35Cl,3589.23,265.8166644542896,"(n,g)35Cl"
35Cl,2800.85,263.63497810781644,"(n,g)35Cl"
35Cl,3374.9,263.63497810781644,"(n,g)35Cl"
35Cl,936.92,258.791634418646,"(n,g)35Cl"
35Cl,2876.64,247.3595979631267,"(n,g)35Cl"
35Cl,2896.23,242.9962252701804,"(n,g)35Cl"
35Cl,2418.55,242.1235507315911,"(n,g)35Cl"
35Cl,3599.25,236.80023604619663,"(n,g)35Cl"
35Cl,5584.62,235.4912242383127,"(n,g)35Cl"
35Cl,1648.3,230.2551770067771,"(n,g)35Cl"
35Cl,2022.1,227.63715339100935,"(n,g)35Cl"
35Cl,5733.48,224.05918778279334,"(n,g)35Cl"
35Cl,2041.15,224.05918778279334,"(n,g)35Cl"
35Cl,1170.92,224.05918778279334,"(n,g)35Cl"
35Cl,2811.01,211.7981105156142,"(n,g)35Cl"
35Cl,5017.73,204.29310948374658,"(n,g)35Cl"
35Cl,4524.87,201.67508586797874,"(n,g)35Cl"
35Cl,2489.85,199.92973679080023,"(n,g)35Cl"
35Cl,4547.47,199.05706225221095,"(n,g)35Cl"
35Cl,6267.81,193.73374756681648,"(n,g)35Cl"
35Cl,2537.26,191.98839848963794,"(n,g)35Cl"
35Cl,5702.63,189.37037487387016,"(n,g)35Cl"
35Cl,1936.96,188.9340376045755,"(n,g)35Cl"
35Cl,1640.12,187.6250257966916,"(n,g)35Cl"
35Cl,3962.6,178.68011177615165,"(n,g)35Cl"
35Cl,3604.11,176.19298934117225,"(n,g)35Cl"
35Cl,2200.12,171.7859829212965,"(n,g)35Cl"
35Cl,4298.38,170.91330838270724,"(n,g)35Cl"
35Cl,1372.86,168.73162203623406,"(n,g)35Cl"
35Cl,1788.06,164.36824934328774,"(n,g)35Cl"
35Cl,1828.5,161.66295827366105,"(n,g)35Cl"
35Cl,5603.87,157.2995855807147,"(n,g)35Cl"
35Cl,508.87,153.80888742635764,"(n,g)35Cl"
35Cl,2231.31,152.89257916083892,"(n,g)35Cl"
35Cl,1729.94,151.14723008366042,"(n,g)35Cl"
35Cl,3500.38,144.9948745866061,"(n,g)35Cl"
35Cl,1034.26,141.89687997461422,"(n,g)35Cl"
35Cl,2289.89,140.58786816673032,"(n,g)35Cl"
35Cl,632.44,140.1515308974357,"(n,g)35Cl"
35Cl,2871.41,136.66083274307863,"(n,g)35Cl"
35Cl,3566.61,136.224495473784,"(n,g)35Cl"
35Cl,4989.96,135.78815820448938,"(n,g)35Cl"
35Cl,3749.9,135.78815820448938,"(n,g)35Cl"
35Cl,4138.46,133.30103576950998,"(n,g)35Cl"
35Cl,1626.98,130.9011807883895,"(n,g)35Cl"
35Cl,3634.48,130.33394233830649,"(n,g)35Cl"
35Cl,2797.99,129.15583171121096,"(n,g)35Cl"
37Cl,755.47,126.17032933788799,"(n,g)37Cl"
37Cl,1692.15,91.79963906264798,"(n,g)37Cl"
37Cl,4126.9,73.09178296763199,"(n,g)37Cl"
37Cl,4490.6,65.69549271163999,"(n,g)37Cl"
37Cl,4415.4,55.68887441295198,"(n,g)37Cl"
37Cl,671.3,53.948800038495996,"(n,g)37Cl"
37Cl,308.4,52.643419536135994,"(n,g)37Cl"
37Cl,637.5,50.03309149343999,"(n,g)37Cl"
37Cl,1980.93,43.071928071567996,"(n,g)37Cl"
37Cl,3364.9,36.98101831793599,"(n,g)37Cl"
37Cl,5352.3,33.06530977287999,"(n,g)37Cl"
37Cl,862.4,29.149601227823997,"(n,g)37Cl"
37Cl,1745.35,26.104146351007994,"(n,g)37Cl"
37Cl,2214.55,25.233892682767994,"(n,g)37Cl"
37Cl,1225.7,23.493818308311997,"(n,g)37Cl"
37Cl,363.9,21.753310971831997,"(n,g)37Cl"
37Cl,4362.1,20.448363431495995,"(n,g)37Cl"
37Cl,1617.16,19.578109763256,"(n,g)37Cl"
37Cl,6107.7,14.357453677864001,"(n,g)37Cl"
37Cl,2133.5,12.616946341383997,"(n,g)37Cl"
37Cl,554.0,11.746692673143999,"(n,g)37Cl"
37Cl,1434.01,11.311998801047999,"(n,g)37Cl"
37Cl,288.6,10.441745132807998,"(n,g)37Cl"
37Cl,3138.0,10.006618298688,"(n,g)37Cl"
37Cl,2285.7,10.006618298688,"(n,g)37Cl"
37Cl,1029.6,9.571491464568,"(n,g)37Cl"
37Cl,4422.7,9.571491464568,"(n,g)37Cl"
37Cl,3683.9,9.136364630447998,"(n,g)37Cl"
37Cl,3974.7,8.701237796327998,"(n,g)37Cl"
37Cl,958.21,8.701237796327998,"(n,g)37Cl"
37Cl,2422.9,8.266110962208,"(n,g)37Cl"
37Cl,2096.3,7.831417090112,"(n,g)37Cl"
37Cl,2895.2,7.396290255991999,"(n,g)37Cl"
37Cl,936.8,7.396290255991999,"(n,g)37Cl"
37Cl,1992.9,6.961163421871999,"(n,g)37Cl"
37Cl,1654.32,6.961163421871999,"(n,g)37Cl"
37Cl,3635.3,6.961163421871999,"(n,g)37Cl"
37Cl,3538.4,6.526036587751999,"(n,g)37Cl"
37Cl,2743.2,6.526036587751999,"(n,g)37Cl"
37Cl,3893.0,6.090909753632,"(n,g)37Cl"
37Cl,2705.4,6.090909753632,"(n,g)37Cl"
37Cl,2855.0,5.655782919511999,"(n,g)37Cl"
37Cl,2245.2,5.220656085391998,"(n,g)37Cl"
37Cl,2205.2,5.220656085391998,"(n,g)37Cl"
37Cl,2351.5,4.785962213295999,"(n,g)37Cl"
37Cl,1125.7,4.350835379176,"(n,g)37Cl"
37Cl,3213.1,4.350835379176,"(n,g)37Cl"
37Cl,4165.5,4.350835379176,"(n,g)37Cl"
37Cl,1308.8,4.350835379176,"(n,g)37Cl"
37Cl,4405.4,4.350835379176,"(n,g)37Cl"
37Cl,1912.3,4.350835379176,"(n,g)37Cl"
37Cl,2034.6,4.350835379176,"(n,g)37Cl"
37Cl,2813.6,3.915708545056,"(n,g)37Cl"
37Cl,1820.8,3.915708545056,"(n,g)37Cl"
37Cl,4735.1,3.915708545056,"(n,g)37Cl"
37Cl,3566.4,3.915708545056,"(n,g)37Cl"
37Cl,1937.0,3.4805817109359993,"(n,g)37Cl"
37Cl,945.9,3.4805817109359993,"(n,g)37Cl"
37Cl,3051.0,3.4805817109359993,"(n,g)37Cl"
37Cl,1273.1,3.1065025221999996,"(n,g)37Cl"
37Cl,1987.6,3.045454876816,"(n,g)37Cl"
37Cl,1941.7,3.045454876816,"(n,g)37Cl"
37Cl,3202.1,2.1752012085759995,"(n,g)37Cl"
37Cl,1869.6,2.1752012085759995,"(n,g)37Cl"
37Cl,2030.1,2.1752012085759995,"(n,g)37Cl"
37Cl,2276.4,2.1752012085759995,"(n,g)37Cl"
37Cl,723.2,2.1752012085759995,"(n,g)37Cl"
37Cl,2290.0,2.1752012085759995,"(n,g)37Cl"
37Cl,1701.0,2.1752012085759995,"(n,g)37Cl"
37Cl,1469.5,2.1752012085759995,"(n,g)37Cl"
37Cl,2201.1,1.7400743744559997,"(n,g)37Cl"
37Cl,2569.0,1.7400743744559997,"(n,g)37Cl"
37Cl,2092.3,1.7400743744559997,"(n,g)37Cl"
37Cl,2544.4,1.7400743744559997,"(n,g)37Cl"
37Cl,1971.9,1.3053805023599998,"(n,g)37Cl"
37Cl,1818.7,0.8702536682399998,"(n,g)37Cl"
37Cl,2831.0,0.8702536682399998,"(n,g)37Cl"
37Cl,2248.9,0.4351268341199999,"(n,g)37Cl"
37Cl,2733.6,0.4351268341199999,"(n,g)37Cl"
40Ca,1942.61,255.50629128236963,"(n,g)40Ca"
40Ca,2009.8,162.33556127882483,"(n,g)40Ca"
40Ca,519.59,75.75064582484777,"(n,g)40Ca"
40Ca,2605.2,56.37919012418253,"(n,g)40Ca"
40Ca,2574.9,44.74518415654147,"(n,g)40Ca"
40Ca,727.29,31.91796206146582,"(n,g)40Ca"
40Ca,660.1,16.7239636539044,"(n,g)40Ca"
40Ca,1039.9,15.06214470894547,"(n,g)40Ca"
40Ca,444.5,13.111013917821937,"(n,g)40Ca"
40Ca,2883.5,10.617834354129634,"(n,g)40Ca"
40Ca,1107.09,8.884315457669365,"(n,g)40Ca"
40Ca,2959.4,7.568501784783264,"(n,g)40Ca"
40Ca,379.8,1.507662614574266,"(n,g)40Ca"
40Ca,3201.24,0.43227475053857906,"(n,g)40Ca"
42Ca,372.76,602.8102847884667,"(n,g)42Ca"
42Ca,593.39,285.38065822054415,"(n,g)42Ca"
42Ca,617.5,183.32836384541648,"(n,g)42Ca"
42Ca,220.63,121.61003588949818,"(n,g)42Ca"
42Ca,1364.01,39.42298255482243,"(n,g)42Ca"
42Ca,1021.71,38.98903443164911,"(n,g)42Ca"
42Ca,2046.25,37.79195321945091,"(n,g)42Ca"
42Ca,396.86,27.328566941189205,"(n,g)42Ca"
42Ca,1931.3,22.01968797336815,"(n,g)42Ca"
42Ca,1558.54,13.255140026325689,"(n,g)42Ca"
42Ca,1673.49,12.096623184863502,"(n,g)42Ca"
42Ca,967.14,11.119868258302105,"(n,g)42Ca"
42Ca,404.21,7.29892098389468,"(n,g)42Ca"
42Ca,1452.86,4.913225311142245,"(n,g)42Ca"
42Ca,1055.99,4.157257368908429,"(n,g)42Ca"
42Ca,1901.8,3.7400785642792607,"(n,g)42Ca"
42Ca,801.08,2.885339778713704,"(n,g)42Ca"
42Ca,1337.91,2.620379673347934,"(n,g)42Ca"
42Ca,1394.47,2.5732036249996657,"(n,g)42Ca"
42Ca,2067.3,2.3839056668255614,"(n,g)42Ca"
42Ca,651.78,1.1340190004586224,"(n,g)42Ca"
42Ca,507.33,0.8982144990358752,"(n,g)42Ca"
42Ca,911.54,0.7108633585072012,"(n,g)42Ca"
42Ca,1694.54,0.6676917359277728,"(n,g)42Ca"
42Ca,990.26,0.6599427171493913,"(n,g)42Ca"
42Ca,1677.8,0.008929358256954885,"(n,g)42Ca"
43Ca,1157.05,14223.713403639686,"(n,g)43Ca"
43Ca,1126.09,5965.147493378315,"(n,g)43Ca"
43Ca,2150.81,987.7769940094842,"(n,g)43Ca"
43Ca,1499.45,913.8252556627566,"(n,g)43Ca"
43Ca,1074.06,790.1955794229411,"(n,g)43Ca"
43Ca,761.19,736.0609255101192,"(n,g)43Ca"
43Ca,1887.28,706.5143482833683,"(n,g)43Ca"
43Ca,2423.35,697.7705082650757,"(n,g)43Ca"
43Ca,2144.25,295.87345911993793,"(n,g)43Ca"
43Ca,1024.72,283.5346558343344,"(n,g)43Ca"
43Ca,1001.86,262.57150616815585,"(n,g)43Ca"
43Ca,3301.3,133.11400443840924,"(n,g)43Ca"
43Ca,651.36,129.43332704520395,"(n,g)43Ca"
43Ca,2656.5,115.1389075956904,"(n,g)43Ca"
43Ca,2200.15,107.44165723968332,"(n,g)43Ca"
43Ca,726.46,16.471072495573136,"(n,g)43Ca"
43Ca,263.53,4.256432212156098,"(n,g)43Ca"
43Ca,3307.86,0.6915982640953439,"(n,g)43Ca"
44Ca,174.27,1079.6611170742149,"(n,g)44Ca"
44Ca,1260.44,164.3063186282705,"(n,g)44Ca"
44Ca,1409.73,163.80894298227994,"(n,g)44Ca"
44Ca,1705.64,115.74905812989866,"(n,g)44Ca"
44Ca,1434.71,80.52442630879565,"(n,g)44Ca"
44Ca,1725.6,70.70974196850626,"(n,g)44Ca"
44Ca,1899.87,29.694815791991967,"(n,g)44Ca"
44Ca,1710.13,15.849136514913699,"(n,g)44Ca"
44Ca,465.16,8.13600775797429,"(n,g)44Ca"
44Ca,538.29,4.5059812107654595,"(n,g)44Ca"
44Ca,1973.0,4.5059812107654595,"(n,g)44Ca"
44Ca,1383.73,1.6772551531830633,"(n,g)44Ca"
44Ca,1554.37,0.8492679180209141,"(n,g)44Ca"
44Ca,385.82,0.8159603460821542,"(n,g)44Ca"
44Ca,1879.91,0.4282281857423645,"(n,g)44Ca"
45Sc,227.8,7360.015653656126,"(n,g)45Sc"
45Sc,142.5,5981.6938473510745,"(n,g)45Sc"
45Sc,147.0,5669.513331789375,"(n,g)45Sc"
45Sc,295.2,4462.904393922088,"(n,g)45Sc"
45Sc,228.7,3901.033805426361,"(n,g)45Sc"
45Sc,627.4,2650.110992808759,"(n,g)45Sc"
45Sc,8175.1,2605.9057970890985,"(n,g)45Sc"
45Sc,216.4,2595.49977990371,"(n,g)45Sc"
45Sc,584.8,2119.567134899855,"(n,g)45Sc"
45Sc,554.4,2096.1739735509755,"(n,g)45Sc"
45Sc,8532.1,1341.9686705503448,"(n,g)45Sc"
45Sc,6840.3,868.6443222822561,"(n,g)45Sc"
45Sc,539.4,847.832287911476,"(n,g)45Sc"
45Sc,6317.9,837.4262707260845,"(n,g)45Sc"
45Sc,1335.1,819.2225330910684,"(n,g)45Sc"
45Sc,52.0,780.2067610852716,"(n,g)45Sc"
45Sc,6349.8,717.7978277305962,"(n,g)45Sc"
45Sc,8132.5,691.7963696459531,"(n,g)45Sc"
45Sc,4975.0,689.1880729101895,"(n,g)45Sc"
45Sc,807.9,686.5797761744259,"(n,g)45Sc"
45Sc,774.0,676.1737589890362,"(n,g)45Sc"
45Sc,486.0,665.7677418036461,"(n,g)45Sc"
45Sc,7635.8,647.5640041686296,"(n,g)45Sc"
45Sc,6557.0,642.3745804547669,"(n,g)45Sc"
45Sc,6170.2,626.7791395555138,"(n,g)45Sc"
45Sc,1693.3,616.3731223701237,"(n,g)45Sc"
45Sc,6839.0,608.5754019204974,"(n,g)45Sc"
45Sc,5896.9,582.5467740781902,"(n,g)45Sc"
45Sc,722.0,551.3558922796844,"(n,g)45Sc"
45Sc,7117.4,543.558171830058,"(n,g)45Sc"
45Sc,8315.7,522.7461374592782,"(n,g)45Sc"
45Sc,5267.1,488.9197891673447,"(n,g)45Sc"
45Sc,2635.5,488.9197891673447,"(n,g)45Sc"
45Sc,1857.5,465.5266278184651,"(n,g)45Sc"
45Sc,1285.4,460.33720410460245,"(n,g)45Sc"
45Sc,6716.7,447.32289018344875,"(n,g)45Sc"
45Sc,547.2,442.1334664695858,"(n,g)45Sc"
45Sc,860.8,436.9168729980588,"(n,g)45Sc"
45Sc,1166.4,436.9168729980588,"(n,g)45Sc"
45Sc,3011.2,423.9025590769051,"(n,g)45Sc"
45Sc,835.1,397.9011009922623,"(n,g)45Sc"
45Sc,1227.1,395.3199740141633,"(n,g)45Sc"
45Sc,1057.9,392.71167727839963,"(n,g)45Sc"
45Sc,6055.0,390.1033805426357,"(n,g)45Sc"
45Sc,2005.2,387.49508380687223,"(n,g)45Sc"
45Sc,1575.3,377.0890666214825,"(n,g)45Sc"
45Sc,1618.3,371.8996429076196,"(n,g)45Sc"
45Sc,1900.9,340.6815913514496,"(n,g)45Sc"
45Sc,1123.0,338.1004643733502,"(n,g)45Sc"
45Sc,1814.8,322.477853716433,"(n,g)45Sc"
45Sc,1270.4,309.49070955294377,"(n,g)45Sc"
45Sc,1015.2,304.2741160814167,"(n,g)45Sc"
45Sc,643.0,291.2869719179272,"(n,g)45Sc"
45Sc,5743.2,280.8809547325374,"(n,g)45Sc"
45Sc,5335.8,262.67178314598794,"(n,g)45Sc"
45Sc,5624.0,254.8686287448287,"(n,g)45Sc"
45Sc,3265.3,252.26848293636445,"(n,g)45Sc"
45Sc,4059.5,244.46532853520537,"(n,g)45Sc"
45Sc,280.7,241.865182726741,"(n,g)45Sc"
45Sc,6300.6,241.865182726741,"(n,g)45Sc"
45Sc,4720.7,239.26503691827637,"(n,g)45Sc"
45Sc,399.7,236.66489110981212,"(n,g)45Sc"
45Sc,8759.8,236.66489110981212,"(n,g)45Sc"
45Sc,4993.7,234.06474530134784,"(n,g)45Sc"
45Sc,3458.7,231.46188251711726,"(n,g)45Sc"
45Sc,2114.1,226.2615909001887,"(n,g)45Sc"
45Sc,3623.3,221.06129928326013,"(n,g)45Sc"
45Sc,1829.7,221.06129928326013,"(n,g)45Sc"
45Sc,5163.3,213.25814488210094,"(n,g)45Sc"
45Sc,1870.1,210.6579990736367,"(n,g)45Sc"
45Sc,5446.2,202.85484467247718,"(n,g)45Sc"
45Sc,6874.1,200.25469886401294,"(n,g)45Sc"
45Sc,8470.3,197.65455305554863,"(n,g)45Sc"
45Sc,5665.6,197.65455305554863,"(n,g)45Sc"
45Sc,1321.8,195.05169027131805,"(n,g)45Sc"
45Sc,2404.6,195.05169027131805,"(n,g)45Sc"
45Sc,5481.6,195.05169027131805,"(n,g)45Sc"
45Sc,1753.9,189.8513986543895,"(n,g)45Sc"
45Sc,4173.3,189.8513986543895,"(n,g)45Sc"
45Sc,2243.0,187.2512528459252,"(n,g)45Sc"
45Sc,1082.6,184.65110703746095,"(n,g)45Sc"
45Sc,899.3,182.04824425322997,"(n,g)45Sc"
45Sc,4499.0,179.4480984447657,"(n,g)45Sc"
45Sc,2477.4,176.84795263630144,"(n,g)45Sc"
45Sc,5286.1,174.24780682783714,"(n,g)45Sc"
45Sc,5583.8,171.64766101937286,"(n,g)45Sc"
45Sc,6364.2,171.64766101937286,"(n,g)45Sc"
45Sc,6640.9,169.04479823514228,"(n,g)45Sc"
45Sc,6457.6,163.8445066182137,"(n,g)45Sc"
45Sc,2693.9,163.8445066182137,"(n,g)45Sc"
45Sc,5210.1,163.8445066182137,"(n,g)45Sc"
45Sc,685.7,161.24436080974945,"(n,g)45Sc"
45Sc,2797.6,161.24436080974945,"(n,g)45Sc"
45Sc,3877.9,161.24436080974945,"(n,g)45Sc"
45Sc,4883.8,161.24436080974945,"(n,g)45Sc"
45Sc,6046.2,158.64421500128515,"(n,g)45Sc"
45Sc,2410.4,158.64421500128515,"(n,g)45Sc"
45Sc,843.5,158.64421500128515,"(n,g)45Sc"
45Sc,4891.8,156.04135221705423,"(n,g)45Sc"
45Sc,3799.1,153.44120640858998,"(n,g)45Sc"
46Ca,2013.54,840.9738377266028,"(n,g)46Ca"
46Ca,564.8,244.69381394867875,"(n,g)46Ca"
46Ca,270.66,144.60438881334048,"(n,g)46Ca"
46Ca,586.01,141.73501360725305,"(n,g)46Ca"
46Ca,861.67,114.57813769637663,"(n,g)46Ca"
46Ca,2578.34,103.21617538052892,"(n,g)46Ca"
46Ca,688.66,26.408407179908572,"(n,g)46Ca"
46Ca,418.0,26.408407179908572,"(n,g)46Ca"
46Ca,3425.0,5.000244366192995,"(n,g)46Ca"
46Ca,1411.46,5.000244366192995,"(n,g)46Ca"
46Ca,2599.55,1.8563484485580146,"(n,g)46Ca"
46Ca,29.0,0.5119856420494038,"(n,g)46Ca"
46Ca,270.0,0.11574880535807194,"(n,g)46Ca"
46Ca,299.0,0.11574880535807194,"(n,g)46Ca"
46Ca,419.0,0.00023407894359876963,"(n,g)46Ca"
46Ca,3844.0,0.00023407894359876963,"(n,g)46Ca"
46Ti,159.4,148.32894368469468,"(n,g)46Ti"
46Ti,1252.1,67.85143960683688,"(n,g)46Ti"
46Ti,1390.5,62.02015453219846,"(n,g)46Ti"
46Ti,1825.0,58.06883955026915,"(n,g)46Ti"
46Ti,1549.9,52.02940530758839,"(n,g)46Ti"
46Ti,2163.0,35.71879515966832,"(n,g)46Ti"
46Ti,1794.1,31.367960419613635,"(n,g)46Ti"
46Ti,539.9,29.296678179969348,"(n,g)46Ti"
46Ti,2548.2,28.401239233771403,"(n,g)46Ti"
46Ti,2520.0,21.51644806542949,"(n,g)46Ti"
46Ti,2007.3,20.16064223598555,"(n,g)46Ti"
46Ti,1243.3,18.65379822583967,"(n,g)46Ti"
46Ti,2695.0,17.910451415269556,"(n,g)46Ti"
46Ti,244.2,15.4289350630321,"(n,g)46Ti"
46Ti,3325.1,14.970851483745076,"(n,g)46Ti"
46Ti,1023.0,14.87364792058802,"(n,g)46Ti"
46Ti,2525.8,14.721252503197569,"(n,g)46Ti"
46Ti,2366.4,14.132633228876307,"(n,g)46Ti"
46Ti,3423.3,14.042518784542606,"(n,g)46Ti"
46Ti,3676.1,13.219482285707393,"(n,g)46Ti"
46Ti,3724.0,12.818182556214106,"(n,g)46Ti"
46Ti,1111.0,9.980624666187238,"(n,g)46Ti"
46Ti,2259.5,7.823046028795487,"(n,g)46Ti"
46Ti,2499.4,7.367441246242568,"(n,g)46Ti"
46Ti,1727.8,7.185912222971239,"(n,g)46Ti"
46Ti,3385.4,6.886200305721089,"(n,g)46Ti"
46Ti,3654.0,6.171508914569496,"(n,g)46Ti"
46Ti,747.9,5.504003910315603,"(n,g)46Ti"
46Ti,2855.0,4.99369079769065,"(n,g)46Ti"
46Ti,2868.0,4.918923169222625,"(n,g)46Ti"
46Ti,2793.2,4.848530121508511,"(n,g)46Ti"
46Ti,1719.8,3.305662855317266,"(n,g)46Ti"
46Ti,1690.5,3.1012342405407654,"(n,g)46Ti"
46Ti,3544.8,2.892636327014005,"(n,g)46Ti"
46Ti,1150.6,2.4813919157545676,"(n,g)46Ti"
46Ti,2003.6,1.9286197534092058,"(n,g)46Ti"
46Ti,2100.1,1.7207452401837742,"(n,g)46Ti"
46Ti,1094.6,1.680422526465178,"(n,g)46Ti"
46Ti,1670.0,1.5539117251539705,"(n,g)46Ti"
46Ti,2809.5,1.4765349105262409,"(n,g)46Ti"
46Ti,3434.6,1.3537520669311818,"(n,g)46Ti"
46Ti,1179.9,1.3083060316953976,"(n,g)46Ti"
46Ti,2599.6,1.3034369994067727,"(n,g)46Ti"
46Ti,3515.5,1.147483578216274,"(n,g)46Ti"
46Ti,1609.6,1.069287160596113,"(n,g)46Ti"
46Ti,2686.9,1.066354113410481,"(n,g)46Ti"
46Ti,2440.2,1.0556538777584203,"(n,g)46Ti"
46Ti,3016.6,0.8812317437225425,"(n,g)46Ti"
46Ti,3176.0,0.846036509699621,"(n,g)46Ti"
46Ti,1592.3,0.7677602316177234,"(n,g)46Ti"
46Ti,2873.7,0.755246928167606,"(n,g)46Ti"
46Ti,591.3,0.7161546006288237,"(n,g)46Ti"
46Ti,2828.5,0.6793535537685447,"(n,g)46Ti"
46Ti,412.2,0.659327929326479,"(n,g)46Ti"
46Ti,2297.1,0.5953892737594538,"(n,g)46Ti"
46Ti,2416.3,0.5656475275966197,"(n,g)46Ti"
46Ti,1003.5,0.5503215258769685,"(n,g)46Ti"
46Ti,1351.0,0.5465395068207543,"(n,g)46Ti"
46Ti,3394.2,0.48598660376792746,"(n,g)46Ti"
46Ti,1555.5,0.47242883115305223,"(n,g)46Ti"
46Ti,811.1,0.40542072210392044,"(n,g)46Ti"
46Ti,866.4,0.37959025775413285,"(n,g)46Ti"
46Ti,759.7,0.3702254880809991,"(n,g)46Ti"
46Ti,2800.2,0.35211796361280545,"(n,g)46Ti"
46Ti,774.6,0.3518845725706521,"(n,g)46Ti"
46Ti,2460.0,0.34093848739342686,"(n,g)46Ti"
46Ti,1013.0,0.3348951811720072,"(n,g)46Ti"
46Ti,1284.8,0.309621496054272,"(n,g)46Ti"
46Ti,1313.4,0.2796896071915691,"(n,g)46Ti"
46Ti,773.6,0.21147452139078082,"(n,g)46Ti"
46Ti,1779.1,0.18874529423303724,"(n,g)46Ti"
46Ti,3033.1,0.1737254591503026,"(n,g)46Ti"
46Ti,3211.0,0.16755961754365972,"(n,g)46Ti"
46Ti,2137.7,0.1667577584569184,"(n,g)46Ti"
46Ti,1971.8,0.10236705551086978,"(n,g)46Ti"
46Ti,1254.0,0.10081822494990526,"(n,g)46Ti"
46Ti,1503.6,0.09791211070545061,"(n,g)46Ti"
46Ti,2619.4,0.08525813140206945,"(n,g)46Ti"
46Ti,2368.5,0.07169441158703649,"(n,g)46Ti"
46Ti,3092.2,0.06967453692787029,"(n,g)46Ti"
46Ti,3066.4,0.047089825200711456,"(n,g)46Ti"
46Ti,1807.4,0.044598506878714375,"(n,g)46Ti"
46Ti,1365.4,0.034093848739342694,"(n,g)46Ti"
46Ti,3251.6,0.021595405610305856,"(n,g)46Ti"
46Ti,190.2,0.019263362112511423,"(n,g)46Ti"
46Ti,954.5,0.01881089957252047,"(n,g)46Ti"
46Ti,3225.8,0.013308203763492692,"(n,g)46Ti"
46Ti,452.7,0.009206560422628147,"(n,g)46Ti"
46Ti,2344.0,0.004257154762632902,"(n,g)46Ti"
46Ti,1223.8,0.0026056458101165318,"(n,g)46Ti"
46Ti,2246.8,0.002376260953632517,"(n,g)46Ti"
46Ti,2785.1,0.0016566940606819885,"(n,g)46Ti"
46Ti,2679.5,0.001165770982979072,"(n,g)46Ti"
46Ti,1152.2,0.0007129912729116624,"(n,g)46Ti"
46Ti,2447.8,0.0005299574911517013,"(n,g)46Ti"
46Ti,1033.8,0.0004876259490433002,"(n,g)46Ti"
46Ti,1797.5,0.0003754816382541959,"(n,g)46Ti"
46Ti,2892.1,0.00036796245460967635,"(n,g)46Ti"
46Ti,962.0,0.00033269162286871676,"(n,g)46Ti"
46Ti,2406.2,0.00033269162286871676,"(n,g)46Ti"
47Ti,983.5,1330.1340714982396,"(n,g)47Ti"
47Ti,1312.1,326.0248932695303,"(n,g)47Ti"
47Ti,1437.5,153.66939567719186,"(n,g)47Ti"
47Ti,2375.33,91.32763032287669,"(n,g)47Ti"
47Ti,944.2,88.89302899566731,"(n,g)47Ti"
47Ti,2240.5,78.62519816436426,"(n,g)47Ti"
47Ti,2633.3,54.49090071441964,"(n,g)47Ti"
47Ti,2387.4,47.09340414530111,"(n,g)47Ti"
47Ti,2650.1,43.33764354028134,"(n,g)47Ti"
47Ti,2727.5,41.01457516905917,"(n,g)47Ti"
47Ti,2819.3,37.52337390001573,"(n,g)47Ti"
47Ti,2868.76,30.678535059384668,"(n,g)47Ti"
47Ti,2715.9,28.49816970168784,"(n,g)47Ti"
47Ti,928.4,26.3388947314095,"(n,g)47Ti"
47Ti,4205.3,25.18190372338459,"(n,g)47Ti"
47Ti,4407.0,25.130672743597525,"(n,g)47Ti"
47Ti,3226.5,25.0596644579584,"(n,g)47Ti"
47Ti,1614.16,22.597339140564575,"(n,g)47Ti"
47Ti,3738.6,21.32478871014231,"(n,g)47Ti"
47Ti,423.67,21.270705919771142,"(n,g)47Ti"
47Ti,4472.0,20.288931254653345,"(n,g)47Ti"
47Ti,4077.0,19.997724316172313,"(n,g)47Ti"
47Ti,4530.0,19.011786045643493,"(n,g)47Ti"
47Ti,2085.4,17.939252721121555,"(n,g)47Ti"
47Ti,4567.0,17.092159153803248,"(n,g)47Ti"
47Ti,3091.03,16.99489714327694,"(n,g)47Ti"
47Ti,2498.52,16.853812930589072,"(n,g)47Ti"
47Ti,3699.4,15.385679383420399,"(n,g)47Ti"
47Ti,4102.0,14.821134113576635,"(n,g)47Ti"
47Ti,3799.81,13.26512181663096,"(n,g)47Ti"
47Ti,555.1,13.155184952637166,"(n,g)47Ti"
47Ti,972.89,12.86568092968561,"(n,g)47Ti"
47Ti,1140.94,12.208183690089324,"(n,g)47Ti"
47Ti,834.73,11.593547840310645,"(n,g)47Ti"
47Ti,5063.0,10.24452490646058,"(n,g)47Ti"
47Ti,3364.5,10.026604901157468,"(n,g)47Ti"
47Ti,811.16,9.991842109466502,"(n,g)47Ti"
47Ti,1621.2,9.823271051572133,"(n,g)47Ti"
47Ti,2161.85,9.799455016035022,"(n,g)47Ti"
47Ti,1227.4,9.488752337124575,"(n,g)47Ti"
47Ti,2565.4,9.03861839062345,"(n,g)47Ti"
47Ti,3404.19,8.99877652690169,"(n,g)47Ti"
47Ti,2755.1,8.956210857038794,"(n,g)47Ti"
47Ti,1163.69,8.820482115357189,"(n,g)47Ti"
47Ti,1479.35,8.457688665990737,"(n,g)47Ti"
47Ti,2421.0,8.328212787048265,"(n,g)47Ti"
47Ti,1556.66,8.281853282965596,"(n,g)47Ti"
47Ti,4196.89,8.231943131471567,"(n,g)47Ti"
47Ti,2036.45,8.231740776906726,"(n,g)47Ti"
47Ti,1750.39,8.107228730354601,"(n,g)47Ti"
47Ti,1141.2,8.07474401115427,"(n,g)47Ti"
47Ti,3956.55,8.051350059540617,"(n,g)47Ti"
47Ti,989.17,7.921250487558722,"(n,g)47Ti"
47Ti,3982.5,7.77922513173728,"(n,g)47Ti"
47Ti,1037.6,7.766826658563831,"(n,g)47Ti"
47Ti,3597.2,7.737419607216062,"(n,g)47Ti"
47Ti,2092.09,7.64883347067463,"(n,g)47Ti"
47Ti,1063.23,7.489129462934507,"(n,g)47Ti"
47Ti,3370.9,7.34354172737785,"(n,g)47Ti"
47Ti,4311.0,7.319719672618078,"(n,g)47Ti"
47Ti,1486.9,7.007642994441567,"(n,g)47Ti"
47Ti,2487.71,6.631566947321881,"(n,g)47Ti"
47Ti,5241.0,6.377653940979131,"(n,g)47Ti"
47Ti,2629.31,6.287006857931762,"(n,g)47Ti"
47Ti,2464.0,6.2555778311250405,"(n,g)47Ti"
47Ti,3473.95,5.48699248044123,"(n,g)47Ti"
47Ti,2644.45,5.394977449212611,"(n,g)47Ti"
47Ti,648.6,5.315728935573936,"(n,g)47Ti"
47Ti,1221.87,5.184607732097669,"(n,g)47Ti"
47Ti,1526.17,4.692230670025407,"(n,g)47Ti"
47Ti,3808.78,4.3947656948024045,"(n,g)47Ti"
47Ti,1195.8,4.359391671347388,"(n,g)47Ti"
47Ti,3852.2,4.277968869429798,"(n,g)47Ti"
47Ti,175.3,4.01781824870856,"(n,g)47Ti"
47Ti,3327.5,3.8789238532338386,"(n,g)47Ti"
47Ti,1495.15,3.8731015094567733,"(n,g)47Ti"
47Ti,2013.8,3.8323248646141335,"(n,g)47Ti"
47Ti,803.0,3.774660569629968,"(n,g)47Ti"
47Ti,2371.28,3.604145185358012,"(n,g)47Ti"
47Ti,458.29,3.4760332912101455,"(n,g)47Ti"
47Ti,1700.25,3.4625805768868556,"(n,g)47Ti"
47Ti,2285.1,3.4055406558808805,"(n,g)47Ti"
47Ti,1778.93,3.229064867218218,"(n,g)47Ti"
47Ti,889.5,3.196706455410548,"(n,g)47Ti"
47Ti,1555.2,3.1260543272259294,"(n,g)47Ti"
47Ti,2862.11,2.9928722046495544,"(n,g)47Ti"
47Ti,1933.71,2.9928722046495544,"(n,g)47Ti"
47Ti,344.69,2.8387104641222596,"(n,g)47Ti"
47Ti,1293.79,2.7588813307378683,"(n,g)47Ti"
47Ti,4074.53,2.718976052944549,"(n,g)47Ti"
47Ti,1921.81,2.6189377023702476,"(n,g)47Ti"
47Ti,1317.6,2.5594343139466273,"(n,g)47Ti"
47Ti,4794.12,2.4783887456974076,"(n,g)47Ti"
47Ti,3774.24,2.442222241334341,"(n,g)47Ti"
47Ti,1071.28,2.3053967433872637,"(n,g)47Ti"
47Ti,2108.4,2.2942847911320037,"(n,g)47Ti"
47Ti,2850.21,2.278887372697703,"(n,g)47Ti"
47Ti,1917.91,2.0950102157601918,"(n,g)47Ti"
47Ti,1431.26,2.055490361576662,"(n,g)47Ti"
47Ti,1070.8,2.0419178906462303,"(n,g)47Ti"
48Ca,2023.2,643.559915512131,"(n,g)48Ca"
48Ca,3585.0,152.16282256644462,"(n,g)48Ca"
48Ca,3351.0,143.22910185981019,"(n,g)48Ca"
48Ca,3861.0,81.84194472430353,"(n,g)48Ca"
48Ca,3991.0,60.68792500210171,"(n,g)48Ca"
48Ca,4072.0,50.6440860936169,"(n,g)48Ca"
48Ca,659.0,46.16834847605026,"(n,g)48Ca"
48Ca,4416.0,20.17051859543843,"(n,g)48Ca"
48Ca,4272.0,8.400825233491283,"(n,g)48Ca"
48Ca,2237.8,8.115365966802276,"(n,g)48Ca"
48Ca,676.0,8.115365966802276,"(n,g)48Ca"
48Ca,2248.8,7.307585281972561,"(n,g)48Ca"
48Ti,1381.8,3931.709085534942,"(n,g)48Ti"
48Ti,1586.0,2235.7945013519848,"(n,g)48Ti"
48Ti,341.7,1472.1432825117004,"(n,g)48Ti"
48Ti,1762.0,1218.277946525662,"(n,g)48Ti"
48Ti,1622.9,502.82022204681897,"(n,g)48Ti"
48Ti,1122.64,448.44909344328744,"(n,g)48Ti"
48Ti,1882.99,399.29457296854866,"(n,g)48Ti"
48Ti,1498.7,380.2330422655639,"(n,g)48Ti"
48Ti,2025.69,320.6979290194578,"(n,g)48Ti"
48Ti,1793.49,316.94195694015855,"(n,g)48Ti"
48Ti,1315.18,315.71568685474097,"(n,g)48Ti"
48Ti,902.34,308.66952348496324,"(n,g)48Ti"
48Ti,1842.29,201.9542445020333,"(n,g)48Ti"
48Ti,1041.44,169.73952265222573,"(n,g)48Ti"
48Ti,2046.49,169.6286367920088,"(n,g)48Ti"
48Ti,1135.3,152.22095611164463,"(n,g)48Ti"
48Ti,1589.29,124.58185793981875,"(n,g)48Ti"
48Ti,3747.0,113.7731899601142,"(n,g)48Ti"
48Ti,881.54,80.75683882759829,"(n,g)48Ti"
48Ti,2513.5,54.68077855850186,"(n,g)48Ti"
48Ti,3606.0,51.04317833004694,"(n,g)48Ti"
48Ti,638.4,43.90902983969929,"(n,g)48Ti"
48Ti,1878.9,38.023304226556384,"(n,g)48Ti"
48Ti,1666.29,32.51148248097139,"(n,g)48Ti"
48Ti,137.5,32.331465875791444,"(n,g)48Ti"
48Ti,2261.3,32.04591997640979,"(n,g)48Ti"
48Ti,3916.0,31.328672323565574,"(n,g)48Ti"
48Ti,1674.7,31.103440798682584,"(n,g)48Ti"
48Ti,1451.79,29.4757253434949,"(n,g)48Ti"
48Ti,848.5,27.318718805415944,"(n,g)48Ti"
48Ti,2471.4,18.57323901831257,"(n,g)48Ti"
48Ti,499.3,15.369989302225765,"(n,g)48Ti"
48Ti,460.0,12.942744057618327,"(n,g)48Ti"
48Ti,709.4,12.294878115257841,"(n,g)48Ti"
48Ti,1135.6,9.552119407963547,"(n,g)48Ti"
48Ti,3511.0,9.226160848564474,"(n,g)48Ti"
48Ti,149.45,7.32076307676675,"(n,g)48Ti"
48Ti,1357.6,4.539388824236987,"(n,g)48Ti"
48Ti,3990.0,3.14089961175028,"(n,g)48Ti"
48Ti,2473.2,1.8774634791616647,"(n,g)48Ti"
48Ti,3451.0,1.8199353200982344,"(n,g)48Ti"
48Ti,1419.6,1.6256683858851568,"(n,g)48Ti"
48Ti,1350.56,1.6147818247040293,"(n,g)48Ti"
48Ti,3042.5,1.4305881516309515,"(n,g)48Ti"
48Ti,1542.1,1.0219190345877287,"(n,g)48Ti"
48Ti,1500.4,1.0079144302882714,"(n,g)48Ti"
48Ti,3750.0,0.9320433318714526,"(n,g)48Ti"
48Ti,3786.1,0.8564968221265923,"(n,g)48Ti"
48Ti,2131.5,0.8073909123520147,"(n,g)48Ti"
48Ti,3818.0,0.7944551803564482,"(n,g)48Ti"
48Ti,3942.7,0.05383344166245024,"(n,g)48Ti"
48Ti,3639.0,0.0013269724713205868,"(n,g)48Ti"
48Ti,3702.4,0.0010488447168110946,"(n,g)48Ti"
48Ti,3967.0,0.000372245320028344,"(n,g)48Ti"
48Ti,1178.0,9.274026423661297e-06,"(n,g)48Ti"
49Ti,1553.8,1412.2132910275725,"(n,g)49Ti"
49Ti,1121.1,810.955308195977,"(n,g)49Ti"
49Ti,1299.89,117.29274430172065,"(n,g)49Ti"
49Ti,1472.39,111.46910687745495,"(n,g)49Ti"
49Ti,2617.99,80.70245580489834,"(n,g)49Ti"
49Ti,4536.0,71.7602042717936,"(n,g)49Ti"
49Ti,2856.69,59.79392456970224,"(n,g)49Ti"
49Ti,2217.19,52.14478430631442,"(n,g)49Ti"
49Ti,2618.49,49.641763946661285,"(n,g)49Ti"
49Ti,2765.82,46.79839424347941,"(n,g)49Ti"
49Ti,4928.0,45.49185252653939,"(n,g)49Ti"
49Ti,5600.0,42.382647209631195,"(n,g)49Ti"
49Ti,2205.78,40.05265768596351,"(n,g)49Ti"
49Ti,2511.17,39.06185866559498,"(n,g)49Ti"
49Ti,1496.89,38.73288196297893,"(n,g)49Ti"
49Ti,5787.0,37.713196577231066,"(n,g)49Ti"
49Ti,3131.61,37.25499970208762,"(n,g)49Ti"
49Ti,5125.0,35.516806159936976,"(n,g)49Ti"
49Ti,5191.0,30.22153492763563,"(n,g)49Ti"
49Ti,2757.19,29.80183343051116,"(n,g)49Ti"
49Ti,2705.01,28.9972229930772,"(n,g)49Ti"
49Ti,2932.91,26.934660185151564,"(n,g)49Ti"
49Ti,523.8,25.418117741718877,"(n,g)49Ti"
49Ti,5336.0,25.044993569556354,"(n,g)49Ti"
49Ti,4940.0,23.01632034698003,"(n,g)49Ti"
49Ti,3236.15,22.931253916859202,"(n,g)49Ti"
49Ti,5407.0,22.8075580344004,"(n,g)49Ti"
49Ti,2872.88,20.950186120199803,"(n,g)49Ti"
49Ti,5528.0,20.76082231878401,"(n,g)49Ti"
49Ti,3993.98,17.176087389706737,"(n,g)49Ti"
49Ti,1208.12,15.893548669093468,"(n,g)49Ti"
49Ti,3632.27,15.77719700617737,"(n,g)49Ti"
49Ti,1735.59,15.24864990901233,"(n,g)49Ti"
49Ti,5561.0,15.14261957590462,"(n,g)49Ti"
49Ti,5717.0,15.040438800793373,"(n,g)49Ti"
49Ti,5771.0,13.978854793140986,"(n,g)49Ti"
49Ti,3019.93,13.859426904063005,"(n,g)49Ti"
49Ti,5795.0,13.531088717338214,"(n,g)49Ti"
49Ti,5560.0,9.793570047290963,"(n,g)49Ti"
49Ti,4310.99,5.842029249234215,"(n,g)49Ti"
49Ti,2349.08,5.656769226077941,"(n,g)49Ti"
49Ti,1689.91,4.975971880791127,"(n,g)49Ti"
49Ti,4486.71,4.578923763939904,"(n,g)49Ti"
49Ti,3162.3,4.079481776615009,"(n,g)49Ti"
49Ti,3826.11,3.711897422284708,"(n,g)49Ti"
49Ti,1681.98,3.3246010248519133,"(n,g)49Ti"
49Ti,4789.95,2.5904534227193303,"(n,g)49Ti"
49Ti,733.39,0.8491730255245123,"(n,g)49Ti"
49Ti,2314.29,0.612663476262491,"(n,g)49Ti"
49Ti,4576.0,0.24184716658509758,"(n,g)49Ti"
49Ti,5633.0,0.039802135318756864,"(n,g)49Ti"
50Cr,749.0,12364.549594221035,"(n,g)50Cr"
50Cr,8513.0,5718.652543121385,"(n,g)50Cr"
50Cr,8485.0,4018.4859389193584,"(n,g)50Cr"
50Cr,7363.2,2117.4212385203887,"(n,g)50Cr"
50Cr,1899.3,1901.0647003989698,"(n,g)50Cr"
50Cr,6136.3,1174.533342153944,"(n,g)50Cr"
50Cr,2376.7,834.540093047341,"(n,g)50Cr"
50Cr,1149.4,695.6298866013839,"(n,g)50Cr"
50Cr,6372.0,618.1681427206138,"(n,g)50Cr"
50Cr,5222.3,355.45169103107827,"(n,g)50Cr"
50Cr,2349.0,355.45169103107827,"(n,g)50Cr"
50Cr,888.2,339.99324910660306,"(n,g)50Cr"
50Cr,2001.1,324.53480718212785,"(n,g)50Cr"
50Cr,5494.6,309.0917774629612,"(n,g)50Cr"
50Cr,1537.2,293.633335538486,"(n,g)50Cr"
50Cr,5490.6,271.99459928528245,"(n,g)50Cr"
50Cr,3262.9,247.27342197036896,"(n,g)50Cr"
50Cr,3021.4,231.81498004589378,"(n,g)50Cr"
50Cr,1124.0,197.81565513523344,"(n,g)50Cr"
50Cr,3017.4,169.99662455330153,"(n,g)50Cr"
50Cr,2113.4,169.99662455330153,"(n,g)50Cr"
50Cr,4625.2,169.99662455330153,"(n,g)50Cr"
50Cr,2990.1,154.53818262882632,"(n,g)50Cr"
50Cr,3593.5,139.09515290965967,"(n,g)50Cr"
50Cr,2013.3,123.63671098518448,"(n,g)50Cr"
50Cr,990.4,120.53885771816601,"(n,g)50Cr"
50Cr,603.3,117.45641665645611,"(n,g)50Cr"
50Cr,3860.0,112.90981609043399,"(n,g)50Cr"
50Cr,4491.7,98.90012146496245,"(n,g)50Cr"
50Cr,3512.3,92.71982713623409,"(n,g)50Cr"
50Cr,3290.9,86.53953280750572,"(n,g)50Cr"
50Cr,4020.7,83.4570917457958,"(n,g)50Cr"
50Cr,4971.9,64.90079655430216,"(n,g)50Cr"
50Cr,845.2,55.63806116386387,"(n,g)50Cr"
50Cr,2141.3,54.17390165955166,"(n,g)50Cr"
50Cr,834.1,47.993607330823295,"(n,g)50Cr"
50Cr,2080.1,46.359913568117044,"(n,g)50Cr"
50Cr,826.9,43.277472506407136,"(n,g)50Cr"
50Cr,2279.2,43.277472506407136,"(n,g)50Cr"
50Cr,3898.9,40.17961923938868,"(n,g)50Cr"
50Cr,4891.7,38.73087194038502,"(n,g)50Cr"
50Cr,4833.4,38.73087194038502,"(n,g)50Cr"
50Cr,6643.7,37.097178177678764,"(n,g)50Cr"
50Cr,5126.4,37.097178177678764,"(n,g)50Cr"
50Cr,3764.4,37.097178177678764,"(n,g)50Cr"
50Cr,4400.1,37.097178177678764,"(n,g)50Cr"
50Cr,6206.7,32.55057761165665,"(n,g)50Cr"
50Cr,5990.0,30.90147164364184,"(n,g)50Cr"
50Cr,5206.4,30.90147164364184,"(n,g)50Cr"
50Cr,2890.9,29.452724344638185,"(n,g)50Cr"
50Cr,913.2,26.185336819225682,"(n,g)50Cr"
50Cr,1808.8,26.185336819225682,"(n,g)50Cr"
50Cr,5151.7,26.185336819225682,"(n,g)50Cr"
50Cr,1353.5,24.721177314913476,"(n,g)50Cr"
50Cr,3276.9,24.721177314913476,"(n,g)50Cr"
50Cr,1002.1,23.087483552207225,"(n,g)50Cr"
50Cr,3207.6,21.638736253203568,"(n,g)50Cr"
50Cr,1106.5,21.638736253203568,"(n,g)50Cr"
50Cr,3284.3,21.638736253203568,"(n,g)50Cr"
50Cr,4057.6,21.638736253203568,"(n,g)50Cr"
50Cr,928.2,21.638736253203568,"(n,g)50Cr"
50Cr,4133.1,15.458441924475197,"(n,g)50Cr"
50Cr,6434.1,15.458441924475197,"(n,g)50Cr"
50Cr,2599.0,13.824748161768944,"(n,g)50Cr"
50Cr,2052.9,13.824748161768944,"(n,g)50Cr"
50Cr,3305.9,10.726894894750487,"(n,g)50Cr"
50Cr,2579.1,10.726894894750487,"(n,g)50Cr"
50Cr,2159.0,10.726894894750487,"(n,g)50Cr"
50Cr,862.3,10.726894894750487,"(n,g)50Cr"
50Cr,6710.5,9.278147595746828,"(n,g)50Cr"
50Cr,857.1,7.629041627732026,"(n,g)50Cr"
50Ti,1166.7,66.3296448860762,"(n,g)50Ti"
50Ti,2198.1,25.705969702229478,"(n,g)50Ti"
50Ti,3173.8,13.801267477153193,"(n,g)50Ti"
50Ti,1739.1,9.675061842567724,"(n,g)50Ti"
50Ti,1567.5,7.786331199504237,"(n,g)50Ti"
50Ti,630.6,7.7133430046475855,"(n,g)50Ti"
50Ti,707.7,5.805039220929795,"(n,g)50Ti"
50Ti,1031.4,5.399729554395166,"(n,g)50Ti"
50Ti,2905.8,5.127061002640771,"(n,g)50Ti"
50Ti,4569.0,3.986284739266115,"(n,g)50Ti"
50Ti,975.7,1.9322451326886279,"(n,g)50Ti"
50Ti,5013.0,1.8263767315354233,"(n,g)50Ti"
50Ti,2007.1,1.3802979846987113,"(n,g)50Ti"
50Ti,4172.0,0.6329361788507177,"(n,g)50Ti"
50Ti,1437.3,0.5566430711476469,"(n,g)50Ti"
50Ti,1800.1,0.5401265809688286,"(n,g)50Ti"
50Ti,4470.0,0.3475986677445138,"(n,g)50Ti"
50Ti,4602.0,0.25866515338995216,"(n,g)50Ti"
50Ti,4757.0,0.14442908912932845,"(n,g)50Ti"
50Ti,4820.0,0.12260476621220906,"(n,g)50Ti"
50Ti,4882.0,0.10366642051735322,"(n,g)50Ti"
50Ti,2144.0,0.030407731789607262,"(n,g)50Ti"
50Ti,5420.0,0.004078256249401616,"(n,g)50Ti"
50Ti,576.5,0.0031934787370759064,"(n,g)50Ti"
50Ti,1293.9,0.0019055267710952123,"(n,g)50Ti"
50Ti,1123.9,0.0018591005240709024,"(n,g)50Ti"
50Ti,4022.0,0.001562640903021893,"(n,g)50Ti"
50Ti,1482.0,0.0010566181711026978,"(n,g)50Ti"
50Ti,706.7,0.0009032450708117171,"(n,g)50Ti"
50Ti,977.3,0.0006020461659821134,"(n,g)50Ti"
50Ti,907.3,0.0005739041792082578,"(n,g)50Ti"
50Ti,386.6,0.0005707808891177912,"(n,g)50Ti"
50Ti,1254.1,0.0005204407191674883,"(n,g)50Ti"
50Ti,2051.0,0.00038241341762405075,"(n,g)50Ti"
50Ti,1351.8,0.0003592657189297631,"(n,g)50Ti"
50Ti,775.3,0.00030641537546575174,"(n,g)50Ti"
50Ti,2691.4,0.0003031433502506016,"(n,g)50Ti"
50Ti,2919.3,0.00022072787522764575,"(n,g)50Ti"
50Ti,2619.1,0.00016812711234248095,"(n,g)50Ti"
50Ti,1163.7,0.00010288503180500072,"(n,g)50Ti"
50Ti,2738.1,9.562514567611786e-05,"(n,g)50Ti"
50Ti,1474.5,8.988069185455447e-05,"(n,g)50Ti"
50Ti,2181.2,8.988069185455447e-05,"(n,g)50Ti"
50Ti,887.3,3.863187828076462e-05,"(n,g)50Ti"
50Ti,5102.0,3.064762077826085e-05,"(n,g)50Ti"
50Ti,5149.0,2.30883576349978e-05,"(n,g)50Ti"
50Ti,5224.0,1.4188663369140368e-05,"(n,g)50Ti"
50Ti,4998.0,8.75170019988869e-06,"(n,g)50Ti"
50Ti,1032.7,2.588283584453726e-06,"(n,g)50Ti"
50Ti,1750.4,1.3979838554364322e-06,"(n,g)50Ti"
50Ti,717.7,1.382631647933003e-06,"(n,g)50Ti"
50V,1609.23,25903.4776586797,"(n,g)50V"
50V,1813.24,6166.263866160103,"(n,g)50V"
50V,1090.39,4588.6917710247935,"(n,g)50V"
50V,320.08,3314.5940884306638,"(n,g)50V"
50V,1776.35,2516.5911554223326,"(n,g)50V"
50V,1493.16,1985.656576544959,"(n,g)50V"
50V,1581.78,1465.3643688573884,"(n,g)50V"
50V,1785.79,1128.4020064867095,"(n,g)50V"
50V,3377.72,943.8046291978944,"(n,g)50V"
50V,3554.8,893.513707237889,"(n,g)50V"
50V,3383.2,724.1923707188615,"(n,g)50V"
50V,3517.02,653.0647354065834,"(n,g)50V"
50V,2004.82,637.4536819406817,"(n,g)50V"
50V,3134.01,609.424286365819,"(n,g)50V"
50V,3454.09,377.8176315631484,"(n,g)50V"
50V,1773.97,311.4380275945889,"(n,g)50V"
50V,3196.94,207.6419453974049,"(n,g)50V"
50V,1800.81,184.90144503709536,"(n,g)50V"
50V,1569.96,152.0365650050706,"(n,g)50V"
50V,3092.12,143.59532140901203,"(n,g)50V"
50V,3057.64,122.65513084204797,"(n,g)50V"
50V,204.01,86.34742354863428,"(n,g)50V"
50V,685.96,78.01260366447373,"(n,g)50V"
50V,1703.78,66.61409940151414,"(n,g)50V"
50V,3248.12,59.99820409789622,"(n,g)50V"
50V,1572.34,27.691153840713977,"(n,g)50V"
50V,3614.05,21.164057083053947,"(n,g)50V"
50V,2790.0,6.767470385270525,"(n,g)50V"
50V,928.66,4.555917034971241,"(n,g)50V"
50V,3320.0,2.637908805256027,"(n,g)50V"
50V,2943.95,2.60412499481659,"(n,g)50V"
50V,2763.54,1.7656918147471237,"(n,g)50V"
50V,3562.6,1.6975591122121527,"(n,g)50V"
50V,3310.0,1.631606010350694,"(n,g)50V"
50V,2959.91,1.4695217553272355,"(n,g)50V"
50V,2154.96,1.3417876032885734,"(n,g)50V"
50V,3722.7,1.269661657050526,"(n,g)50V"
50V,2515.26,1.2220024010889092,"(n,g)50V"
50V,3311.95,1.1337608641920176,"(n,g)50V"
50V,3683.0,1.0257374330342317,"(n,g)50V"
50V,3083.62,1.0063403324724884,"(n,g)50V"
50V,2351.33,0.9700392177983959,"(n,g)50V"
50V,608.58,0.7424498899408116,"(n,g)50V"
50V,2090.7,0.5866662953828207,"(n,g)50V"
50V,3303.62,0.5078831490629597,"(n,g)50V"
50V,869.21,0.3968084115055085,"(n,g)50V"
50V,3632.03,0.3627555145631682,"(n,g)50V"
50V,599.38,0.3385014026240308,"(n,g)50V"
50V,2335.37,0.2864829453153898,"(n,g)50V"
50V,672.84,0.2648537722120685,"(n,g)50V"
50V,2695.04,0.18792059559966395,"(n,g)50V"
50V,2410.78,0.15836817041837178,"(n,g)50V"
50V,3623.7,0.13204140623630095,"(n,g)50V"
50V,1748.77,0.11501024875133001,"(n,g)50V"
50V,1482.12,0.07040149192987005,"(n,g)50V"
50V,853.25,0.028648294531538984,"(n,g)50V"
50V,3150.0,0.025819657213025503,"(n,g)50V"
50V,3372.0,0.016144113828152097,"(n,g)50V"
50V,3632.0,0.016096754603641215,"(n,g)50V"
50V,3381.1,0.015842871488152492,"(n,g)50V"
50V,2286.14,0.012284981492689811,"(n,g)50V"
50V,3663.1,0.009136750134678759,"(n,g)50V"
50V,3677.8,0.008898729668536151,"(n,g)50V"
50V,804.02,0.0066348780109652065,"(n,g)50V"
50V,3576.63,0.006462151384751945,"(n,g)50V"
50V,3347.92,0.006077720952379961,"(n,g)50V"
50V,3256.55,0.004265182522909987,"(n,g)50V"
50V,2894.72,0.003563633646867139,"(n,g)50V"
50V,1618.74,0.0031955771281967867,"(n,g)50V"
50V,3743.0,0.002689842500316254,"(n,g)50V"
50V,1257.22,0.0023700466459415062,"(n,g)50V"
50V,2739.34,0.0006077720952379961,"(n,g)50V"
51V,22.76,2096.6056529922416,"(n,g)51V"
51V,125.08,1010.6109953363153,"(n,g)51V"
51V,17.16,853.9345324261699,"(n,g)51V"
51V,645.7,328.7794416161166,"(n,g)51V"
51V,823.18,251.95542238959894,"(n,g)51V"
51V,436.64,205.78628175331613,"(n,g)51V"
51V,845.94,201.57405012076322,"(n,g)51V"
51V,124.46,184.43060213693866,"(n,g)51V"
51V,1558.85,177.83539824607982,"(n,g)51V"
51V,147.84,171.11369813667062,"(n,g)51V"
51V,1843.0,166.6408753809259,"(n,g)51V"
51V,419.48,144.07288949355618,"(n,g)51V"
51V,2473.0,104.89062623158827,"(n,g)51V"
51V,1401.65,101.81226162386807,"(n,g)51V"
51V,1418.81,101.81226162386807,"(n,g)51V"
51V,295.02,100.93215941345069,"(n,g)51V"
51V,793.54,92.04451235260207,"(n,g)51V"
51V,2145.88,89.00127402984252,"(n,g)51V"
51V,1579.16,87.23872232264942,"(n,g)51V"
51V,1611.78,76.64001802795362,"(n,g)51V"
51V,1322.98,70.51022352179348,"(n,g)51V"
51V,1333.54,55.67787135863302,"(n,g)51V"
51V,1622.32,46.772405165474666,"(n,g)51V"
51V,2347.0,45.235017305131,"(n,g)51V"
51V,1732.57,44.17100765589505,"(n,g)51V"
51V,886.63,44.17100765589505,"(n,g)51V"
51V,881.0,38.77960814056934,"(n,g)51V"
51V,2516.06,36.97102912084905,"(n,g)51V"
51V,1952.98,35.19100144633166,"(n,g)51V"
51V,1709.81,34.884672483681335,"(n,g)51V"
51V,698.1,32.757604371386,"(n,g)51V"
51V,982.18,29.522724912932684,"(n,g)51V"
51V,1777.96,29.16483071601605,"(n,g)51V"
51V,712.91,28.460513020502752,"(n,g)51V"
51V,2318.03,28.401364907232537,"(n,g)51V"
51V,1358.48,27.41827333730632,"(n,g)51V"
51V,2170.18,27.262980323868643,"(n,g)51V"
51V,1664.2,27.09611527190129,"(n,g)51V"
51V,1747.41,22.276146967039544,"(n,g)51V"
51V,1742.46,22.224912784964452,"(n,g)51V"
51V,2083.67,19.354372537122178,"(n,g)51V"
51V,899.22,19.027171520033473,"(n,g)51V"
51V,1307.29,19.001244047410516,"(n,g)51V"
51V,1270.96,17.30731633745593,"(n,g)51V"
51V,2410.5,16.55785975874738,"(n,g)51V"
51V,1524.48,15.054463641239842,"(n,g)51V"
51V,1272.69,14.95785724187943,"(n,g)51V"
51V,2100.83,14.777237165480392,"(n,g)51V"
51V,1472.09,14.485275722004548,"(n,g)51V"
51V,2020.8,13.789846332104133,"(n,g)51V"
51V,1634.12,13.574724813518518,"(n,g)51V"
51V,1322.7,13.346276771104456,"(n,g)51V"
51V,2122.74,13.17116206476441,"(n,g)51V"
51V,2300.87,11.92973391964005,"(n,g)51V"
51V,1254.89,11.615339883307813,"(n,g)51V"
51V,1664.0,10.551286883592011,"(n,g)51V"
51V,1692.88,10.34958463762841,"(n,g)51V"
51V,1001.58,10.212384976184412,"(n,g)51V"
51V,1584.72,10.158113863835887,"(n,g)51V"
51V,1470.3,8.60659266174692,"(n,g)51V"
51V,682.02,8.096239738674644,"(n,g)51V"
51V,572.87,6.722333421733556,"(n,g)51V"
51V,2168.64,6.67574918070985,"(n,g)51V"
51V,2427.66,6.6239891807488025,"(n,g)51V"
51V,2559.38,6.585581013626334,"(n,g)51V"
51V,2417.77,6.1911720063713735,"(n,g)51V"
51V,806.25,5.547251192806345,"(n,g)51V"
51V,979.97,5.545973434064363,"(n,g)51V"
51V,1375.1,5.42983527005112,"(n,g)51V"
51V,2286.05,5.300043782815194,"(n,g)51V"
51V,1148.24,5.236359845927556,"(n,g)51V"
51V,1411.0,4.801108675522329,"(n,g)51V"
51V,2152.0,4.240649407756376,"(n,g)51V"
51V,1618.01,3.986120726652629,"(n,g)51V"
51V,356.91,3.94801212418844,"(n,g)51V"
51V,776.39,3.94501002627357,"(n,g)51V"
51V,1120.01,3.2166769207918064,"(n,g)51V"
51V,2396.0,2.497489618915271,"(n,g)51V"
51V,1795.12,2.304462911507846,"(n,g)51V"
51V,1745.28,2.255186881355079,"(n,g)51V"
51V,2151.48,2.2074195367957397,"(n,g)51V"
51V,1590.96,1.9872226231678745,"(n,g)51V"
51V,505.27,1.7797706578613144,"(n,g)51V"
51V,966.08,1.7636309056384012,"(n,g)51V"
51V,1536.09,1.654000422785638,"(n,g)51V"
51V,2591.0,1.6089960071298062,"(n,g)51V"
51V,1653.51,1.0789764946727887,"(n,g)51V"
51V,1541.69,0.9070184133603785,"(n,g)51V"
51V,541.98,0.6689142400044785,"(n,g)51V"
51V,1991.02,0.38080529240788596,"(n,g)51V"
51V,1647.28,0.21290835535737382,"(n,g)51V"
51V,1049.94,0.00045618215147409115,"(n,g)51V"
52Cr,7938.6,531.5226806248844,"(n,g)52Cr"
52Cr,564.03,145.62534941954144,"(n,g)52Cr"
52Cr,2320.9,136.525370204153,"(n,g)52Cr"
52Cr,5618.2,131.06367054336485,"(n,g)52Cr"
52Cr,7374.6,103.75517223942403,"(n,g)52Cr"
52Cr,5269.0,50.97015639550583,"(n,g)52Cr"
52Cr,2670.8,38.2233369677416,"(n,g)52Cr"
52Cr,3616.6,32.761637306953446,"(n,g)52Cr"
52Cr,4322.1,28.215928028147,"(n,g)52Cr"
52Cr,2120.0,21.84679864315265,"(n,g)52Cr"
52Cr,5231.6,3.6382795546002655,"(n,g)52Cr"
53Cr,834.87,14709.637175439404,"(n,g)53Cr"
53Cr,8884.8,8234.378083187547,"(n,g)53Cr"
53Cr,9719.8,2741.655719514894,"(n,g)53Cr"
53Cr,2239.1,2054.8391999057435,"(n,g)53Cr"
53Cr,6645.6,1925.8009447064483,"(n,g)53Cr"
53Cr,1784.7,1854.6760719247893,"(n,g)53Cr"
53Cr,7100.1,1534.523654747296,"(n,g)53Cr"
53Cr,6000.0,896.3905722329705,"(n,g)53Cr"
53Cr,3719.8,744.9108813468417,"(n,g)53Cr"
53Cr,1994.6,548.3673397669899,"(n,g)53Cr"
53Cr,6890.2,439.7797477339225,"(n,g)53Cr"
53Cr,2601.9,432.35959561166294,"(n,g)53Cr"
53Cr,6283.0,379.87559279568046,"(n,g)53Cr"
53Cr,4847.5,366.8450817517123,"(n,g)53Cr"
53Cr,3177.9,262.0580554398024,"(n,g)53Cr"
53Cr,5707.1,252.64713079693658,"(n,g)53Cr"
53Cr,5859.0,226.4051293889453,"(n,g)53Cr"
53Cr,6326.4,222.78554298784306,"(n,g)53Cr"
53Cr,2558.4,215.18441154552835,"(n,g)53Cr"
53Cr,4872.3,198.3533347804029,"(n,g)53Cr"
53Cr,1241.4,146.05031128447553,"(n,g)53Cr"
53Cr,989.08,142.24974556331816,"(n,g)53Cr"
53Cr,3393.4,125.41866879819271,"(n,g)53Cr"
53Cr,1100.4,119.80830987648424,"(n,g)53Cr"
53Cr,3927.6,97.36687418965035,"(n,g)53Cr"
53Cr,4425.6,93.56630846849298,"(n,g)53Cr"
53Cr,4133.2,89.76574274733562,"(n,g)53Cr"
53Cr,3026.0,87.9559495467845,"(n,g)53Cr"
53Cr,5792.2,86.1461563462334,"(n,g)53Cr"
53Cr,4451.5,84.15538382562714,"(n,g)53Cr"
53Cr,890.41,80.5357974245249,"(n,g)53Cr"
53Cr,2619.6,78.54502490391867,"(n,g)53Cr"
53Cr,3863.6,72.93466598221018,"(n,g)53Cr"
53Cr,4459.3,71.12487278165908,"(n,g)53Cr"
53Cr,3545.9,59.90415493824212,"(n,g)53Cr"
53Cr,3090.6,56.10358921708476,"(n,g)53Cr"
53Cr,5339.3,54.29379601653365,"(n,g)53Cr"
53Cr,1798.2,46.873643894274046,"(n,g)53Cr"
53Cr,1804.0,44.88287137366781,"(n,g)53Cr"
53Cr,5086.4,43.0730781731167,"(n,g)53Cr"
53Cr,1435.5,43.0730781731167,"(n,g)53Cr"
53Cr,2259.2,39.27251245195934,"(n,g)53Cr"
53Cr,3509.9,39.27251245195934,"(n,g)53Cr"
53Cr,3576.1,37.46271925140821,"(n,g)53Cr"
53Cr,2674.5,37.46271925140821,"(n,g)53Cr"
53Cr,4433.4,37.46271925140821,"(n,g)53Cr"
53Cr,4530.4,35.47194673080198,"(n,g)53Cr"
53Cr,4751.8,33.66215353025086,"(n,g)53Cr"
53Cr,3403.6,31.852360329699735,"(n,g)53Cr"
53Cr,2967.0,31.852360329699735,"(n,g)53Cr"
53Cr,845.57,31.852360329699735,"(n,g)53Cr"
53Cr,5794.3,31.852360329699735,"(n,g)53Cr"
53Cr,5021.3,29.861587809093503,"(n,g)53Cr"
53Cr,4494.0,24.25122888738503,"(n,g)53Cr"
53Cr,3292.1,24.25122888738503,"(n,g)53Cr"
53Cr,5636.9,24.25122888738503,"(n,g)53Cr"
53Cr,5501.8,24.25122888738503,"(n,g)53Cr"
53Cr,1340.8,22.441435686833906,"(n,g)53Cr"
53Cr,3074.0,22.441435686833906,"(n,g)53Cr"
53Cr,4168.1,22.441435686833906,"(n,g)53Cr"
53Cr,3898.5,20.631642486282782,"(n,g)53Cr"
53Cr,3382.8,20.631642486282782,"(n,g)53Cr"
53Cr,2946.4,18.640869965676554,"(n,g)53Cr"
53Cr,4229.9,18.640869965676554,"(n,g)53Cr"
53Cr,2393.7,18.640869965676554,"(n,g)53Cr"
53Cr,2101.4,18.640869965676554,"(n,g)53Cr"
53Cr,1619.2,16.83107676512543,"(n,g)53Cr"
53Cr,2464.2,16.83107676512543,"(n,g)53Cr"
53Cr,847.9,15.02128356457431,"(n,g)53Cr"
53Cr,2233.1,13.030511043968076,"(n,g)53Cr"
53Cr,789.22,13.030511043968076,"(n,g)53Cr"
53Cr,1463.3,13.030511043968076,"(n,g)53Cr"
53Cr,817.2,13.030511043968076,"(n,g)53Cr"
53Cr,1508.2,11.220717843416953,"(n,g)53Cr"
53Cr,745.37,11.220717843416953,"(n,g)53Cr"
53Cr,1503.6,11.220717843416953,"(n,g)53Cr"
53Cr,1335.3,11.220717843416953,"(n,g)53Cr"
53Cr,4393.3,11.220717843416953,"(n,g)53Cr"
53Cr,3303.5,9.410924642865831,"(n,g)53Cr"
53Cr,2749.6,9.410924642865831,"(n,g)53Cr"
53Cr,205.62,9.410924642865831,"(n,g)53Cr"
53Cr,1205.3,9.410924642865831,"(n,g)53Cr"
53Cr,946.8,9.410924642865831,"(n,g)53Cr"
53Cr,1460.1,7.420152122259598,"(n,g)53Cr"
53Cr,2067.0,7.420152122259598,"(n,g)53Cr"
53Cr,1831.3,5.610358921708476,"(n,g)53Cr"
53Cr,1597.7,5.610358921708476,"(n,g)53Cr"
53Cr,944.57,5.610358921708476,"(n,g)53Cr"
53Cr,1106.4,3.8005657211573554,"(n,g)53Cr"
54Cr,6246.4,232.93108705264834,"(n,g)54Cr"
54Cr,241.85,92.75117515919905,"(n,g)54Cr"
54Cr,6004.4,56.240633176679246,"(n,g)54Cr"
54Cr,4771.8,54.97767696387547,"(n,g)54Cr"
54Cr,565.89,49.522693451895606,"(n,g)54Cr"
54Cr,908.27,33.28115883251665,"(n,g)54Cr"
54Cr,1474.3,29.335963366461833,"(n,g)54Cr"
54Cr,840.93,12.843483050076266,"(n,g)54Cr"
54Cr,3351.5,11.415972281858307,"(n,g)54Cr"
54Cr,5680.4,8.980564861728533,"(n,g)54Cr"
54Cr,5421.3,8.857148945167905,"(n,g)54Cr"
54Cr,3221.1,7.808113654402546,"(n,g)54Cr"
54Cr,2379.5,6.672687222044746,"(n,g)54Cr"
54Cr,324.03,6.590409944337661,"(n,g)54Cr"
54Cr,2894.3,6.0844046864390755,"(n,g)54Cr"
54Cr,3558.6,6.0021274087319885,"(n,g)54Cr"
54Cr,3548.5,3.7765270467552887,"(n,g)54Cr"
54Cr,2687.0,3.7765270467552887,"(n,g)54Cr"
54Cr,1232.2,3.6942497690482017,"(n,g)54Cr"
54Cr,2652.4,3.48444271089513,"(n,g)54Cr"
54Cr,517.68,2.9372988141430016,"(n,g)54Cr"
54Cr,2202.0,2.8961601752894586,"(n,g)54Cr"
54Cr,880.74,2.7274917559899303,"(n,g)54Cr"
54Cr,2930.6,2.6452144782828437,"(n,g)54Cr"
54Cr,2457.8,2.4765460589833155,"(n,g)54Cr"
54Cr,1197.2,2.4765460589833155,"(n,g)54Cr"
54Cr,2328.7,2.180347859237803,"(n,g)54Cr"
54Cr,4162.2,1.9294021622311874,"(n,g)54Cr"
54Cr,2078.3,1.7195951040781159,"(n,g)54Cr"
54Cr,2143.6,1.6373178263710293,"(n,g)54Cr"
54Cr,2083.7,1.5097880459250446,"(n,g)54Cr"
54Cr,3977.0,1.4686494070715008,"(n,g)54Cr"
54Cr,2454.9,1.3863721293644142,"(n,g)54Cr"
54Cr,846.51,1.3411196266255163,"(n,g)54Cr"
54Cr,4044.1,1.299980987771973,"(n,g)54Cr"
54Cr,2121.0,1.299980987771973,"(n,g)54Cr"
54Cr,2444.9,1.299980987771973,"(n,g)54Cr"
54Cr,2697.4,1.1765650712113427,"(n,g)54Cr"
54Cr,1435.6,1.1313125684724448,"(n,g)54Cr"
54Cr,1803.7,1.0901739296189015,"(n,g)54Cr"
54Cr,4868.8,0.8803668714658298,"(n,g)54Cr"
54Cr,1842.0,0.8803668714658298,"(n,g)54Cr"
54Cr,1873.3,0.7569509549051995,"(n,g)54Cr"
54Cr,1703.2,0.7569509549051995,"(n,g)54Cr"
54Cr,2269.4,0.7569509549051995,"(n,g)54Cr"
54Cr,1816.4,0.6294211744592146,"(n,g)54Cr"
54Cr,4466.3,0.6294211744592146,"(n,g)54Cr"
54Cr,1298.7,0.5471438967521279,"(n,g)54Cr"
54Cr,1647.0,0.5471438967521279,"(n,g)54Cr"
54Cr,3801.6,0.50189139401323,"(n,g)54Cr"
54Cr,1689.1,0.50189139401323,"(n,g)54Cr"
54Cr,351.65,0.50189139401323,"(n,g)54Cr"
54Cr,1399.9,0.50189139401323,"(n,g)54Cr"
54Cr,1343.6,0.50189139401323,"(n,g)54Cr"
54Cr,1908.3,0.50189139401323,"(n,g)54Cr"
54Cr,575.6,0.46075275515968656,"(n,g)54Cr"
54Cr,5047.3,0.46075275515968656,"(n,g)54Cr"
54Cr,1419.6,0.46075275515968656,"(n,g)54Cr"
54Cr,1630.6,0.41961411630614315,"(n,g)54Cr"
54Cr,2463.9,0.41961411630614315,"(n,g)54Cr"
54Cr,2576.5,0.41961411630614315,"(n,g)54Cr"
54Cr,3478.1,0.37847547745259974,"(n,g)54Cr"
54Cr,651.05,0.37847547745259974,"(n,g)54Cr"
54Cr,1086.7,0.37847547745259974,"(n,g)54Cr"
54Cr,1340.2,0.37847547745259974,"(n,g)54Cr"
54Cr,104.75,0.37847547745259974,"(n,g)54Cr"
54Cr,3019.0,0.3373368385990562,"(n,g)54Cr"
54Cr,1664.9,0.3373368385990562,"(n,g)54Cr"
54Cr,2718.0,0.3373368385990562,"(n,g)54Cr"
54Cr,2408.6,0.3373368385990562,"(n,g)54Cr"
54Cr,4219.5,0.3373368385990562,"(n,g)54Cr"
54Cr,1209.4,0.2920843358601585,"(n,g)54Cr"
54Cr,2782.0,0.2920843358601585,"(n,g)54Cr"
54Cr,211.66,0.2920843358601585,"(n,g)54Cr"
54Cr,1283.2,0.2920843358601585,"(n,g)54Cr"
54Cr,2912.3,0.2920843358601585,"(n,g)54Cr"
54Cr,5586.1,0.2920843358601585,"(n,g)54Cr"
54Cr,1695.9,0.250945697006615,"(n,g)54Cr"
54Cr,5594.1,0.250945697006615,"(n,g)54Cr"
54Cr,3659.5,0.250945697006615,"(n,g)54Cr"
54Cr,3791.2,0.20980705815307157,"(n,g)54Cr"
54Cr,3506.0,0.20980705815307157,"(n,g)54Cr"
54Cr,3524.5,0.20980705815307157,"(n,g)54Cr"
54Cr,3267.1,0.1686684192995281,"(n,g)54Cr"
54Cr,1660.1,0.12752978044598468,"(n,g)54Cr"
54Fe,9297.8,1441.1551645458,"(n,g)54Fe"
54Fe,412.0,414.93940134569993,"(n,g)54Fe"
54Fe,8886.4,268.60409079569996,"(n,g)54Fe"
54Fe,2470.0,85.09961136599999,"(n,g)54Fe"
54Fe,4495.0,74.29331151,"(n,g)54Fe"
54Fe,6268.9,69.79068656999999,"(n,g)54Fe"
54Fe,4802.8,63.26188040699999,"(n,g)54Fe"
54Fe,4589.6,56.733074243999994,"(n,g)54Fe"
54Fe,3028.0,56.733074243999994,"(n,g)54Fe"
54Fe,2618.0,52.455580551,"(n,g)54Fe"
54Fe,5507.5,52.455580551,"(n,g)54Fe"
54Fe,5745.4,50.204268080999995,"(n,g)54Fe"
54Fe,1918.0,45.926774388,"(n,g)54Fe"
54Fe,931.0,45.926774388,"(n,g)54Fe"
54Fe,2052.0,43.675461917999996,"(n,g)54Fe"
54Fe,7246.3,43.675461917999996,"(n,g)54Fe"
54Fe,6826.8,41.424149448,"(n,g)54Fe"
54Fe,3792.0,39.39796822500001,"(n,g)54Fe"
54Fe,1638.0,37.146655755,"(n,g)54Fe"
54Fe,4455.0,34.895343284999996,"(n,g)54Fe"
54Fe,2670.0,32.644030814999994,"(n,g)54Fe"
54Fe,3380.0,32.644030814999994,"(n,g)54Fe"
54Fe,3552.0,30.617849591999995,"(n,g)54Fe"
54Fe,5391.1,26.115224651999995,"(n,g)54Fe"
54Fe,4707.0,26.115224651999995,"(n,g)54Fe"
54Fe,2873.0,24.089043428999997,"(n,g)54Fe"
54Fe,3508.0,21.837730958999998,"(n,g)54Fe"
54Fe,1240.0,21.837730958999998,"(n,g)54Fe"
54Fe,3005.0,21.837730958999998,"(n,g)54Fe"
54Fe,1872.0,17.560237265999998,"(n,g)54Fe"
54Fe,4180.0,17.560237265999998,"(n,g)54Fe"
54Fe,3906.0,17.560237265999998,"(n,g)54Fe"
54Fe,1315.0,17.560237265999998,"(n,g)54Fe"
54Fe,6617.0,15.308924795999998,"(n,g)54Fe"
54Fe,2791.0,15.308924795999998,"(n,g)54Fe"
54Fe,1506.0,15.308924795999998,"(n,g)54Fe"
54Fe,3040.0,10.806299855999999,"(n,g)54Fe"
54Fe,4535.0,10.806299855999999,"(n,g)54Fe"
54Fe,3960.0,10.806299855999999,"(n,g)54Fe"
54Fe,4012.0,6.528806162999999,"(n,g)54Fe"
54Fe,7385.0,2.25131247,"(n,g)54Fe"
54Fe,7363.0,2.25131247,"(n,g)54Fe"
56Fe,7631.2,752.5626055667628,"(n,g)56Fe"
56Fe,7645.6,648.9029166187607,"(n,g)56Fe"
56Fe,6018.4,256.8045080861278,"(n,g)56Fe"
56Fe,5920.4,249.05788299353773,"(n,g)56Fe"
56Fe,352.36,246.46703848096584,"(n,g)56Fe"
56Fe,1725.3,163.50819718841325,"(n,g)56Fe"
56Fe,7278.8,155.76157209582325,"(n,g)56Fe"
56Fe,1612.8,139.6983361178774,"(n,g)56Fe"
56Fe,692.03,123.37601568867437,"(n,g)56Fe"
56Fe,122.08,98.6075421484869,"(n,g)56Fe"
56Fe,4218.0,97.95983102034394,"(n,g)56Fe"
56Fe,1260.6,64.79702125942347,"(n,g)56Fe"
56Fe,898.28,49.25195418399202,"(n,g)56Fe"
56Fe,4809.8,47.95653192770606,"(n,g)56Fe"
56Fe,1019.0,45.10660296387695,"(n,g)56Fe"
56Fe,366.75,43.552096256333805,"(n,g)56Fe"
56Fe,4405.7,42.51575845130505,"(n,g)56Fe"
56Fe,3436.4,42.256674000047866,"(n,g)56Fe"
56Fe,3412.9,41.738505097533476,"(n,g)56Fe"
56Fe,2721.2,35.49456982223517,"(n,g)56Fe"
56Fe,3921.5,34.7173164684636,"(n,g)56Fe"
56Fe,3267.0,33.42189421217764,"(n,g)56Fe"
56Fe,6380.5,28.758374089548205,"(n,g)56Fe"
56Fe,1358.7,23.291692168021473,"(n,g)56Fe"
56Fe,230.29,22.540347259375622,"(n,g)56Fe"
56Fe,4948.3,22.02217835686124,"(n,g)56Fe"
56Fe,920.85,19.690418295546518,"(n,g)56Fe"
56Fe,3186.0,17.61774268548899,"(n,g)56Fe"
56Fe,3103.1,17.3586582342318,"(n,g)56Fe"
56Fe,2129.5,17.3586582342318,"(n,g)56Fe"
56Fe,2755.9,14.76781372165989,"(n,g)56Fe"
56Fe,2832.5,13.731475916631124,"(n,g)56Fe"
56Fe,569.92,13.472391465373935,"(n,g)56Fe"
56Fe,4462.5,13.472391465373935,"(n,g)56Fe"
56Fe,136.52,12.980131007985271,"(n,g)56Fe"
56Fe,2066.2,12.695138111602361,"(n,g)56Fe"
56Fe,5730.6,11.917884757830787,"(n,g)56Fe"
56Fe,6717.4,11.658800306573594,"(n,g)56Fe"
56Fe,2682.5,11.140631404059215,"(n,g)56Fe"
56Fe,2753.0,10.881546952802024,"(n,g)56Fe"
56Fe,4675.1,10.363378050287642,"(n,g)56Fe"
56Fe,2091.9,9.845209147773259,"(n,g)56Fe"
56Fe,2873.7,9.586124696516068,"(n,g)56Fe"
56Fe,1197.3,9.327040245258878,"(n,g)56Fe"
56Fe,2954.0,9.327040245258878,"(n,g)56Fe"
56Fe,3239.3,9.067955794001687,"(n,g)56Fe"
56Fe,3356.3,8.808871342744496,"(n,g)56Fe"
56Fe,1722.4,8.549786891487305,"(n,g)56Fe"
56Fe,2696.6,7.746625092590012,"(n,g)56Fe"
56Fe,3225.3,7.746625092590012,"(n,g)56Fe"
56Fe,3291.1,7.746625092590012,"(n,g)56Fe"
56Fe,3842.4,7.5134490864585395,"(n,g)56Fe"
56Fe,2526.2,7.5134490864585395,"(n,g)56Fe"
56Fe,1943.1,7.5134490864585395,"(n,g)56Fe"
56Fe,1965.3,7.5134490864585395,"(n,g)56Fe"
56Fe,884.78,7.254364635201349,"(n,g)56Fe"
56Fe,4724.0,7.254364635201349,"(n,g)56Fe"
56Fe,706.4,6.995280183944158,"(n,g)56Fe"
56Fe,1697.3,6.995280183944158,"(n,g)56Fe"
56Fe,2835.4,6.477111281429776,"(n,g)56Fe"
56Fe,4274.5,6.477111281429776,"(n,g)56Fe"
56Fe,1810.5,6.477111281429776,"(n,g)56Fe"
56Fe,1710.2,6.477111281429776,"(n,g)56Fe"
56Fe,2192.8,6.477111281429776,"(n,g)56Fe"
56Fe,657.56,6.477111281429776,"(n,g)56Fe"
56Fe,564.19,5.699857927658202,"(n,g)56Fe"
56Fe,5992.0,5.699857927658202,"(n,g)56Fe"
56Fe,598.63,5.699857927658202,"(n,g)56Fe"
56Fe,2391.8,5.699857927658202,"(n,g)56Fe"
56Fe,1435.6,5.699857927658202,"(n,g)56Fe"
56Fe,1627.0,5.440773476401012,"(n,g)56Fe"
56Fe,803.09,5.440773476401012,"(n,g)56Fe"
56Fe,834.91,5.440773476401012,"(n,g)56Fe"
56Fe,2206.8,5.440773476401012,"(n,g)56Fe"
56Fe,4073.3,5.440773476401012,"(n,g)56Fe"
56Fe,3641.3,5.181689025143821,"(n,g)56Fe"
56Fe,2164.7,5.181689025143821,"(n,g)56Fe"
56Fe,3854.0,4.9226045738866295,"(n,g)56Fe"
56Fe,575.09,4.9226045738866295,"(n,g)56Fe"
56Fe,5784.9,4.9226045738866295,"(n,g)56Fe"
56Fe,5901.4,4.9226045738866295,"(n,g)56Fe"
56Fe,5325.8,4.663520122629439,"(n,g)56Fe"
56Fe,3723.6,4.663520122629439,"(n,g)56Fe"
56Fe,3504.5,4.663520122629439,"(n,g)56Fe"
56Fe,5042.1,4.663520122629439,"(n,g)56Fe"
56Fe,2970.3,4.663520122629439,"(n,g)56Fe"
56Fe,1412.0,4.404435671372248,"(n,g)56Fe"
56Fe,870.75,4.404435671372248,"(n,g)56Fe"
56Fe,2198.2,4.404435671372248,"(n,g)56Fe"
56Fe,2151.5,4.404435671372248,"(n,g)56Fe"
56Fe,5047.4,4.404435671372248,"(n,g)56Fe"
56Fe,2138.6,4.404435671372248,"(n,g)56Fe"
56Fe,3166.9,4.145351220115057,"(n,g)56Fe"
56Fe,2415.1,4.145351220115057,"(n,g)56Fe"
56Fe,4378.3,4.145351220115057,"(n,g)56Fe"
56Fe,603.54,4.145351220115057,"(n,g)56Fe"
56Fe,6548.5,4.145351220115057,"(n,g)56Fe"
56Fe,1973.4,3.8862667688578654,"(n,g)56Fe"
56Fe,2113.4,3.8862667688578654,"(n,g)56Fe"
56Fe,4914.0,3.8862667688578654,"(n,g)56Fe"
57Fe,810.5,1643.1020882977189,"(n,g)57Fe"
57Fe,863.6,450.62190004621476,"(n,g)57Fe"
57Fe,1674.2,438.15247034910817,"(n,g)57Fe"
57Fe,2273.3,323.64720153521137,"(n,g)57Fe"
57Fe,8369.7,293.75938560751626,"(n,g)57Fe"
57Fe,7262.2,283.8129533588515,"(n,g)57Fe"
57Fe,5493.9,271.34352366174494,"(n,g)57Fe"
57Fe,5044.0,266.39456712826296,"(n,g)57Fe"
57Fe,6960.7,261.42135100393057,"(n,g)57Fe"
57Fe,1971.0,181.72859506036042,"(n,g)57Fe"
57Fe,2726.0,179.2541167936194,"(n,g)57Fe"
57Fe,6506.4,169.28342495410425,"(n,g)57Fe"
57Fe,2065.5,156.83825484784808,"(n,g)57Fe"
57Fe,3326.0,141.89434688400056,"(n,g)57Fe"
57Fe,2876.0,141.89434688400056,"(n,g)57Fe"
57Fe,1446.3,87.16470992549391,"(n,g)57Fe"
57Fe,2781.0,84.64171247705212,"(n,g)57Fe"
57Fe,1107.3,84.64171247705212,"(n,g)57Fe"
57Fe,4626.5,82.16723421031114,"(n,g)57Fe"
57Fe,6163.1,82.16723421031114,"(n,g)57Fe"
57Fe,4749.8,74.69528022838736,"(n,g)57Fe"
57Fe,10044.1,67.22332624646359,"(n,g)57Fe"
57Fe,5905.6,62.2501101221312,"(n,g)57Fe"
57Fe,5691.6,62.2501101221312,"(n,g)57Fe"
57Fe,5721.8,62.2501101221312,"(n,g)57Fe"
57Fe,5747.0,59.7513722645398,"(n,g)57Fe"
57Fe,4139.9,59.7513722645398,"(n,g)57Fe"
57Fe,4823.9,59.7513722645398,"(n,g)57Fe"
57Fe,9233.7,54.77815614020742,"(n,g)57Fe"
57Fe,4322.1,52.27941828261603,"(n,g)57Fe"
57Fe,2433.5,49.78068042502464,"(n,g)57Fe"
57Fe,2820.0,47.30620215828365,"(n,g)57Fe"
57Fe,3540.0,44.80746430069225,"(n,g)57Fe"
57Fe,2513.5,39.83424817635987,"(n,g)57Fe"
57Fe,3071.0,39.83424817635987,"(n,g)57Fe"
57Fe,1862.5,39.83424817635987,"(n,g)57Fe"
57Fe,6414.3,39.83424817635987,"(n,g)57Fe"
57Fe,5001.0,37.33551031876848,"(n,g)57Fe"
57Fe,3881.8,34.8610320520275,"(n,g)57Fe"
57Fe,3162.0,34.8610320520275,"(n,g)57Fe"
57Fe,6028.7,29.863556336844702,"(n,g)57Fe"
57Fe,524.7,29.863556336844702,"(n,g)57Fe"
57Fe,1322.5,27.38907807010371,"(n,g)57Fe"
57Fe,5600.2,27.38907807010371,"(n,g)57Fe"
57Fe,3740.0,27.38907807010371,"(n,g)57Fe"
57Fe,3486.0,24.89034021251232,"(n,g)57Fe"
57Fe,4298.1,24.89034021251232,"(n,g)57Fe"
57Fe,1662.5,22.41586194577133,"(n,g)57Fe"
57Fe,1306.0,19.917124088179936,"(n,g)57Fe"
57Fe,4521.0,19.917124088179936,"(n,g)57Fe"
57Fe,3205.0,19.917124088179936,"(n,g)57Fe"
57Fe,2490.6,17.418386230588542,"(n,g)57Fe"
57Fe,2137.6,17.418386230588542,"(n,g)57Fe"
57Fe,4443.0,17.418386230588542,"(n,g)57Fe"
57Fe,4889.0,14.943907963847552,"(n,g)57Fe"
57Fe,4712.0,14.943907963847552,"(n,g)57Fe"
57Fe,4080.0,14.943907963847552,"(n,g)57Fe"
57Fe,5212.0,14.943907963847552,"(n,g)57Fe"
57Fe,1260.2,14.943907963847552,"(n,g)57Fe"
57Fe,2466.9,14.943907963847552,"(n,g)57Fe"
57Fe,5223.0,14.943907963847552,"(n,g)57Fe"
57Fe,7163.0,14.943907963847552,"(n,g)57Fe"
57Fe,4411.0,12.44517010625616,"(n,g)57Fe"
57Fe,4483.0,12.44517010625616,"(n,g)57Fe"
57Fe,3183.0,12.44517010625616,"(n,g)57Fe"
57Fe,4789.0,9.946432248664767,"(n,g)57Fe"
57Fe,5241.0,9.946432248664767,"(n,g)57Fe"
57Fe,5890.0,9.946432248664767,"(n,g)57Fe"
57Fe,1097.4,9.946432248664767,"(n,g)57Fe"
57Fe,1467.7,9.946432248664767,"(n,g)57Fe"
57Fe,1657.2,9.946432248664767,"(n,g)57Fe"
57Fe,4342.0,9.946432248664767,"(n,g)57Fe"
57Fe,3952.0,9.946432248664767,"(n,g)57Fe"
57Fe,4006.0,9.946432248664767,"(n,g)57Fe"
57Fe,4506.0,9.946432248664767,"(n,g)57Fe"
57Fe,898.2,9.946432248664767,"(n,g)57Fe"
57Fe,459.3,9.703836340160748,"(n,g)57Fe"
57Fe,1292.7,8.709193115294271,"(n,g)57Fe"
57Fe,3280.0,7.471953981923776,"(n,g)57Fe"
57Fe,4592.0,7.471953981923776,"(n,g)57Fe"
57Fe,3987.0,7.471953981923776,"(n,g)57Fe"
57Fe,1164.6,7.471953981923776,"(n,g)57Fe"
57Fe,1266.8,7.471953981923776,"(n,g)57Fe"
57Fe,4189.0,7.471953981923776,"(n,g)57Fe"
57Fe,1238.7,4.973216124332383,"(n,g)57Fe"
57Fe,1250.7,4.973216124332383,"(n,g)57Fe"
57Fe,4185.0,4.973216124332383,"(n,g)57Fe"
57Fe,4380.0,4.973216124332383,"(n,g)57Fe"
57Fe,6840.0,4.973216124332383,"(n,g)57Fe"
57Fe,5092.0,4.973216124332383,"(n,g)57Fe"
57Fe,278.1,3.4933810824578697,"(n,g)57Fe"
57Fe,4062.0,2.4987378575913928,"(n,g)57Fe"
57Fe,1269.0,2.4987378575913928,"(n,g)57Fe"
57Fe,854.4,2.4987378575913928,"(n,g)57Fe"
57Fe,410.9,1.9892864497329534,"(n,g)57Fe"
57Fe,238.7,1.7466905412289349,"(n,g)57Fe"
57Fe,252.6,1.2372391333704955,"(n,g)57Fe"
57Fe,243.1,0.9946432248664767,"(n,g)57Fe"
57Fe,233.6,0.752047316362458,"(n,g)57Fe"
58Fe,287.03,678.8737522279998,"(n,g)58Fe"
58Fe,6293.6,540.7893602083,"(n,g)58Fe"
58Fe,727.4,232.42348318069998,"(n,g)58Fe"
58Fe,5854.2,171.442051172,"(n,g)58Fe"
58Fe,4661.8,94.35058191509998,"(n,g)58Fe"
58Fe,5419.5,81.68777089689999,"(n,g)58Fe"
58Fe,1918.7,65.47431686179999,"(n,g)58Fe"
58Fe,570.81,56.38513036869999,"(n,g)58Fe"
58Fe,4133.4,41.19435344849999,"(n,g)58Fe"
58Fe,6580.9,39.126017710499994,"(n,g)58Fe"
58Fe,4618.9,39.126017710499994,"(n,g)58Fe"
58Fe,591.2,37.50582138239999,"(n,g)58Fe"
58Fe,1235.5,27.152651938299996,"(n,g)58Fe"
58Fe,2160.2,26.578114233299996,"(n,g)58Fe"
58Fe,1211.2,22.441442757299995,"(n,g)58Fe"
58Fe,3340.8,12.191690100099997,"(n,g)58Fe"
58Fe,3239.5,11.502244854099997,"(n,g)58Fe"
58Fe,3114.0,11.502244854099997,"(n,g)58Fe"
58Fe,875.12,10.927707149099998,"(n,g)58Fe"
58Fe,1961.9,9.663724198099999,"(n,g)58Fe"
58Fe,841.24,8.8593714111,"(n,g)58Fe"
58Fe,439.43,8.6295563291,"(n,g)58Fe"
58Fe,1192.5,8.3997412471,"(n,g)58Fe"
58Fe,1722.1,8.3997412471,"(n,g)58Fe"
58Fe,1719.9,8.284833706099999,"(n,g)58Fe"
58Fe,4011.5,8.1699261651,"(n,g)58Fe"
58Fe,1569.9,8.055018624099999,"(n,g)58Fe"
58Fe,2908.6,7.1357582961,"(n,g)58Fe"
58Fe,1598.8,6.7910356731,"(n,g)58Fe"
58Fe,3108.4,6.561220591099999,"(n,g)58Fe"
58Fe,6012.7,6.216497968099999,"(n,g)58Fe"
58Fe,4418.7,5.641960263099999,"(n,g)58Fe"
58Fe,1162.2,5.527052722099999,"(n,g)58Fe"
58Fe,4508.0,5.1823300991,"(n,g)58Fe"
58Fe,3502.2,4.952515017099999,"(n,g)58Fe"
58Fe,697.19,4.8376074761,"(n,g)58Fe"
58Fe,605.38,4.8376074761,"(n,g)58Fe"
58Fe,4757.8,4.8376074761,"(n,g)58Fe"
58Fe,2091.0,4.607792394099999,"(n,g)58Fe"
58Fe,5565.3,4.607792394099999,"(n,g)58Fe"
58Fe,4260.0,4.4928848531,"(n,g)58Fe"
58Fe,280.4,4.3779773121,"(n,g)58Fe"
58Fe,5009.2,4.251579016999999,"(n,g)58Fe"
58Fe,2138.2,4.251579016999999,"(n,g)58Fe"
58Fe,1647.6,4.136671475999999,"(n,g)58Fe"
58Fe,5573.9,4.136671475999999,"(n,g)58Fe"
58Fe,699.7,4.136671475999999,"(n,g)58Fe"
58Fe,610.7,4.021763934999999,"(n,g)58Fe"
58Fe,3590.0,3.7919488529999996,"(n,g)58Fe"
58Fe,2751.6,3.7919488529999996,"(n,g)58Fe"
58Fe,5369.1,3.7919488529999996,"(n,g)58Fe"
58Fe,4628.7,3.7919488529999996,"(n,g)58Fe"
58Fe,3770.5,3.7919488529999996,"(n,g)58Fe"
58Fe,2361.6,3.6770413119999996,"(n,g)58Fe"
58Fe,4164.3,3.5621337709999996,"(n,g)58Fe"
58Fe,2872.6,3.447226229999999,"(n,g)58Fe"
58Fe,2948.2,3.447226229999999,"(n,g)58Fe"
58Fe,2322.4,3.217411147999999,"(n,g)58Fe"
58Fe,5611.7,3.217411147999999,"(n,g)58Fe"
58Fe,5375.4,2.987596065999999,"(n,g)58Fe"
58Fe,2447.8,2.8726885249999996,"(n,g)58Fe"
58Fe,756.92,2.8726885249999996,"(n,g)58Fe"
58Fe,2533.2,2.757780983999999,"(n,g)58Fe"
58Fe,2103.0,2.6428734429999996,"(n,g)58Fe"
58Fe,1348.4,2.6428734429999996,"(n,g)58Fe"
58Fe,6104.4,2.6428734429999996,"(n,g)58Fe"
58Fe,465.0,2.6428734429999996,"(n,g)58Fe"
58Fe,3532.1,2.5279659019999996,"(n,g)58Fe"
58Fe,2635.4,2.5279659019999996,"(n,g)58Fe"
58Fe,1273.6,2.4130583609999996,"(n,g)58Fe"
58Fe,4923.2,2.4130583609999996,"(n,g)58Fe"
58Fe,6228.4,2.2981508199999996,"(n,g)58Fe"
58Fe,613.1,2.2981508199999996,"(n,g)58Fe"
58Fe,2084.0,2.1832432789999996,"(n,g)58Fe"
58Fe,6097.0,2.1832432789999996,"(n,g)58Fe"
58Fe,3664.4,2.1832432789999996,"(n,g)58Fe"
58Fe,5383.3,2.1832432789999996,"(n,g)58Fe"
58Fe,4072.5,2.0683357379999996,"(n,g)58Fe"
58Fe,2966.6,2.0683357379999996,"(n,g)58Fe"
58Fe,4763.8,1.9534281969999998,"(n,g)58Fe"
58Fe,5672.2,1.9534281969999998,"(n,g)58Fe"
58Fe,1136.9,1.8385206559999998,"(n,g)58Fe"
58Fe,3081.4,1.8385206559999998,"(n,g)58Fe"
58Fe,1956.8,1.7236131149999996,"(n,g)58Fe"
58Fe,710.9,1.6087055739999996,"(n,g)58Fe"
58Fe,2240.9,1.6087055739999996,"(n,g)58Fe"
58Fe,3824.0,1.4937980329999996,"(n,g)58Fe"
58Fe,4126.0,1.4937980329999996,"(n,g)58Fe"
58Fe,2339.7,1.4937980329999996,"(n,g)58Fe"
58Fe,3523.4,1.3788904919999996,"(n,g)58Fe"
58Fe,4114.2,1.3788904919999996,"(n,g)58Fe"
58Fe,1730.3,1.2639829509999998,"(n,g)58Fe"
58Fe,1468.3,1.2639829509999998,"(n,g)58Fe"
58Fe,1477.3,1.2639829509999998,"(n,g)58Fe"
58Fe,5204.3,1.2639829509999998,"(n,g)58Fe"
58Fe,3070.4,1.1490754099999998,"(n,g)58Fe"
58Fe,1062.1,1.1490754099999998,"(n,g)58Fe"
58Fe,688.6,1.1490754099999998,"(n,g)58Fe"
58Fe,2578.4,1.1490754099999998,"(n,g)58Fe"
58Fe,627.3,1.1490754099999998,"(n,g)58Fe"
58Ni,8998.4,2156.6525049573997,"(n,g)58Ni"
58Ni,8533.4,1024.5176753068597,"(n,g)58Ni"
58Ni,465.0,990.0803549136698,"(n,g)58Ni"
58Ni,878.0,327.15665619514994,"(n,g)58Ni"
58Ni,339.4,305.63491529428995,"(n,g)58Ni"
58Ni,8120.5,185.10218145827994,"(n,g)58Ni"
58Ni,5817.2,154.97005422919997,"(n,g)58Ni"
58Ni,6583.9,112.35328931616998,"(n,g)58Ni"
58Ni,6105.3,101.16147705735997,"(n,g)58Ni"
58Ni,1188.8,77.05408530621999,"(n,g)58Ni"
58Ni,1301.5,77.05408530621999,"(n,g)58Ni"
58Ni,2842.1,76.19220168945999,"(n,g)58Ni"
58Ni,5312.6,74.90360118400999,"(n,g)58Ni"
58Ni,1950.1,71.45606671697,"(n,g)58Ni"
58Ni,2554.1,69.30558259475998,"(n,g)58Ni"
58Ni,4858.6,62.84990530843999,"(n,g)58Ni"
58Ni,7697.1,53.80857717184,"(n,g)58Ni"
58Ni,3675.2,41.19719189718999,"(n,g)58Ni"
58Ni,5973.0,37.92287913743999,"(n,g)58Ni"
58Ni,1340.3,27.550701298489994,"(n,g)58Ni"
58Ni,5435.8,27.162008687009994,"(n,g)58Ni"
58Ni,1537.0,27.119759490109995,"(n,g)58Ni"
58Ni,1734.8,22.814566325999994,"(n,g)58Ni"
58Ni,3221.1,22.687818735299995,"(n,g)58Ni"
58Ni,4030.2,21.394993310159997,"(n,g)58Ni"
58Ni,1501.9,21.095024012169993,"(n,g)58Ni"
58Ni,2015.7,21.006300698679993,"(n,g)58Ni"
58Ni,2415.0,21.006300698679993,"(n,g)58Ni"
58Ni,1992.8,20.66408220379,"(n,g)58Ni"
58Ni,3025.7,19.544478485939997,"(n,g)58Ni"
58Ni,2147.9,18.467123964989995,"(n,g)58Ni"
58Ni,2893.1,18.3361514546,"(n,g)58Ni"
58Ni,4283.7,18.3361514546,"(n,g)58Ni"
58Ni,3181.6,18.167154667,"(n,g)58Ni"
58Ni,2685.1,17.862960449319996,"(n,g)58Ni"
58Ni,1226.1,17.64748954513,"(n,g)58Ni"
58Ni,3930.0,16.874329241859996,"(n,g)58Ni"
58Ni,3686.0,15.839223917809997,"(n,g)58Ni"
58Ni,1446.9,14.635121806159997,"(n,g)58Ni"
58Ni,5268.6,14.508374215459998,"(n,g)58Ni"
58Ni,2808.2,13.90421069979,"(n,g)58Ni"
58Ni,4049.9,13.819712305989997,"(n,g)58Ni"
58Ni,2968.5,13.773238189399997,"(n,g)58Ni"
58Ni,423.5,12.915579492329996,"(n,g)58Ni"
58Ni,836.5,12.915579492329996,"(n,g)58Ni"
58Ni,4715.0,12.226917582859997,"(n,g)58Ni"
58Ni,2428.6,12.053695875569998,"(n,g)58Ni"
58Ni,2384.8,11.234061455709998,"(n,g)58Ni"
58Ni,3367.1,11.191812258809996,"(n,g)58Ni"
58Ni,4977.0,10.891842960819998,"(n,g)58Ni"
58Ni,3779.9,10.849593763919998,"(n,g)58Ni"
58Ni,3562.9,10.376402758639998,"(n,g)58Ni"
58Ni,7264.1,10.160931854449998,"(n,g)58Ni"
58Ni,3381.9,9.814488439869997,"(n,g)58Ni"
58Ni,3346.7,9.772239242969999,"(n,g)58Ni"
58Ni,2401.0,9.514519141879997,"(n,g)58Ni"
58Ni,4140.1,9.383546631489997,"(n,g)58Ni"
58Ni,1724.6,9.341297434589999,"(n,g)58Ni"
58Ni,2497.5,9.299048237689997,"(n,g)58Ni"
58Ni,3265.3,8.179444519839999,"(n,g)58Ni"
58Ni,934.6,8.179444519839999,"(n,g)58Ni"
58Ni,3614.4,7.617530201069998,"(n,g)58Ni"
58Ni,3296.6,7.448533413469999,"(n,g)58Ni"
58Ni,4949.7,7.102089998889999,"(n,g)58Ni"
58Ni,3037.9,6.8021207009,"(n,g)58Ni"
58Ni,1395.3,6.671148190509999,"(n,g)58Ni"
58Ni,3041.8,6.671148190509999,"(n,g)58Ni"
58Ni,2303.7,6.502151402909999,"(n,g)58Ni"
58Ni,2422.1,6.024735477939999,"(n,g)58Ni"
58Ni,846.8,5.897987887239999,"(n,g)58Ni"
58Ni,1663.1,5.72476617995,"(n,g)58Ni"
58Ni,1880.3,5.640267786149999,"(n,g)58Ni"
58Ni,5145.2,5.640267786149999,"(n,g)58Ni"
58Ni,2857.6,5.467046078859999,"(n,g)58Ni"
58Ni,5621.4,5.424796881959999,"(n,g)58Ni"
58Ni,3200.5,5.293824371569999,"(n,g)58Ni"
58Ni,2719.4,5.293824371569999,"(n,g)58Ni"
58Ni,4646.4,5.167076780869999,"(n,g)58Ni"
58Ni,2897.7,5.120602664279999,"(n,g)58Ni"
58Ni,1679.6,5.120602664279999,"(n,g)58Ni"
58Ni,4746.0,5.036104270479999,"(n,g)58Ni"
58Ni,3004.8,4.820633366289999,"(n,g)58Ni"
58Ni,1269.7,4.820633366289999,"(n,g)58Ni"
58Ni,4191.0,4.7361349724899995,"(n,g)58Ni"
58Ni,1704.9,4.693885775589999,"(n,g)58Ni"
58Ni,5068.6,4.693885775589999,"(n,g)58Ni"
58Ni,2437.2,4.647411658999999,"(n,g)58Ni"
58Ni,5109.1,4.647411658999999,"(n,g)58Ni"
58Ni,1392.9,4.5206640682999994,"(n,g)58Ni"
58Ni,6597.7,4.22069477031,"(n,g)58Ni"
58Ni,3730.2,4.22069477031,"(n,g)58Ni"
58Ni,2716.6,3.958749749529999,"(n,g)58Ni"
58Ni,545.9,3.789752961929999,"(n,g)58Ni"
58Ni,2075.5,3.743278845339999,"(n,g)58Ni"
58Ni,538.6,3.7010296484399996,"(n,g)58Ni"
58Ni,766.6,3.7010296484399996,"(n,g)58Ni"
58Ni,849.4,3.4855587442499996,"(n,g)58Ni"
58Ni,2178.6,3.4433095473499993,"(n,g)58Ni"
58Ni,5458.7,3.40106035045,"(n,g)58Ni"
58Ni,5617.0,3.2278386431599992,"(n,g)58Ni"
60Ni,7819.4,1304.6072047642335,"(n,g)60Ni"
60Ni,7536.5,741.6437161243546,"(n,g)60Ni"
60Ni,5695.7,157.38544749092807,"(n,g)60Ni"
60Ni,2124.0,154.20407602949496,"(n,g)60Ni"
60Ni,6719.9,58.74372390597944,"(n,g)60Ni"
60Ni,1185.3,56.29706917450747,"(n,g)60Ni"
60Ni,816.72,42.34465441044116,"(n,g)60Ni"
60Ni,1099.7,30.596389836258318,"(n,g)60Ni"
60Ni,6634.3,30.351484259604593,"(n,g)60Ni"
60Ni,656.05,23.24201943145103,"(n,g)60Ni"
60Ni,4674.9,21.04987441689372,"(n,g)60Ni"
60Ni,938.63,17.863700885330132,"(n,g)60Ni"
60Ni,4404.7,15.885247991578515,"(n,g)60Ni"
60Ni,4150.9,11.789082170291794,"(n,g)60Ni"
60Ni,4588.1,11.717051118334817,"(n,g)60Ni"
60Ni,3580.3,11.188823403983658,"(n,g)60Ni"
60Ni,4108.6,11.188823403983658,"(n,g)60Ni"
60Ni,3386.1,9.570525770016921,"(n,g)60Ni"
60Ni,908.61,8.571695182880184,"(n,g)60Ni"
60Ni,2862.1,7.171891739849611,"(n,g)60Ni"
60Ni,3711.4,6.975006864500542,"(n,g)60Ni"
60Ni,1132.4,6.842949935912752,"(n,g)60Ni"
60Ni,529.22,6.602846429389497,"(n,g)60Ni"
60Ni,1032.2,6.362742922866243,"(n,g)60Ni"
60Ni,4239.6,5.726468630579618,"(n,g)60Ni"
60Ni,3950.1,5.702458279927293,"(n,g)60Ni"
60Ni,3132.2,5.282277143511599,"(n,g)60Ni"
60Ni,4757.6,5.114204688945319,"(n,g)60Ni"
60Ni,2045.4,5.090194338292995,"(n,g)60Ni"
60Ni,3415.1,4.994152935683692,"(n,g)60Ni"
60Ni,3144.9,4.321863117418579,"(n,g)60Ni"
60Ni,2639.6,4.177801013504627,"(n,g)60Ni"
60Ni,5054.7,4.009728558938349,"(n,g)60Ni"
60Ni,5180.0,3.9617078576336984,"(n,g)60Ni"
60Ni,3869.8,3.769625052415095,"(n,g)60Ni"
60Ni,2118.9,3.697594000458118,"(n,g)60Ni"
60Ni,1065.0,3.6735836498057926,"(n,g)60Ni"
60Ni,2406.2,3.505511195239515,"(n,g)60Ni"
60Ni,2933.9,3.409469792630213,"(n,g)60Ni"
60Ni,3012.8,3.3374387406732366,"(n,g)60Ni"
60Ni,1612.4,3.2894180393685857,"(n,g)60Ni"
60Ni,2129.8,3.2317931978030052,"(n,g)60Ni"
60Ni,4956.2,3.205381812085447,"(n,g)60Ni"
60Ni,2099.4,3.0493145328453317,"(n,g)60Ni"
60Ni,2707.8,3.0493145328453317,"(n,g)60Ni"
60Ni,588.5,3.0253041821930062,"(n,g)60Ni"
60Ni,3584.0,3.0012938315406807,"(n,g)60Ni"
60Ni,4043.4,2.9292627795837043,"(n,g)60Ni"
60Ni,3380.4,2.7611903250174263,"(n,g)60Ni"
60Ni,2230.0,2.7371799743651004,"(n,g)60Ni"
60Ni,1621.8,2.7371799743651004,"(n,g)60Ni"
60Ni,1542.4,2.5691075197988225,"(n,g)60Ni"
60Ni,2783.8,2.5450971691464974,"(n,g)60Ni"
60Ni,1073.6,2.473066117189521,"(n,g)60Ni"
60Ni,1614.0,2.4490557665371955,"(n,g)60Ni"
60Ni,3231.7,2.3530143639278935,"(n,g)60Ni"
60Ni,3641.3,2.3049936626232426,"(n,g)60Ni"
60Ni,841.29,2.3049936626232426,"(n,g)60Ni"
60Ni,1662.3,2.280983311970917,"(n,g)60Ni"
60Ni,1609.9,2.2329626106662666,"(n,g)60Ni"
60Ni,1446.8,2.1849419093616156,"(n,g)60Ni"
60Ni,1959.7,2.0889005067523136,"(n,g)60Ni"
60Ni,4294.4,2.016869454795337,"(n,g)60Ni"
60Ni,1729.8,1.8728073508813847,"(n,g)60Ni"
60Ni,3062.2,1.824786649576734,"(n,g)60Ni"
60Ni,2856.7,1.7287452469674323,"(n,g)60Ni"
60Ni,3242.7,1.6567141950104556,"(n,g)60Ni"
60Ni,2764.7,1.6567141950104556,"(n,g)60Ni"
60Ni,2482.6,1.5846831430534793,"(n,g)60Ni"
60Ni,4081.5,1.4886417404441774,"(n,g)60Ni"
60Ni,902.52,1.4886417404441774,"(n,g)60Ni"
60Ni,2575.9,1.344579636530225,"(n,g)60Ni"
60Ni,2488.9,1.3205692858778997,"(n,g)60Ni"
60Ni,3305.9,1.296558935225574,"(n,g)60Ni"
60Ni,1415.2,1.296558935225574,"(n,g)60Ni"
60Ni,3107.0,1.2725485845732487,"(n,g)60Ni"
60Ni,5112.1,1.1524968313116213,"(n,g)60Ni"
60Ni,820.8,1.128486480659296,"(n,g)60Ni"
60Ni,1021.1,1.0084347273976686,"(n,g)60Ni"
60Ni,3709.2,0.9604140260930178,"(n,g)60Ni"
60Ni,4968.4,0.9604140260930178,"(n,g)60Ni"
60Ni,650.28,0.9604140260930178,"(n,g)60Ni"
60Ni,2315.6,0.912393324788367,"(n,g)60Ni"
60Ni,1501.8,0.912393324788367,"(n,g)60Ni"
60Ni,3644.0,0.912393324788367,"(n,g)60Ni"
60Ni,4818.4,0.912393324788367,"(n,g)60Ni"
60Ni,2580.8,0.8883829741360414,"(n,g)60Ni"
60Ni,1332.6,0.8403622728313906,"(n,g)60Ni"
60Ni,4962.7,0.8163519221790652,"(n,g)60Ni"
60Ni,3082.4,0.7923415715267397,"(n,g)60Ni"
60Ni,6090.2,0.7923415715267397,"(n,g)60Ni"
60Ni,1665.3,0.7683312208744143,"(n,g)60Ni"
60Ni,3347.6,0.7683312208744143,"(n,g)60Ni"
60Ni,4753.1,0.7203105195697632,"(n,g)60Ni"
60Ni,3077.6,0.7203105195697632,"(n,g)60Ni"
60Ni,3213.8,0.7203105195697632,"(n,g)60Ni"
60Ni,701.11,0.7203105195697632,"(n,g)60Ni"
60Ni,4713.0,0.6362742922866244,"(n,g)60Ni"
60Ni,652.63,0.6362742922866244,"(n,g)60Ni"
60Ni,3777.5,0.5762484156558106,"(n,g)60Ni"
61Ni,1172.8,1906.5141956000002,"(n,g)61Ni"
61Ni,875.64,358.72569733,"(n,g)61Ni"
61Ni,2301.4,260.89141624,"(n,g)61Ni"
61Ni,2097.3,180.61713432000002,"(n,g)61Ni"
61Ni,1128.7,170.58284908000002,"(n,g)61Ni"
61Ni,1163.3,145.49713598000002,"(n,g)61Ni"
61Ni,1220.8,130.44570812,"(n,g)61Ni"
61Ni,9422.3,125.4285655,"(n,g)61Ni"
61Ni,7326.0,120.41142288,"(n,g)61Ni"
61Ni,8551.3,115.39428026000002,"(n,g)61Ni"
61Ni,2345.6,112.88570895000001,"(n,g)61Ni"
61Ni,1985.1,102.85142371000002,"(n,g)61Ni"
61Ni,2084.2,100.34285240000001,"(n,g)61Ni"
61Ni,7703.4,100.34285240000001,"(n,g)61Ni"
61Ni,10594.6,92.81713847,"(n,g)61Ni"
61Ni,7078.0,90.30856716000001,"(n,g)61Ni"
61Ni,1185.9,62.71428275,"(n,g)61Ni"
61Ni,7436.0,50.171426200000006,"(n,g)61Ni"
61Ni,6532.0,45.154283580000005,"(n,g)61Ni"
61Ni,2799.4,45.154283580000005,"(n,g)61Ni"
61Ni,6623.0,42.645712270000004,"(n,g)61Ni"
61Ni,1886.2,42.645712270000004,"(n,g)61Ni"
61Ni,3158.0,42.645712270000004,"(n,g)61Ni"
61Ni,3370.0,40.13714096,"(n,g)61Ni"
61Ni,3860.0,40.13714096,"(n,g)61Ni"
61Ni,3270.0,40.13714096,"(n,g)61Ni"
61Ni,756.8,38.88285530500001,"(n,g)61Ni"
61Ni,464.63,37.628569649999996,"(n,g)61Ni"
61Ni,7073.0,37.628569649999996,"(n,g)61Ni"
61Ni,7338.0,35.11999834000001,"(n,g)61Ni"
61Ni,6748.0,32.61142703,"(n,g)61Ni"
61Ni,3972.0,30.10285572,"(n,g)61Ni"
61Ni,6445.0,30.10285572,"(n,g)61Ni"
61Ni,6738.0,30.10285572,"(n,g)61Ni"
61Ni,1718.3,30.10285572,"(n,g)61Ni"
61Ni,1761.0,25.085713100000003,"(n,g)61Ni"
61Ni,6179.0,25.085713100000003,"(n,g)61Ni"
61Ni,4061.0,22.577141790000002,"(n,g)61Ni"
61Ni,1092.5,22.577141790000002,"(n,g)61Ni"
61Ni,8302.5,20.06857048,"(n,g)61Ni"
61Ni,5968.0,17.559999170000005,"(n,g)61Ni"
61Ni,722.0,16.305713515,"(n,g)61Ni"
61Ni,1850.0,15.05142786,"(n,g)61Ni"
61Ni,3828.0,13.797142205,"(n,g)61Ni"
61Ni,579.42,13.797142205,"(n,g)61Ni"
61Ni,855.6,13.797142205,"(n,g)61Ni"
61Ni,678.5,13.797142205,"(n,g)61Ni"
61Ni,968.2,13.044570812,"(n,g)61Ni"
61Ni,2583.6,12.542856550000002,"(n,g)61Ni"
61Ni,3060.0,12.542856550000002,"(n,g)61Ni"
61Ni,1548.0,12.542856550000002,"(n,g)61Ni"
61Ni,1045.9,12.542856550000002,"(n,g)61Ni"
61Ni,6395.0,12.542856550000002,"(n,g)61Ni"
61Ni,6364.0,12.542856550000002,"(n,g)61Ni"
61Ni,1470.4,11.288570895000001,"(n,g)61Ni"
61Ni,4998.0,11.288570895000001,"(n,g)61Ni"
61Ni,1815.8,10.03428524,"(n,g)61Ni"
61Ni,4416.0,10.03428524,"(n,g)61Ni"
61Ni,6387.0,10.03428524,"(n,g)61Ni"
61Ni,479.6,10.03428524,"(n,g)61Ni"
61Ni,6277.0,10.03428524,"(n,g)61Ni"
61Ni,1455.2,10.03428524,"(n,g)61Ni"
61Ni,1661.3,10.03428524,"(n,g)61Ni"
61Ni,3456.0,8.779999585000002,"(n,g)61Ni"
61Ni,3546.0,8.779999585000002,"(n,g)61Ni"
61Ni,459.74,8.779999585000002,"(n,g)61Ni"
61Ni,1067.6,8.779999585000002,"(n,g)61Ni"
61Ni,1322.1,7.52571393,"(n,g)61Ni"
61Ni,3518.0,7.52571393,"(n,g)61Ni"
61Ni,5877.0,7.52571393,"(n,g)61Ni"
61Ni,2289.7,7.023999668,"(n,g)61Ni"
61Ni,4318.0,6.271428275000001,"(n,g)61Ni"
61Ni,703.1,5.01714262,"(n,g)61Ni"
61Ni,5596.0,3.762856965,"(n,g)61Ni"
61Ni,264.94,2.50857131,"(n,g)61Ni"
61Ni,310.4,2.257714179,"(n,g)61Ni"
61Ni,450.4,1.003428524,"(n,g)61Ni"
62Ni,6837.4,12547.157592467998,"(n,g)62Ni"
62Ni,155.5,1039.3883456639999,"(n,g)62Ni"
62Ni,5836.2,935.5389080309998,"(n,g)62Ni"
62Ni,845.74,623.692605354,"(n,g)62Ni"
62Ni,6319.5,601.3433720039999,"(n,g)62Ni"
62Ni,483.38,564.2436446429999,"(n,g)62Ni"
62Ni,362.42,430.59522920999996,"(n,g)62Ni"
62Ni,5513.9,241.967699736,"(n,g)62Ni"
62Ni,6681.9,210.82776793499997,"(n,g)62Ni"
62Ni,1168.2,173.72804057399998,"(n,g)62Ni"
62Ni,517.91,127.68861987299998,"(n,g)62Ni"
62Ni,4141.9,76.58337294599998,"(n,g)62Ni"
62Ni,1323.7,75.68940361199999,"(n,g)62Ni"
62Ni,3099.0,73.90146494399998,"(n,g)62Ni"
62Ni,1236.5,59.448960710999984,"(n,g)62Ni"
62Ni,4484.8,53.93614981799999,"(n,g)62Ni"
62Ni,2352.9,52.59519581699999,"(n,g)62Ni"
62Ni,2540.4,42.314548476,"(n,g)62Ni"
62Ni,1001.3,37.09972736099999,"(n,g)62Ni"
62Ni,3204.5,27.713049354,"(n,g)62Ni"
62Ni,2695.9,24.733151573999994,"(n,g)62Ni"
62Ni,3583.5,19.667325347999995,"(n,g)62Ni"
62Ni,2783.4,18.773356013999997,"(n,g)62Ni"
62Ni,2378.9,18.326371346999995,"(n,g)62Ni"
62Ni,3554.4,17.730391791,"(n,g)62Ni"
62Ni,3475.9,16.985417346,"(n,g)62Ni"
62Ni,3651.7,16.38943779,"(n,g)62Ni"
62Ni,3738.9,15.793458233999996,"(n,g)62Ni"
62Ni,913.96,14.452504232999999,"(n,g)62Ni"
62Ni,3151.9,13.558534898999998,"(n,g)62Ni"
62Ni,3127.9,13.409540009999999,"(n,g)62Ni"
62Ni,3206.7,13.409540009999999,"(n,g)62Ni"
62Ni,3419.8,12.813560453999997,"(n,g)62Ni"
62Ni,2265.7,11.770596230999999,"(n,g)62Ni"
62Ni,981.81,11.174616675,"(n,g)62Ni"
62Ni,430.71,10.429642229999997,"(n,g)62Ni"
62Ni,2452.7,9.833662673999997,"(n,g)62Ni"
62Ni,1659.4,9.088688228999999,"(n,g)62Ni"
62Ni,4054.4,8.939693339999998,"(n,g)62Ni"
62Ni,1474.1,8.343713783999998,"(n,g)62Ni"
62Ni,805.84,8.194718895,"(n,g)62Ni"
62Ni,3256.5,7.896729116999998,"(n,g)62Ni"
62Ni,1069.2,7.896729116999998,"(n,g)62Ni"
62Ni,3115.8,7.449744449999999,"(n,g)62Ni"
62Ni,2177.9,6.853764893999999,"(n,g)62Ni"
62Ni,2525.6,6.853764893999999,"(n,g)62Ni"
62Ni,1506.3,6.853764893999999,"(n,g)62Ni"
62Ni,2070.8,6.853764893999999,"(n,g)62Ni"
62Ni,1719.5,6.704770004999999,"(n,g)62Ni"
62Ni,2042.8,6.5557751159999995,"(n,g)62Ni"
62Ni,2632.3,6.5557751159999995,"(n,g)62Ni"
62Ni,4459.0,6.406780226999999,"(n,g)62Ni"
62Ni,3362.2,6.406780226999999,"(n,g)62Ni"
62Ni,1844.2,6.108790448999999,"(n,g)62Ni"
62Ni,1512.7,6.108790448999999,"(n,g)62Ni"
62Ni,3601.4,5.95979556,"(n,g)62Ni"
62Ni,1621.8,5.810800670999999,"(n,g)62Ni"
62Ni,1900.8,5.0658262259999995,"(n,g)62Ni"
62Ni,2986.6,4.469846669999999,"(n,g)62Ni"
62Ni,3899.0,4.469846669999999,"(n,g)62Ni"
62Ni,2941.5,4.320851781,"(n,g)62Ni"
62Ni,1691.4,4.320851781,"(n,g)62Ni"
62Ni,3823.6,4.171856891999999,"(n,g)62Ni"
62Ni,3041.3,4.171856891999999,"(n,g)62Ni"
62Ni,3221.0,4.022862003,"(n,g)62Ni"
62Ni,1623.3,4.022862003,"(n,g)62Ni"
62Ni,3047.2,4.022862003,"(n,g)62Ni"
62Ni,2821.9,3.7248722249999995,"(n,g)62Ni"
62Ni,3236.6,3.5758773359999996,"(n,g)62Ni"
62Ni,1694.6,3.4268824469999997,"(n,g)62Ni"
62Ni,2577.6,3.4268824469999997,"(n,g)62Ni"
62Ni,3634.3,3.2778875579999998,"(n,g)62Ni"
62Ni,1889.3,3.2778875579999998,"(n,g)62Ni"
62Ni,5254.7,3.2778875579999998,"(n,g)62Ni"
62Ni,1581.4,2.97989778,"(n,g)62Ni"
62Ni,1762.0,2.8309028909999996,"(n,g)62Ni"
62Ni,2858.8,2.8309028909999996,"(n,g)62Ni"
62Ni,4330.3,2.383918224,"(n,g)62Ni"
62Ni,3530.4,2.383918224,"(n,g)62Ni"
62Ni,4362.4,2.383918224,"(n,g)62Ni"
62Ni,4331.7,2.2349233349999995,"(n,g)62Ni"
62Ni,4171.9,2.2349233349999995,"(n,g)62Ni"
62Ni,5022.7,2.2349233349999995,"(n,g)62Ni"
62Ni,3794.2,1.9369335569999995,"(n,g)62Ni"
62Ni,5248.1,1.6389437789999999,"(n,g)62Ni"
62Ni,4225.1,1.6389437789999999,"(n,g)62Ni"
62Ni,5820.5,1.6389437789999999,"(n,g)62Ni"
62Ni,4660.2,1.6389437789999999,"(n,g)62Ni"
62Ni,5209.0,1.48994889,"(n,g)62Ni"
62Ni,4293.4,1.3409540009999998,"(n,g)62Ni"
62Ni,4295.7,1.0429642229999998,"(n,g)62Ni"
62Ni,4134.4,0.8939693339999999,"(n,g)62Ni"
63Cu,7916.3,1478.9376294061499,"(n,g)63Cu"
63Cu,278.3,1072.3409435172,"(n,g)63Cu"
63Cu,7638.0,723.8301368741099,"(n,g)63Cu"
63Cu,159.3,679.15075383825,"(n,g)63Cu"
63Cu,7307.3,400.34032099095,"(n,g)63Cu"
63Cu,608.8,348.51080664308995,"(n,g)63Cu"
63Cu,343.9,263.6164038093,"(n,g)63Cu"
63Cu,203.0,218.93702077344,"(n,g)63Cu"
63Cu,7253.1,185.42524908051,"(n,g)63Cu"
63Cu,6989.0,156.82919266457998,"(n,g)63Cu"
63Cu,648.8,127.78625304164997,"(n,g)63Cu"
63Cu,7177.1,114.38422566371999,"(n,g)63Cu"
63Cu,579.8,110.80916000771998,"(n,g)63Cu"
63Cu,663.1,90.70388452478998,"(n,g)63Cu"
63Cu,6674.9,88.91635169678999,"(n,g)63Cu"
63Cu,5418.5,82.65998679878999,"(n,g)63Cu"
63Cu,468.0,80.87245397078999,"(n,g)63Cu"
63Cu,7572.3,77.74427152178998,"(n,g)63Cu"
63Cu,503.7,71.48790662379,"(n,g)63Cu"
63Cu,6010.8,71.04102341679,"(n,g)63Cu"
63Cu,7756.9,70.59414020978998,"(n,g)63Cu"
63Cu,384.7,67.91284096778999,"(n,g)63Cu"
63Cu,6394.9,62.19720475025999,"(n,g)63Cu"
63Cu,4320.2,60.32029528085999,"(n,g)63Cu"
63Cu,6618.2,50.488864726859994,"(n,g)63Cu"
63Cu,449.5,47.807565484859985,"(n,g)63Cu"
63Cu,212.4,46.46691586385999,"(n,g)63Cu"
63Cu,5258.7,46.06472097755999,"(n,g)63Cu"
63Cu,878.3,45.394396167059995,"(n,g)63Cu"
63Cu,1138.8,36.774019104029996,"(n,g)63Cu"
63Cu,2497.9,36.63995414193,"(n,g)63Cu"
63Cu,264.9,36.19307093493,"(n,g)63Cu"
63Cu,4658.5,34.405538106929995,"(n,g)63Cu"
63Cu,1158.8,33.37770673082999,"(n,g)63Cu"
63Cu,617.4,33.15426512732999,"(n,g)63Cu"
63Cu,1320.3,32.70738192032999,"(n,g)63Cu"
63Cu,534.1,32.17112207192999,"(n,g)63Cu"
63Cu,376.9,31.277355657929995,"(n,g)63Cu"
63Cu,767.8,30.338900923229993,"(n,g)63Cu"
63Cu,5190.1,29.847329395529997,"(n,g)63Cu"
63Cu,494.9,29.489822829929995,"(n,g)63Cu"
63Cu,6595.6,28.193861529629995,"(n,g)63Cu"
63Cu,6063.7,27.121341832829994,"(n,g)63Cu"
63Cu,1241.5,24.57410755293,"(n,g)63Cu"
63Cu,4603.1,24.261289308029994,"(n,g)63Cu"
63Cu,5771.5,22.741886404229994,"(n,g)63Cu"
63Cu,1242.6,22.339691517929996,"(n,g)63Cu"
63Cu,3591.4,22.339691517929996,"(n,g)63Cu"
63Cu,5615.0,22.071561593729996,"(n,g)63Cu"
63Cu,3844.4,21.892808310929997,"(n,g)63Cu"
63Cu,4504.0,21.758743348829995,"(n,g)63Cu"
63Cu,4475.7,21.35654846253,"(n,g)63Cu"
63Cu,1683.1,21.26717182113,"(n,g)63Cu"
63Cu,1361.8,20.864976934829997,"(n,g)63Cu"
63Cu,962.7,19.032755786129997,"(n,g)63Cu"
63Cu,1852.6,18.67524922053,"(n,g)63Cu"
63Cu,5636.2,18.31774265493,"(n,g)63Cu"
63Cu,1298.1,18.22836601353,"(n,g)63Cu"
63Cu,5408.9,17.826171127229998,"(n,g)63Cu"
63Cu,1521.2,17.692106165129996,"(n,g)63Cu"
63Cu,1019.6,17.42397624093,"(n,g)63Cu"
63Cu,7037.8,17.334599599529998,"(n,g)63Cu"
63Cu,4133.1,17.021781354629997,"(n,g)63Cu"
63Cu,460.8,16.84302807183,"(n,g)63Cu"
63Cu,4497.0,16.44083318553,"(n,g)63Cu"
63Cu,5183.9,16.35145654413,"(n,g)63Cu"
63Cu,6321.5,16.128014940629996,"(n,g)63Cu"
63Cu,3588.5,15.189560205929999,"(n,g)63Cu"
63Cu,4286.6,15.055495243829998,"(n,g)63Cu"
63Cu,927.1,14.787365319629998,"(n,g)63Cu"
63Cu,247.6,14.742676998929998,"(n,g)63Cu"
63Cu,5085.3,14.653300357529998,"(n,g)63Cu"
63Cu,1081.7,14.34048211263,"(n,g)63Cu"
63Cu,3916.8,14.295793791929999,"(n,g)63Cu"
63Cu,3923.8,14.295793791929999,"(n,g)63Cu"
63Cu,2291.4,14.20641715053,"(n,g)63Cu"
63Cu,4563.0,13.982975547029998,"(n,g)63Cu"
63Cu,215.0,13.84891058493,"(n,g)63Cu"
63Cu,1232.1,13.71484562283,"(n,g)63Cu"
63Cu,4405.0,13.58078066073,"(n,g)63Cu"
63Cu,7170.1,13.536092340029999,"(n,g)63Cu"
63Cu,2153.7,13.491404019329998,"(n,g)63Cu"
63Cu,318.9,13.402027377929999,"(n,g)63Cu"
63Cu,1194.9,13.004301323699998,"(n,g)63Cu"
63Cu,3316.6,12.959613002999998,"(n,g)63Cu"
63Cu,897.1,12.780859720199999,"(n,g)63Cu"
63Cu,4312.8,12.512729795999999,"(n,g)63Cu"
63Cu,3153.1,12.423353154599997,"(n,g)63Cu"
63Cu,1076.4,12.289288192499997,"(n,g)63Cu"
63Cu,5555.8,12.244599871799998,"(n,g)63Cu"
63Cu,2932.1,12.155223230399999,"(n,g)63Cu"
63Cu,1417.3,12.065846589,"(n,g)63Cu"
63Cu,5152.1,12.021158268299999,"(n,g)63Cu"
63Cu,3751.2,12.021158268299999,"(n,g)63Cu"
63Cu,739.1,11.9317816269,"(n,g)63Cu"
63Cu,261.3,11.797716664799998,"(n,g)63Cu"
63Cu,3464.6,11.618963381999999,"(n,g)63Cu"
63Cu,2141.7,11.574275061299998,"(n,g)63Cu"
63Cu,632.3,11.3955217785,"(n,g)63Cu"
63Cu,4089.1,11.350833457799999,"(n,g)63Cu"
64Ni,6034.8,988.9395434037959,"(n,g)64Ni"
64Ni,310.2,324.7301745549293,"(n,g)64Ni"
64Ni,5787.8,261.2620032683942,"(n,g)64Ni"
64Ni,63.6,177.12151114284777,"(n,g)64Ni"
64Ni,5405.8,131.3640101453225,"(n,g)64Ni"
64Ni,629.0,103.31717943680702,"(n,g)64Ni"
64Ni,4680.3,56.241743944531045,"(n,g)64Ni"
64Ni,1107.4,53.13201086702934,"(n,g)64Ni"
64Ni,1346.0,35.42134057801956,"(n,g)64Ni"
64Ni,692.6,20.657512586261404,"(n,g)64Ni"
64Ni,3951.4,16.674092596509205,"(n,g)64Ni"
64Ni,3386.7,12.24642502425676,"(n,g)64Ni"
64Ni,382.0,10.336160419505706,"(n,g)64Ni"
64Ni,2146.7,9.151500199505051,"(n,g)64Ni"
64Ni,2083.8,8.85533514450489,"(n,g)64Ni"
64Ni,2401.5,8.559170089504725,"(n,g)64Ni"
64Ni,247.1,7.374509869504072,"(n,g)64Ni"
64Ni,3773.7,4.427667572252445,"(n,g)64Ni"
64Ni,3088.6,3.835337462252117,"(n,g)64Ni"
64Ni,2647.9,3.243007352251791,"(n,g)64Ni"
64Ni,726.0,2.9468422972516266,"(n,g)64Ni"
64Ni,1418.0,2.9468422972516266,"(n,g)64Ni"
64Ni,2819.7,2.798759769751545,"(n,g)64Ni"
64Ni,5419.9,2.0731553850011446,"(n,g)64Ni"
64Ni,4178.1,1.776990330000981,"(n,g)64Ni"
64Ni,3219.3,1.6289078025008992,"(n,g)64Ni"
64Ni,3852.8,1.4808252750008175,"(n,g)64Ni"
64Ni,3651.0,1.1846602200006542,"(n,g)64Ni"
64Ni,3963.1,1.1846602200006542,"(n,g)64Ni"
64Ni,5752.7,1.1846602200006542,"(n,g)64Ni"
64Ni,3099.8,1.0365776925005723,"(n,g)64Ni"
64Ni,2810.4,1.0365776925005723,"(n,g)64Ni"
64Ni,4730.2,0.8884951650004905,"(n,g)64Ni"
64Zn,115.13,210.66217903257325,"(n,g)64Zn"
64Zn,153.01,117.90765475502054,"(n,g)64Zn"
64Zn,751.79,65.40395823174691,"(n,g)64Zn"
64Zn,53.93,48.403971678397745,"(n,g)64Zn"
64Zn,61.2,44.4577923134643,"(n,g)64Zn"
64Zn,206.94,34.199905059490696,"(n,g)64Zn"
64Zn,909.65,32.811539162665504,"(n,g)64Zn"
64Zn,1354.6,21.73911432324163,"(n,g)64Zn"
64Zn,1577.05,20.770224185681023,"(n,g)64Zn"
64Zn,794.52,17.06034546310579,"(n,g)64Zn"
64Zn,1523.12,13.290448818764883,"(n,g)64Zn"
64Zn,855.72,11.155357557716576,"(n,g)64Zn"
64Zn,855.16,10.91388156508173,"(n,g)64Zn"
64Zn,197.89,10.834082304480892,"(n,g)64Zn"
64Zn,864.21,10.756280547495601,"(n,g)64Zn"
64Zn,768.7,9.666914712072137,"(n,g)64Zn"
64Zn,1253.95,7.815468964431305,"(n,g)64Zn"
64Zn,932.26,6.6548991869951095,"(n,g)64Zn"
64Zn,1415.8,6.3051544630368515,"(n,g)64Zn"
64Zn,653.57,5.703401454652687,"(n,g)64Zn"
64Zn,91.81,5.305999119180098,"(n,g)64Zn"
64Zn,702.71,5.15184833511173,"(n,g)64Zn"
64Zn,1369.08,4.610502660814253,"(n,g)64Zn"
64Zn,1047.39,3.5268065073702655,"(n,g)64Zn"
64Zn,1228.72,3.1756897607265824,"(n,g)64Zn"
64Zn,1603.0,3.0466994514924095,"(n,g)64Zn"
64Zn,560.08,2.239324631532232,"(n,g)64Zn"
64Zn,1262.79,2.108861415591647,"(n,g)64Zn"
64Zn,749.08,1.9575466831212702,"(n,g)64Zn"
64Zn,602.81,1.8261289025741043,"(n,g)64Zn"
64Zn,1469.73,1.8261289025741043,"(n,g)64Zn"
64Zn,422.34,1.5433933630359322,"(n,g)64Zn"
64Zn,140.95,1.24713310987618,"(n,g)64Zn"
64Zn,714.77,1.2374321024180555,"(n,g)64Zn"
64Zn,866.92,1.0467368888192594,"(n,g)64Zn"
64Zn,659.98,1.0200550829485777,"(n,g)64Zn"
64Zn,812.99,0.9153818581331481,"(n,g)64Zn"
64Zn,1343.85,0.8892145607695006,"(n,g)64Zn"
64Zn,1136.91,0.6479784703365611,"(n,g)64Zn"
64Zn,1045.72,0.3851673231753093,"(n,g)64Zn"
64Zn,1588.08,0.22787702837382087,"(n,g)64Zn"
64Zn,993.46,0.1996679594862186,"(n,g)64Zn"
64Zn,1137.53,0.14638642698432985,"(n,g)64Zn"
64Zn,575.15,0.12703788059920398,"(n,g)64Zn"
64Zn,479.64,0.12066846705015914,"(n,g)64Zn"
64Zn,483.96,0.10784124537288056,"(n,g)64Zn"
64Zn,657.27,0.07636984954500838,"(n,g)64Zn"
64Zn,1472.95,0.07519616484484383,"(n,g)64Zn"
64Zn,1252.66,0.06894175907972437,"(n,g)64Zn"
64Zn,201.3,0.06496652511674664,"(n,g)64Zn"
64Zn,561.76,0.06477424017274512,"(n,g)64Zn"
64Zn,1289.92,0.05396471909201376,"(n,g)64Zn"
64Zn,278.69,0.05257332667455896,"(n,g)64Zn"
64Zn,819.38,0.03349835757754604,"(n,g)64Zn"
64Zn,1263.42,0.015854398053029576,"(n,g)64Zn"
64Zn,1065.51,0.0064312393124665935,"(n,g)64Zn"
64Zn,399.21,0.0007134239524313463,"(n,g)64Zn"
65Cu,186.01,881.5930707210479,"(n,g)65Cu"
65Cu,465.15,479.5107926600608,"(n,g)65Cu"
65Cu,385.78,408.55256759300295,"(n,g)65Cu"
65Cu,6600.7,309.62807448224845,"(n,g)65Cu"
65Cu,6680.0,296.73048737524005,"(n,g)65Cu"
65Cu,89.18,234.3706537128544,"(n,g)65Cu"
65Cu,5245.9,156.9636350922923,"(n,g)65Cu"
65Cu,5320.2,132.2432598038595,"(n,g)65Cu"
65Cu,5043.0,126.0094260354721,"(n,g)65Cu"
65Cu,1559.9,120.42047162243514,"(n,g)65Cu"
65Cu,543.85,90.08964594245373,"(n,g)65Cu"
65Cu,315.71,88.15500787640245,"(n,g)65Cu"
65Cu,822.68,86.65028938058481,"(n,g)65Cu"
65Cu,237.82,86.00541002523437,"(n,g)65Cu"
65Cu,5048.0,75.25742076939405,"(n,g)65Cu"
65Cu,4385.1,75.25742076939405,"(n,g)65Cu"
65Cu,831.2,58.27559774516631,"(n,g)65Cu"
65Cu,6790.6,56.555919464231856,"(n,g)65Cu"
65Cu,6243.2,52.47168354701253,"(n,g)65Cu"
65Cu,1637.5,50.966965051194876,"(n,g)65Cu"
65Cu,1743.4,50.322085695844464,"(n,g)65Cu"
65Cu,1355.2,48.38744762979319,"(n,g)65Cu"
65Cu,7065.7,47.957528059559586,"(n,g)65Cu"
65Cu,1052.2,42.79849321675622,"(n,g)65Cu"
65Cu,972.11,41.72369429117219,"(n,g)65Cu"
65Cu,436.91,40.86385515070496,"(n,g)65Cu"
65Cu,1439.4,40.43393558047135,"(n,g)65Cu"
65Cu,1212.5,38.28433772930328,"(n,g)65Cu"
65Cu,6048.8,36.75812325497395,"(n,g)65Cu"
65Cu,2215.9,35.0384449740395,"(n,g)65Cu"
65Cu,1582.5,34.39356561868908,"(n,g)65Cu"
65Cu,997.65,31.384128627053787,"(n,g)65Cu"
65Cu,1832.4,26.225093784250426,"(n,g)65Cu"
65Cu,3900.2,26.01013399913362,"(n,g)65Cu"
65Cu,937.51,24.56990343885101,"(n,g)65Cu"
65Cu,5853.4,23.90352810498891,"(n,g)65Cu"
65Cu,4198.3,23.430616577731936,"(n,g)65Cu"
65Cu,1633.9,23.430616577731936,"(n,g)65Cu"
65Cu,1746.2,23.215656792615132,"(n,g)65Cu"
65Cu,4479.8,23.00069700749832,"(n,g)65Cu"
65Cu,3429.4,22.57077743726471,"(n,g)65Cu"
65Cu,4401.7,22.140857867031094,"(n,g)65Cu"
65Cu,878.82,21.796922210844205,"(n,g)65Cu"
65Cu,768.31,21.495978511680676,"(n,g)65Cu"
65Cu,1866.7,20.421179586096642,"(n,g)65Cu"
65Cu,1820.2,19.991260015863027,"(n,g)65Cu"
65Cu,4117.2,18.916461090278997,"(n,g)65Cu"
65Cu,4326.7,18.185597820881853,"(n,g)65Cu"
65Cu,190.1,17.84166216469496,"(n,g)65Cu"
65Cu,3184.5,17.411742594461344,"(n,g)65Cu"
65Cu,814.27,16.981823024227733,"(n,g)65Cu"
65Cu,1678.2,16.766863239110926,"(n,g)65Cu"
65Cu,4377.8,16.551903453994118,"(n,g)65Cu"
65Cu,4903.1,16.551903453994118,"(n,g)65Cu"
65Cu,194.47,16.336943668877314,"(n,g)65Cu"
65Cu,1471.0,16.336943668877314,"(n,g)65Cu"
65Cu,1428.2,16.336943668877314,"(n,g)65Cu"
65Cu,4039.8,16.121983883760507,"(n,g)65Cu"
65Cu,547.55,15.9070240986437,"(n,g)65Cu"
65Cu,2821.8,15.692064313526894,"(n,g)65Cu"
65Cu,3173.0,15.692064313526894,"(n,g)65Cu"
65Cu,3293.5,15.477104528410086,"(n,g)65Cu"
65Cu,2700.3,15.477104528410086,"(n,g)65Cu"
65Cu,3530.6,15.26214474329328,"(n,g)65Cu"
65Cu,1837.4,15.26214474329328,"(n,g)65Cu"
65Cu,2629.6,15.26214474329328,"(n,g)65Cu"
65Cu,1197.2,15.26214474329328,"(n,g)65Cu"
65Cu,5518.7,14.165849839197566,"(n,g)65Cu"
65Cu,3465.0,13.757426247475633,"(n,g)65Cu"
65Cu,1272.3,13.499474505335463,"(n,g)65Cu"
65Cu,4113.2,13.327506677242019,"(n,g)65Cu"
65Cu,2110.4,13.112546892125213,"(n,g)65Cu"
65Cu,199.9,12.897587107008405,"(n,g)65Cu"
65Cu,4276.6,12.70412330040328,"(n,g)65Cu"
65Cu,1748.0,12.682627321891598,"(n,g)65Cu"
65Cu,3270.8,12.252707751657987,"(n,g)65Cu"
65Cu,426.37,12.037747966541179,"(n,g)65Cu"
65Cu,723.99,11.543340460772521,"(n,g)65Cu"
65Cu,5388.1,11.43586056821412,"(n,g)65Cu"
65Cu,956.74,11.392868611190758,"(n,g)65Cu"
65Cu,1652.0,11.392868611190758,"(n,g)65Cu"
65Cu,987.18,11.220900783097312,"(n,g)65Cu"
65Cu,2687.9,11.177908826073951,"(n,g)65Cu"
65Cu,1468.6,11.177908826073951,"(n,g)65Cu"
65Cu,3818.1,10.855469148398742,"(n,g)65Cu"
65Cu,1298.9,10.747989255840338,"(n,g)65Cu"
65Cu,357.56,10.53302947072353,"(n,g)65Cu"
65Cu,551.95,10.447045556676807,"(n,g)65Cu"
65Cu,3778.4,10.361061642630084,"(n,g)65Cu"
65Cu,2680.4,10.318069685606723,"(n,g)65Cu"
65Cu,2023.6,10.103109900489917,"(n,g)65Cu"
65Cu,3025.8,10.103109900489917,"(n,g)65Cu"
65Cu,3724.1,10.103109900489917,"(n,g)65Cu"
65Cu,753.91,10.081613921978237,"(n,g)65Cu"
65Cu,1728.0,9.479726523651177,"(n,g)65Cu"
65Cu,2862.6,9.458230545139498,"(n,g)65Cu"
65Cu,454.8,9.458230545139498,"(n,g)65Cu"
65Cu,482.69,9.458230545139498,"(n,g)65Cu"
65Cu,3967.0,9.20027880299933,"(n,g)65Cu"
65Cu,3871.0,9.17878282448765,"(n,g)65Cu"
65Zn,1039.39,50303.38199039999,"(n,g)65Zn"
65Zn,833.55,13023.997887743999,"(n,g)65Zn"
65Zn,1411.74,7022.564861183999,"(n,g)65Zn"
65Zn,1787.79,3745.3357209599994,"(n,g)65Zn"
65Zn,830.86,3375.1680537599996,"(n,g)65Zn"
65Zn,2763.4,3259.6629811199996,"(n,g)65Zn"
65Zn,3227.3,2072.2457691647996,"(n,g)65Zn"
65Zn,3241.4,1577.6158604543998,"(n,g)65Zn"
65Zn,2780.55,1478.4305220863998,"(n,g)65Zn"
65Zn,2173.4,1359.7216591103997,"(n,g)65Zn"
65Zn,892.75,1220.9993604863998,"(n,g)65Zn"
65Zn,1899.06,1078.3942320383997,"(n,g)65Zn"
65Zn,1726.3,1062.2727408383998,"(n,g)65Zn"
65Zn,626.8,983.0962808063999,"(n,g)65Zn"
65Zn,2938.45,765.6441387263999,"(n,g)65Zn"
65Zn,2189.92,511.5901731839999,"(n,g)65Zn"
65Zn,314.56,439.6370526719999,"(n,g)65Zn"
65Zn,954.24,411.99239807999993,"(n,g)65Zn"
65Zn,1741.16,325.26447206399996,"(n,g)65Zn"
65Zn,1204.99,324.36668159999994,"(n,g)65Zn"
65Zn,907.61,266.06498918399996,"(n,g)65Zn"
65Zn,1664.41,239.621186304,"(n,g)65Zn"
65Zn,1333.14,229.73865523199996,"(n,g)65Zn"
65Zn,329.42,162.63198537983996,"(n,g)65Zn"
65Zn,3229.31,140.66984312063997,"(n,g)65Zn"
65Zn,312.24,98.30962808064,"(n,g)65Zn"
65Zn,3030.0,81.15476638463998,"(n,g)65Zn"
65Zn,1232.43,68.16186987263998,"(n,g)65Zn"
65Zn,1356.37,27.112132684799995,"(n,g)65Zn"
65Zn,856.78,10.637720964863998,"(n,g)65Zn"
65Zn,448.76,9.818885931263997,"(n,g)65Zn"
65Zn,2065.98,4.225813125119998,"(n,g)65Zn"
66Zn,184.58,143.9087954531506,"(n,g)66Zn"
66Zn,93.31,141.85215412372096,"(n,g)66Zn"
66Zn,300.22,93.06186601873267,"(n,g)66Zn"
66Zn,990.0,46.22566351959379,"(n,g)66Zn"
66Zn,1060.0,43.592440875313805,"(n,g)66Zn"
66Zn,393.53,26.051006912297712,"(n,g)66Zn"
66Zn,91.27,20.867627045753117,"(n,g)66Zn"
66Zn,958.23,18.02292081234983,"(n,g)66Zn"
66Zn,749.28,17.66139928874475,"(n,g)66Zn"
66Zn,208.95,13.028135215801358,"(n,g)66Zn"
66Zn,586.31,11.85579113835539,"(n,g)66Zn"
66Zn,870.91,8.704962003309534,"(n,g)66Zn"
66Zn,979.84,5.690339028265443,"(n,g)66Zn"
66Zn,887.7,4.100830973289026,"(n,g)66Zn"
66Zn,1142.81,3.6041940313293854,"(n,g)66Zn"
66Zn,494.17,2.0918506648670556,"(n,g)66Zn"
66Zn,794.39,1.7637178647100347,"(n,g)66Zn"
66Zn,814.77,1.3691975862428345,"(n,g)66Zn"
66Zn,604.49,0.932700985150178,"(n,g)66Zn"
66Zn,375.35,0.7113844657378218,"(n,g)66Zn"
66Zn,703.12,0.4100830973289025,"(n,g)66Zn"
66Zn,630.19,0.07393406130532902,"(n,g)66Zn"
66Zn,421.24,0.01013266316772997,"(n,g)66Zn"
67Zn,1077.37,6262.278337167052,"(n,g)67Zn"
67Zn,1292.93,780.0397546765364,"(n,g)67Zn"
67Zn,1340.07,766.356587668745,"(n,g)67Zn"
67Zn,1883.14,692.1076572603108,"(n,g)67Zn"
67Zn,1260.92,563.1153016139441,"(n,g)67Zn"
67Zn,1673.01,478.2463188246593,"(n,g)67Zn"
67Zn,805.77,449.9037682949593,"(n,g)67Zn"
67Zn,1432.83,329.2350703148297,"(n,g)67Zn"
67Zn,1882.77,268.14559230272926,"(n,g)67Zn"
67Zn,585.6,219.28396568791186,"(n,g)67Zn"
67Zn,1744.21,198.25954292189152,"(n,g)67Zn"
67Zn,1126.06,178.97214011859373,"(n,g)67Zn"
67Zn,571.0,170.6842501648572,"(n,g)67Zn"
67Zn,746.56,167.1486521236871,"(n,g)67Zn"
67Zn,578.57,129.99810069305977,"(n,g)67Zn"
67Zn,815.31,107.76080286404533,"(n,g)67Zn"
67Zn,2109.23,95.55946798144323,"(n,g)67Zn"
67Zn,2209.72,79.82382592248314,"(n,g)67Zn"
67Zn,864.0,76.20133654365155,"(n,g)67Zn"
67Zn,1270.46,73.27725881417602,"(n,g)67Zn"
67Zn,2082.73,72.09208355860729,"(n,g)67Zn"
67Zn,2347.67,70.39970600396832,"(n,g)67Zn"
67Zn,1546.28,58.48851988089267,"(n,g)67Zn"
67Zn,2323.53,56.30534476750331,"(n,g)67Zn"
67Zn,1530.66,53.51922821481623,"(n,g)67Zn"
67Zn,736.92,50.77856086072027,"(n,g)67Zn"
67Zn,1517.76,50.10515971709783,"(n,g)67Zn"
67Zn,2106.78,42.797520230016154,"(n,g)67Zn"
67Zn,3287.09,38.312302868460634,"(n,g)67Zn"
67Zn,1541.9,37.3156476614859,"(n,g)67Zn"
67Zn,412.09,36.826732613919766,"(n,g)67Zn"
67Zn,3346.09,36.57985471861409,"(n,g)67Zn"
67Zn,1041.3,33.926078702179645,"(n,g)67Zn"
67Zn,542.7,32.166737535415265,"(n,g)67Zn"
67Zn,2352.05,29.249920920507535,"(n,g)67Zn"
67Zn,674.66,27.45965278428766,"(n,g)67Zn"
67Zn,1931.83,20.940239555162478,"(n,g)67Zn"
67Zn,2821.58,19.825954292189152,"(n,g)67Zn"
67Zn,1398.3,16.758324327707925,"(n,g)67Zn"
67Zn,1091.13,16.380773263198524,"(n,g)67Zn"
67Zn,3184.15,13.694913877581104,"(n,g)67Zn"
67Zn,3400.9,13.515645026806855,"(n,g)67Zn"
67Zn,2268.72,12.438687271315475,"(n,g)67Zn"
67Zn,1631.15,11.574345707576452,"(n,g)67Zn"
67Zn,1301.01,10.915197862920463,"(n,g)67Zn"
67Zn,591.76,10.201029594952287,"(n,g)67Zn"
67Zn,1625.5,10.134388699029905,"(n,g)67Zn"
67Zn,1462.95,9.876753596957105,"(n,g)67Zn"
67Zn,2338.29,9.571410282872076,"(n,g)67Zn"
67Zn,670.91,8.590917779064949,"(n,g)67Zn"
67Zn,3429.42,7.019074726251678,"(n,g)67Zn"
67Zn,1219.31,5.852106043136324,"(n,g)67Zn"
67Zn,483.29,5.353670867581281,"(n,g)67Zn"
67Zn,534.3,4.291531164411626,"(n,g)67Zn"
67Zn,1403.95,3.431976557683974,"(n,g)67Zn"
67Zn,2307.63,2.8935272622568937,"(n,g)67Zn"
67Zn,845.86,2.781786776963314,"(n,g)67Zn"
67Zn,465.51,1.277210689506272,"(n,g)67Zn"
67Zn,3385.0,0.868205821339947,"(n,g)67Zn"
67Zn,227.2,0.27682058034198104,"(n,g)67Zn"
67Zn,2025.08,0.17555726483036777,"(n,g)67Zn"
68Zn,834.46,144.84457889494132,"(n,g)68Zn"
68Zn,1007.66,95.66959776242315,"(n,g)68Zn"
68Zn,1136.0,83.78882545594102,"(n,g)68Zn"
68Zn,1409.0,62.02613182601266,"(n,g)68Zn"
68Zn,531.3,58.56098893803848,"(n,g)68Zn"
68Zn,1224.0,58.523181987895136,"(n,g)68Zn"
68Zn,433.36,50.620046782441364,"(n,g)68Zn"
68Zn,438.64,48.96642514610654,"(n,g)68Zn"
68Zn,1338.0,46.63771470067626,"(n,g)68Zn"
68Zn,967.0,40.07956792417803,"(n,g)68Zn"
68Zn,1251.67,39.82159108790583,"(n,g)68Zn"
68Zn,417.21,15.531117358266307,"(n,g)68Zn"
68Zn,1180.73,4.905118190361742,"(n,g)68Zn"
68Zn,1458.3,4.676398497207004,"(n,g)68Zn"
68Zn,649.43,4.463691159407091,"(n,g)68Zn"
68Zn,1429.55,2.5023506014153996,"(n,g)68Zn"
68Zn,595.09,1.9268667970671978,"(n,g)68Zn"
68Zn,173.2,1.0522684881271034,"(n,g)68Zn"
68Zn,476.36,0.7653557442615381,"(n,g)68Zn"
68Zn,898.25,0.47544834399867114,"(n,g)68Zn"
68Zn,346.27,0.20116161414506037,"(n,g)68Zn"
68Zn,421.89,0.10261174454233803,"(n,g)68Zn"
68Zn,173.07,0.09806379083391868,"(n,g)68Zn"
68Zn,177.88,0.025023506014154002,"(n,g)68Zn"
6Li,7250.0,23.484999999999996,"(n,g)6Li"
6Li,6773.0,15.014999999999997,"(n,g)6Li"
6Li,477.6,15.014999999999997,"(n,g)6Li"
70Zn,489.8,20.054535115949605,"(n,g)70Zn"
70Zn,674.7,11.712457119701009,"(n,g)70Zn"
70Zn,128.6,10.72987441377513,"(n,g)70Zn"
70Zn,465.0,4.42099704452118,"(n,g)70Zn"
70Zn,853.0,3.0270982247498,"(n,g)70Zn"
70Zn,184.9,2.459582425541011,"(n,g)70Zn"
70Zn,157.7,1.8645633124691892,"(n,g)70Zn"
78Kr,182.78,1896.0415120340538,"(n,g)78Kr"
78Kr,17.29,876.4069462463831,"(n,g)78Kr"
78Kr,384.11,620.2572185602194,"(n,g)78Kr"
78Kr,350.63,468.3104600170206,"(n,g)78Kr"
78Kr,143.46,403.8011600305637,"(n,g)78Kr"
78Kr,147.06,291.4776526678958,"(n,g)78Kr"
78Kr,160.75,274.72404080206314,"(n,g)78Kr"
78Kr,401.92,170.4713170717551,"(n,g)78Kr"
78Kr,506.02,158.42679556653061,"(n,g)78Kr"
78Kr,219.14,149.45387842395903,"(n,g)78Kr"
78Kr,201.33,96.05776082914507,"(n,g)78Kr"
78Kr,533.41,83.57610800997338,"(n,g)78Kr"
78Kr,19.11,70.78289189113359,"(n,g)78Kr"
78Kr,149.3,45.756145880683654,"(n,g)78Kr"
78Kr,302.89,41.187532559183744,"(n,g)78Kr"
78Kr,141.64,28.811654095317408,"(n,g)78Kr"
78Kr,345.27,25.50293482164496,"(n,g)78Kr"
78Kr,320.18,17.979006488806018,"(n,g)78Kr"
78Kr,486.91,17.47553375476591,"(n,g)78Kr"
78Kr,237.05,12.631170305316344,"(n,g)78Kr"
78Kr,111.4,9.637387997667187,"(n,g)78Kr"
78Kr,301.07,4.499315862913279,"(n,g)78Kr"
78Kr,267.17,2.732975144578275,"(n,g)78Kr"
78Kr,107.74,2.186752076996651,"(n,g)78Kr"
78Kr,159.43,0.9341093589047204,"(n,g)78Kr"
7Li,2032.7,40.86,"(n,g)7Li"
7Li,1051.9,4.54,"(n,g)7Li"
7Li,980.8,4.54,"(n,g)7Li"
9Be,6809.9,6.5605862016,"(n,g)9Be"
9Be,3367.6,3.3153158091999995,"(n,g)9Be"
9Be,853.6,2.3537467779999997,"(n,g)9Be"
9Be,2590.0,2.2636310412,"(n,g)9Be"
9Be,3443.6,1.061719928,"(n,g)9Be"
9Be,5956.6,0.14924289952,"(n,g)9Be"
9Be,631.8,0.024038222263999997,"(n,g)9Be"
9Be,547.4,0.016026150519999997,"(n,g)9Be"
9Be,2896.4,0.015024641551999998,"(n,g)9Be"
9Be,2811.8,0.0130206201,"(n,g)9Be"
9Be,219.3,0.005008046598,"(n,g)9Be"
