Isotope,Energy (keV),XS (mb),Info
101Ru,127.23,106.2277067862334,"(n,n')101Ru"
101Ru,306.85,104.37729476160176,"(n,n')101Ru"
101Ru,184.1,39.17831002351115,"(n,n')101Ru"
101Ru,720.0,32.29248736800001,"(n,n')101Ru"
101Ru,545.08,24.0735428732568,"(n,n')101Ru"
101Ru,684.0,23.311790000000002,"(n,n')101Ru"
101Ru,344.0,20.51439,"(n,n')101Ru"
101Ru,535.0,18.24718,"(n,n')101Ru"
101Ru,623.0,17.54879,"(n,n')101Ru"
101Ru,823.0,15.963080000000001,"(n,n')101Ru"
101Ru,598.3,13.754040344,"(n,n')101Ru"
101Ru,489.07,13.546706991999999,"(n,n')101Ru"
101Ru,220.65,12.772260000000001,"(n,n')101Ru"
101Ru,531.45,12.292177986,"(n,n')101Ru"
101Ru,908.0,11.658330000000001,"(n,n')101Ru"
101Ru,197.57,9.819493959224001,"(n,n')101Ru"
101Ru,295.07,9.33786048,"(n,n')101Ru"
101Ru,715.55,8.218052744000001,"(n,n')101Ru"
101Ru,422.3,7.3956620399999995,"(n,n')101Ru"
101Ru,718.0,6.660962,"(n,n')101Ru"
101Ru,311.33,6.377864422432049,"(n,n')101Ru"
101Ru,238.23,6.177053679042399,"(n,n')101Ru"
101Ru,623.5,5.303164645700001,"(n,n')101Ru"
101Ru,174.92,4.954148163999999,"(n,n')101Ru"
101Ru,616.3,4.055563008,"(n,n')101Ru"
101Ru,496.27,3.7729343543000002,"(n,n')101Ru"
101Ru,286.97,3.182041566,"(n,n')101Ru"
101Ru,842.78,2.75718927,"(n,n')101Ru"
101Ru,413.15,2.6005163120000003,"(n,n')101Ru"
101Ru,324.8,1.8067124807760002,"(n,n')101Ru"
101Ru,291.45,1.38309809,"(n,n')101Ru"
101Ru,408.67,1.3002581560000002,"(n,n')101Ru"
101Ru,97.5,1.22463744,"(n,n')101Ru"
101Ru,233.75,1.0619756579431998,"(n,n')101Ru"
101Ru,179.62,0.873582279440652,"(n,n')101Ru"
101Ru,110.97,0.6792910799999999,"(n,n')101Ru"
101Ru,115.45,0.49750896,"(n,n')101Ru"
101Ru,417.85,0.1068259537576,"(n,n')101Ru"
102Pd,556.53,1330.2795576726367,"(n,n')102Pd"
102Pd,719.51,168.65246207307206,"(n,n')102Pd"
102Pd,1534.57,138.21001548122123,"(n,n')102Pd"
102Pd,978.04,134.06382727860418,"(n,n')102Pd"
102Pd,1387.85,127.70755819989319,"(n,n')102Pd"
102Pd,1555.25,111.38151689091643,"(n,n')102Pd"
102Pd,1593.01,100.34926934313727,"(n,n')102Pd"
102Pd,1101.67,87.61166940784312,"(n,n')102Pd"
102Pd,1692.17,66.96861345784315,"(n,n')102Pd"
102Pd,1581.57,35.67871835759127,"(n,n')102Pd"
102Pd,1944.38,29.372762592942728,"(n,n')102Pd"
102Pd,1786.48,24.930279339215687,"(n,n')102Pd"
102Pd,1744.83,13.51728887408735,"(n,n')102Pd"
102Pd,1834.67,13.41342343235294,"(n,n')102Pd"
102Pd,1018.63,12.383157659343029,"(n,n')102Pd"
102Pd,182.89,7.6775670193478165,"(n,n')102Pd"
102Pd,603.53,5.922664304962276,"(n,n')102Pd"
102Pd,1025.32,3.257661458235306,"(n,n')102Pd"
102Pd,156.57,2.600461608813411,"(n,n')102Pd"
102Pd,438.96,2.4896434424081795,"(n,n')102Pd"
102Pd,835.48,1.4662030817130107,"(n,n')102Pd"
102Pd,384.43,1.3293518373063633,"(n,n')102Pd"
103Rh,39.76,404.1691897767256,"(n,n')103Rh"
103Rh,294.98,273.54902014141743,"(n,n')103Rh"
103Rh,357.41,258.7228399573404,"(n,n')103Rh"
103Rh,53.28,93.49491777094352,"(n,n')103Rh"
103Rh,497.08,66.49746204215853,"(n,n')103Rh"
103Rh,610.33,64.70036843150879,"(n,n')103Rh"
103Rh,612.04,50.139807739999995,"(n,n')103Rh"
103Rh,514.41,33.20359166297857,"(n,n')103Rh"
103Rh,840.92,32.25002459000001,"(n,n')103Rh"
103Rh,490.17,29.723085138342007,"(n,n')103Rh"
103Rh,62.43,27.715186245568646,"(n,n')103Rh"
103Rh,1277.04,25.200808515,"(n,n')103Rh"
103Rh,803.07,21.6624060070165,"(n,n')103Rh"
103Rh,1440.24,21.422179999999994,"(n,n')103Rh"
103Rh,998.47,21.1661821,"(n,n')103Rh"
103Rh,603.91,20.562115,"(n,n')103Rh"
103Rh,523.06,19.842416244,"(n,n')103Rh"
103Rh,1398.37,18.949592843999994,"(n,n')103Rh"
103Rh,749.29,18.408184423999998,"(n,n')103Rh"
103Rh,1147.92,18.118211656,"(n,n')103Rh"
103Rh,1212.0,16.7856963,"(n,n')103Rh"
103Rh,1287.14,16.700060000000004,"(n,n')103Rh"
103Rh,585.49,16.253809788999998,"(n,n')103Rh"
103Rh,601.67,16.127433699999997,"(n,n')103Rh"
103Rh,1158.59,15.25559,"(n,n')103Rh"
103Rh,1410.89,14.848381708999996,"(n,n')103Rh"
103Rh,562.69,14.634339948,"(n,n')103Rh"
103Rh,993.77,13.846447692000002,"(n,n')103Rh"
103Rh,1109.29,13.012828423000002,"(n,n')103Rh"
103Rh,427.66,12.165660611999998,"(n,n')103Rh"
103Rh,1071.69,11.807409999999999,"(n,n')103Rh"
103Rh,564.68,11.746208342369822,"(n,n')103Rh"
103Rh,1196.24,11.031802326,"(n,n')103Rh"
103Rh,567.69,10.944249931195836,"(n,n')103Rh"
103Rh,811.72,10.67475766,"(n,n')103Rh"
103Rh,788.04,10.617567155999998,"(n,n')103Rh"
103Rh,557.05,9.390312765702,"(n,n')103Rh"
103Rh,1115.91,8.613252018999997,"(n,n')103Rh"
103Rh,1293.45,8.038645755000001,"(n,n')103Rh"
103Rh,1045.89,7.999251408000001,"(n,n')103Rh"
103Rh,1053.48,7.870676271999999,"(n,n')103Rh"
103Rh,508.09,7.8245168726847005,"(n,n')103Rh"
103Rh,1108.32,7.691708592,"(n,n')103Rh"
103Rh,687.46,7.3239665143999995,"(n,n')103Rh"
103Rh,740.74,6.7362494856,"(n,n')103Rh"
103Rh,499.25,6.440377915999998,"(n,n')103Rh"
103Rh,114.96,6.165932702499999,"(n,n')103Rh"
103Rh,552.6,5.937484913658,"(n,n')103Rh"
103Rh,808.06,5.723787361999999,"(n,n')103Rh"
103Rh,1124.57,5.7175497029999995,"(n,n')103Rh"
103Rh,984.71,4.593363242999999,"(n,n')103Rh"
103Rh,982.06,3.782636328,"(n,n')103Rh"
103Rh,1437.57,3.7383230720000005,"(n,n')103Rh"
103Rh,880.47,3.556883967,"(n,n')103Rh"
103Rh,1135.9,3.5435654100000007,"(n,n')103Rh"
103Rh,1133.81,3.525867674,"(n,n')103Rh"
103Rh,540.91,3.3961461449999994,"(n,n')103Rh"
103Rh,936.04,2.962622145,"(n,n')103Rh"
103Rh,687.18,2.8640406379999996,"(n,n')103Rh"
103Rh,1171.72,2.7278615770000005,"(n,n')103Rh"
103Rh,1085.49,2.716898343999999,"(n,n')103Rh"
103Rh,72.52,2.7069800519999996,"(n,n')103Rh"
103Rh,960.73,2.4599310750000005,"(n,n')103Rh"
103Rh,473.97,2.28031268,"(n,n')103Rh"
103Rh,919.63,2.270252477,"(n,n')103Rh"
103Rh,1490.85,2.2156692360000005,"(n,n')103Rh"
103Rh,1255.71,2.053703925,"(n,n')103Rh"
103Rh,728.42,1.8894082456301757,"(n,n')103Rh"
103Rh,678.91,1.7944275090000004,"(n,n')103Rh"
103Rh,874.53,1.604708301,"(n,n')103Rh"
103Rh,445.66,1.5258273092988,"(n,n')103Rh"
103Rh,691.78,1.1940591,"(n,n')103Rh"
103Rh,1187.0,1.032162834,"(n,n')103Rh"
103Rh,1481.98,0.8006602290000001,"(n,n')103Rh"
103Rh,163.74,0.492599124049824,"(n,n')103Rh"
103Rh,945.14,0.343301424,"(n,n')103Rh"
103Rh,443.8,0.24700392486295214,"(n,n')103Rh"
103Rh,317.65,0.17196599531893678,"(n,n')103Rh"
103Rh,651.8,0.1071845575,"(n,n')103Rh"
103Rh,703.19,0.08406436968,"(n,n')103Rh"
103Rh,42.64,0.05938537717439999,"(n,n')103Rh"
103Rh,113.25,0.05196220502759999,"(n,n')103Rh"
103Rh,866.93,0.031918480320000005,"(n,n')103Rh"
103Rh,292.68,0.029692688587199995,"(n,n')103Rh"
103Rh,241.86,0.01335156350610552,"(n,n')103Rh"
104Pd,555.81,1435.5776602372753,"(n,n')104Pd"
104Pd,767.78,191.34068324851128,"(n,n')104Pd"
104Pd,785.87,186.4765226443677,"(n,n')104Pd"
104Pd,1341.68,160.3700463200827,"(n,n')104Pd"
104Pd,1237.05,132.35618413411115,"(n,n')104Pd"
104Pd,777.78,102.73420537337738,"(n,n')104Pd"
104Pd,1264.84,101.11928544078658,"(n,n')104Pd"
104Pd,1794.3,97.9595238294782,"(n,n')104Pd"
104Pd,332.64,87.20160474994496,"(n,n')104Pd"
104Pd,1999.1,66.56760149640283,"(n,n')104Pd"
104Pd,1689.09,53.26264519234485,"(n,n')104Pd"
104Pd,1238.49,32.2135211003023,"(n,n')104Pd"
104Pd,1581.19,28.543103442272827,"(n,n')104Pd"
104Pd,1443.29,25.050737997218057,"(n,n')104Pd"
104Pd,478.97,24.26856940501758,"(n,n')104Pd"
104Pd,857.97,20.7105433047701,"(n,n')104Pd"
104Pd,2276.5,20.529502950763234,"(n,n')104Pd"
104Pd,758.79,16.693741453040218,"(n,n')104Pd"
104Pd,740.7,15.859065890792717,"(n,n')104Pd"
104Pd,1782.09,14.827441208017504,"(n,n')104Pd"
104Pd,1720.69,14.370621297633727,"(n,n')104Pd"
104Pd,1526.57,14.189657825910718,"(n,n')104Pd"
104Pd,941.72,13.292119999731687,"(n,n')104Pd"
104Pd,1637.59,12.68246617323758,"(n,n')104Pd"
104Pd,451.18,12.441447359419453,"(n,n')104Pd"
104Pd,1625.75,10.35527165238505,"(n,n')104Pd"
104Pd,975.31,7.573632930146042,"(n,n')104Pd"
104Pd,216.52,7.194969529220654,"(n,n')104Pd"
104Pd,2337.9,5.930967559963623,"(n,n')104Pd"
104Pd,903.22,5.326258517165846,"(n,n')104Pd"
104Pd,117.34,5.3015504844874535,"(n,n')104Pd"
104Pd,934.82,3.9005982236841166,"(n,n')104Pd"
104Pd,923.63,3.721800621062126,"(n,n')104Pd"
104Pd,996.22,3.5585756281943155,"(n,n')104Pd"
104Pd,839.88,2.4852622119747707,"(n,n')104Pd"
104Pd,665.51,2.4559403241995454,"(n,n')104Pd"
104Pd,657.42,2.367465736467783,"(n,n')104Pd"
104Pd,460.71,1.6582077430075362,"(n,n')104Pd"
104Pd,452.62,1.5724292154401702,"(n,n')104Pd"
104Pd,444.66,0.9304405687127434,"(n,n')104Pd"
104Pd,795.32,0.9189366255281188,"(n,n')104Pd"
104Pd,925.91,0.7095215597088366,"(n,n')104Pd"
104Pd,1709.5,0.664605729942844,"(n,n')104Pd"
104Pd,182.93,0.13291741938494975,"(n,n')104Pd"
104Pd,342.7,0.11624281705892985,"(n,n')104Pd"
105Pd,306.25,98.389632071,"(n,n')105Pd"
105Pd,442.38,59.4256988421,"(n,n')105Pd"
105Pd,280.51,44.840354464035485,"(n,n')105Pd"
105Pd,319.22,41.93653865718227,"(n,n')105Pd"
105Pd,447.0,25.022278000000004,"(n,n')105Pd"
105Pd,535.0,23.9889955,"(n,n')105Pd"
105Pd,644.53,22.518388012,"(n,n')105Pd"
105Pd,560.75,21.807571606866507,"(n,n')105Pd"
105Pd,781.94,20.6046564215,"(n,n')105Pd"
105Pd,182.89,16.770659189,"(n,n')105Pd"
105Pd,339.56,15.857308578499998,"(n,n')105Pd"
105Pd,331.48,10.284158478600002,"(n,n')105Pd"
105Pd,696.66,9.786171099999999,"(n,n')105Pd"
105Pd,254.28,9.254313974999999,"(n,n')105Pd"
105Pd,787.0,8.6350405,"(n,n')105Pd"
105Pd,344.51,8.041393111565746,"(n,n')105Pd"
105Pd,650.7,6.2875325396,"(n,n')105Pd"
105Pd,446.71,6.1011556019999995,"(n,n')105Pd"
105Pd,727.22,6.0720447204,"(n,n')105Pd"
105Pd,392.66,5.730364050749999,"(n,n')105Pd"
105Pd,420.97,5.130792882,"(n,n')105Pd"
105Pd,284.84,4.771758675599999,"(n,n')105Pd"
105Pd,64.0,4.7531862226677415,"(n,n')105Pd"
105Pd,416.15,3.7463496999999997,"(n,n')105Pd"
105Pd,135.91,3.157415225,"(n,n')105Pd"
105Pd,673.17,3.0142699537499995,"(n,n')105Pd"
105Pd,408.0,1.9552808808,"(n,n')105Pd"
105Pd,370.19,1.8349405004000001,"(n,n')105Pd"
105Pd,155.39,1.1615101890000001,"(n,n')105Pd"
105Pd,216.24,0.88737230703349,"(n,n')105Pd"
105Pd,328.66,0.4607327879999999,"(n,n')105Pd"
105Pd,38.71,0.34245988821774,"(n,n')105Pd"
105Pd,325.31,0.341479186,"(n,n')105Pd"
105Pd,382.71,0.2280352392,"(n,n')105Pd"
105Pd,112.42,0.08360070749999998,"(n,n')105Pd"
105Pd,89.95,0.05353448139999999,"(n,n')105Pd"
105Pd,202.15,0.026452613,"(n,n')105Pd"
106Cd,632.7,1038.2856333305788,"(n,n')106Cd"
106Cd,861.1,216.38712788455246,"(n,n')106Cd"
106Cd,1716.6,169.517577023817,"(n,n')106Cd"
106Cd,1083.9,118.77762199627995,"(n,n')106Cd"
106Cd,610.7,35.49344228251442,"(n,n')106Cd"
106Cd,1737.8,27.018663904699185,"(n,n')106Cd"
106Cd,811.2,22.3779123928203,"(n,n')106Cd"
106Cd,1471.8,21.70034578411686,"(n,n')106Cd"
106Cd,844.8,9.386331333821348,"(n,n')106Cd"
106Cd,1705.9,7.052077306846512,"(n,n')106Cd"
106Cd,226.1,5.211823225810758,"(n,n')106Cd"
106Cd,836.8,2.3855867243506963,"(n,n')106Cd"
106Cd,387.9,2.2592140816340835,"(n,n')106Cd"
106Pd,511.85,1731.4710700068765,"(n,n')106Pd"
106Pd,616.16,308.2770931239057,"(n,n')106Pd"
106Pd,717.4,186.8860952060012,"(n,n')106Pd"
106Pd,1050.4,185.03769928773292,"(n,n')106Pd"
106Pd,1128.01,167.70304417333764,"(n,n')106Pd"
106Pd,621.92,125.68486058881881,"(n,n')106Pd"
106Pd,1045.8,122.480275126915,"(n,n')106Pd"
106Pd,1397.62,108.6049359652119,"(n,n')106Pd"
106Pd,1572.01,74.39723634988233,"(n,n')106Pd"
106Pd,429.64,54.50372488583903,"(n,n')106Pd"
106Pd,1194.54,54.160553182912565,"(n,n')106Pd"
106Pd,873.48,39.04849046362895,"(n,n')106Pd"
106Pd,804.27,34.97673601439422,"(n,n')106Pd"
106Pd,847.38,24.525995353087897,"(n,n')106Pd"
106Pd,1796.96,22.965349126709093,"(n,n')106Pd"
106Pd,1562.25,19.29949659036006,"(n,n')106Pd"
106Pd,1114.48,17.965060713220485,"(n,n')106Pd"
106Pd,680.24,14.012725102955246,"(n,n')106Pd"
106Pd,1053.69,13.84114139527659,"(n,n')106Pd"
106Pd,703.03,12.521676376614284,"(n,n')106Pd"
106Pd,1766.26,12.088911850151243,"(n,n')106Pd"
106Pd,1180.8,12.079776995644485,"(n,n')106Pd"
106Pd,747.91,10.834638980688784,"(n,n')106Pd"
106Pd,1108.72,8.443567408535262,"(n,n')106Pd"
106Pd,428.48,8.382123684335932,"(n,n')106Pd"
106Pd,578.38,8.17822443738969,"(n,n')106Pd"
106Pd,684.84,7.689053996466792,"(n,n')106Pd"
106Pd,1564.78,7.504965097507928,"(n,n')106Pd"
106Pd,808.31,6.26140553058126,"(n,n')106Pd"
106Pd,955.85,5.356615746348807,"(n,n')106Pd"
106Pd,328.4,4.727775030036465,"(n,n')106Pd"
106Pd,1273.39,4.090171675697071,"(n,n')106Pd"
106Pd,1222.8,3.6177728227106325,"(n,n')106Pd"
106Pd,715.86,3.5299618706311735,"(n,n')106Pd"
106Pd,221.7,3.49959203895105,"(n,n')106Pd"
106Pd,1730.64,3.2157569201669784,"(n,n')106Pd"
106Pd,793.16,3.002751878530745,"(n,n')106Pd"
106Pd,948.62,2.992165718548953,"(n,n')106Pd"
106Pd,2242.49,2.8385002141327433,"(n,n')106Pd"
106Pd,434.24,2.405526299809949,"(n,n')106Pd"
106Pd,1889.55,2.1268864960557248,"(n,n')106Pd"
106Pd,847.04,1.902683352336549,"(n,n')106Pd"
106Pd,2308.81,1.837218674976721,"(n,n')106Pd"
106Pd,439.24,1.1324152491542476,"(n,n')106Pd"
106Pd,228.93,1.105126019968056,"(n,n')106Pd"
106Pd,1150.1,1.075912150660756,"(n,n')106Pd"
106Pd,1838.96,1.0491512981253948,"(n,n')106Pd"
106Pd,521.61,0.9894605813258154,"(n,n')106Pd"
106Pd,1168.25,0.9622310729852176,"(n,n')106Pd"
106Pd,751.16,0.8956400136009701,"(n,n')106Pd"
106Pd,374.63,0.7415024551775753,"(n,n')106Pd"
106Pd,1771.09,0.5813263848282292,"(n,n')106Pd"
106Pd,1136.71,0.35690218804415375,"(n,n')106Pd"
106Pd,1121.56,0.2930389863932166,"(n,n')106Pd"
106Pd,1489.64,0.29286826645652864,"(n,n')106Pd"
106Pd,2083.86,0.2604270738634997,"(n,n')106Pd"
106Pd,418.53,0.1881213112868848,"(n,n')106Pd"
106Pd,433.68,0.13774924255170803,"(n,n')106Pd"
106Pd,1177.55,0.10184209052685025,"(n,n')106Pd"
106Pd,1420.43,0.0979324660840457,"(n,n')106Pd"
106Pd,1076.31,0.02816908716317201,"(n,n')106Pd"
106Pd,1793.71,0.019501672644504905,"(n,n')106Pd"
108Pd,433.94,1765.1991728631563,"(n,n')108Pd"
108Pd,497.26,395.2215817640888,"(n,n')108Pd"
108Pd,614.28,182.41099465354924,"(n,n')108Pd"
108Pd,931.2,169.38068241856652,"(n,n')108Pd"
108Pd,1007.24,120.82643599217964,"(n,n')108Pd"
108Pd,618.84,117.23043103226166,"(n,n')108Pd"
108Pd,404.0,100.73324518381749,"(n,n')108Pd"
108Pd,901.26,96.70392082399401,"(n,n')108Pd"
108Pd,1106.02,78.38449976743225,"(n,n')108Pd"
108Pd,880.27,72.87005785667114,"(n,n')108Pd"
108Pd,693.9,69.0189521264782,"(n,n')108Pd"
108Pd,1612.71,65.96099216485077,"(n,n')108Pd"
108Pd,2098.67,41.37398482867413,"(n,n')108Pd"
108Pd,1581.06,37.26145055067329,"(n,n')108Pd"
108Pd,1539.96,36.840830966498444,"(n,n')108Pd"
108Pd,1522.06,30.314697715867347,"(n,n')108Pd"
108Pd,509.98,30.20665476026744,"(n,n')108Pd"
108Pd,1441.18,26.461059672951787,"(n,n')108Pd"
108Pd,1784.06,26.421286035017086,"(n,n')108Pd"
108Pd,608.76,25.86692833003543,"(n,n')108Pd"
108Pd,1664.73,22.341918761280247,"(n,n')108Pd"
108Pd,947.27,21.312807506873558,"(n,n')108Pd"
108Pd,1707.06,20.879247516147107,"(n,n')108Pd"
108Pd,315.35,20.358865122895732,"(n,n')108Pd"
108Pd,678.04,18.759083037403315,"(n,n')108Pd"
108Pd,941.63,17.710174137887844,"(n,n')108Pd"
108Pd,1847.25,16.67136741321521,"(n,n')108Pd"
108Pd,998.43,15.830588115138776,"(n,n')108Pd"
108Pd,388.4,15.707466546418205,"(n,n')108Pd"
108Pd,383.01,15.302743044218182,"(n,n')108Pd"
108Pd,225.75,13.09025485141056,"(n,n')108Pd"
108Pd,1083.8,12.00222518156062,"(n,n')108Pd"
108Pd,204.76,10.425092463807957,"(n,n')108Pd"
108Pd,1349.99,9.502663908551924,"(n,n')108Pd"
108Pd,966.78,8.51914636947554,"(n,n')108Pd"
108Pd,1115.45,6.596107275579658,"(n,n')108Pd"
108Pd,548.67,6.552766518406165,"(n,n')108Pd"
108Pd,722.94,5.591307742255962,"(n,n')108Pd"
108Pd,1460.3,5.391667417365271,"(n,n')108Pd"
108Pd,654.65,4.781748060582327,"(n,n')108Pd"
108Pd,1970.16,4.704880295806186,"(n,n')108Pd"
108Pd,1234.25,4.667490582384425,"(n,n')108Pd"
108Pd,1024.8,4.1945568996813405,"(n,n')108Pd"
108Pd,1209.8,3.7328211306101093,"(n,n')108Pd"
108Pd,1058.65,3.542035870759566,"(n,n')108Pd"
108Pd,1286.8,3.540430209722608,"(n,n')108Pd"
108Pd,1957.56,3.2889131557884537,"(n,n')108Pd"
108Pd,679.8,2.96180768512278,"(n,n')108Pd"
108Pd,1555.91,2.8336289057558863,"(n,n')108Pd"
108Pd,907.78,2.7760605304790427,"(n,n')108Pd"
108Pd,2391.5,2.2105785050199986,"(n,n')108Pd"
108Pd,1165.22,2.1401264665832347,"(n,n')108Pd"
108Pd,1269.78,2.099703763885088,"(n,n')108Pd"
108Pd,573.82,1.7813017902796293,"(n,n')108Pd"
108Pd,371.35,1.7791320848269778,"(n,n')108Pd"
108Pd,620.8,0.8878716147845322,"(n,n')108Pd"
108Pd,389.9,0.5588172175268182,"(n,n')108Pd"
108Pd,692.9,0.34118105770023355,"(n,n')108Pd"
108Pd,601.04,0.31274618329590914,"(n,n')108Pd"
108Pd,699.82,0.2417761623945537,"(n,n')108Pd"
108Pd,475.04,0.22806027933960438,"(n,n')108Pd"
108Pd,546.84,0.16770711039852504,"(n,n')108Pd"
108Pd,330.9,0.13447247205844803,"(n,n')108Pd"
108Pd,514.82,0.1342033773943857,"(n,n')108Pd"
108Pd,362.0,0.048652416610104735,"(n,n')108Pd"
108Pd,328.15,0.0362408361053897,"(n,n')108Pd"
109Ag,88.03,139.47130775521703,"(n,n')109Ag"
109Ag,311.38,127.43223162414895,"(n,n')109Ag"
109Ag,415.21,123.12339115332924,"(n,n')109Ag"
109Ag,44.71,43.6792678484233,"(n,n')109Ag"
109Ag,707.0,34.425115326,"(n,n')109Ag"
109Ag,870.0,34.22592,"(n,n')109Ag"
109Ag,789.0,32.86167,"(n,n')109Ag"
109Ag,420.0,28.87925,"(n,n')109Ag"
109Ag,701.91,28.38644289,"(n,n')109Ag"
109Ag,647.26,24.667335485,"(n,n')109Ag"
109Ag,706.0,23.269199999999998,"(n,n')109Ag"
109Ag,890.0,22.37015,"(n,n')109Ag"
109Ag,911.0,22.091641666666668,"(n,n')109Ag"
109Ag,781.44,20.618968178231,"(n,n')109Ag"
109Ag,496.89,19.674232200000002,"(n,n')109Ag"
109Ag,447.55,18.106580317,"(n,n')109Ag"
109Ag,636.32,17.439836243562734,"(n,n')109Ag"
109Ag,103.83,13.452749893070362,"(n,n')109Ag"
109Ag,551.38,13.354160981,"(n,n')109Ag"
109Ag,412.97,11.5343834408446,"(n,n')109Ag"
109Ag,675.39,10.72734,"(n,n')109Ag"
109Ag,390.53,8.588718618,"(n,n')109Ag"
109Ag,309.14,8.5759750771994,"(n,n')109Ag"
109Ag,602.55,8.071904425,"(n,n')109Ag"
109Ag,600.72,4.9062678,"(n,n')109Ag"
109Ag,558.09,4.475656127234001,"(n,n')109Ag"
109Ag,395.62,3.816514674,"(n,n')109Ag"
109Ag,736.73,3.0922134234233,"(n,n')109Ag"
109Ag,862.76,2.877548702,"(n,n')109Ag"
109Ag,145.12,2.3657485742023,"(n,n')109Ag"
109Ag,286.7,1.333128492,"(n,n')109Ag"
109Ag,454.26,1.0296849602002,"(n,n')109Ag"
109Ag,423.91,0.96391009,"(n,n')109Ag"
109Ag,724.35,0.32955381259556,"(n,n')109Ag"
10B,718.35,34.56244994271891,"(n,n')10B"
10B,1021.8,1.8923973313872353,"(n,n')10B"
10B,414.15,0.4889950727824515,"(n,n')10B"
10B,1435.95,0.2587124641396843,"(n,n')10B"
10B,2154.3,0.19995724700109022,"(n,n')10B"
110Pd,373.81,1887.8489992461728,"(n,n')110Pd"
110Pd,439.81,529.2779908607787,"(n,n')110Pd"
110Pd,546.84,211.33445624606838,"(n,n')110Pd"
110Pd,572.9,119.66802267885512,"(n,n')110Pd"
110Pd,813.62,105.85584699224748,"(n,n')110Pd"
110Pd,584.61,101.18487535871986,"(n,n')110Pd"
110Pd,398.59,96.94001112587804,"(n,n')110Pd"
110Pd,1663.87,89.9840940629077,"(n,n')110Pd"
110Pd,1515.87,87.60784182296226,"(n,n')110Pd"
110Pd,1214.41,85.53422506431832,"(n,n')110Pd"
110Pd,1096.26,73.81455055663358,"(n,n')110Pd"
110Pd,935.19,64.37037205496642,"(n,n')110Pd"
110Pd,477.58,62.73463005347809,"(n,n')110Pd"
110Pd,796.86,62.20320912634204,"(n,n')110Pd"
110Pd,97.32,56.94878936059738,"(n,n')110Pd"
110Pd,838.4,56.225207786780196,"(n,n')110Pd"
110Pd,840.6,53.886541791293425,"(n,n')110Pd"
110Pd,656.45,52.408347299367115,"(n,n')110Pd"
110Pd,1267.19,38.32715366146835,"(n,n')110Pd"
110Pd,905.45,33.99107563616239,"(n,n')110Pd"
110Pd,357.05,29.733122153822233,"(n,n')110Pd"
110Pd,400.79,23.949679193892806,"(n,n')110Pd"
110Pd,1470.07,22.882588164665115,"(n,n')110Pd"
110Pd,267.7,20.52824435629648,"(n,n')110Pd"
110Pd,1224.06,17.996862789760463,"(n,n')110Pd"
110Pd,1766.69,16.027265,"(n,n')110Pd"
110Pd,2125.3,14.718856635060806,"(n,n')110Pd"
110Pd,299.4,12.54854145982573,"(n,n')110Pd"
110Pd,1526.33,10.959008902435913,"(n,n')110Pd"
110Pd,687.93,10.301481093608212,"(n,n')110Pd"
110Pd,291.56,10.081811113412202,"(n,n')110Pd"
110Pd,1345.26,9.517501178125471,"(n,n')110Pd"
110Pd,929.49,8.423939746608767,"(n,n')110Pd"
110Pd,1379.38,8.351599607136265,"(n,n')110Pd"
110Pd,464.39,7.811425753714885,"(n,n')110Pd"
110Pd,1221.05,7.581540501418552,"(n,n')110Pd"
110Pd,1462.38,7.348332991443266,"(n,n')110Pd"
110Pd,1560.65,6.092900592326916,"(n,n')110Pd"
110Pd,653.28,5.730971926902751,"(n,n')110Pd"
110Pd,388.35,5.270562975866736,"(n,n')110Pd"
110Pd,1013.81,5.23363842934989,"(n,n')110Pd"
110Pd,979.49,5.041140206828771,"(n,n')110Pd"
110Pd,1819.19,4.927440248847236,"(n,n')110Pd"
110Pd,722.25,4.7649758752683855,"(n,n')110Pd"
110Pd,1120.84,4.7649758752683855,"(n,n')110Pd"
110Pd,827.38,4.548012316386622,"(n,n')110Pd"
110Pd,729.47,4.493177389869593,"(n,n')110Pd"
110Pd,1076.06,4.468036953121611,"(n,n')110Pd"
110Pd,720.35,4.384562120491633,"(n,n')110Pd"
110Pd,942.97,2.978628322558632,"(n,n')110Pd"
110Pd,495.38,2.684590365319144,"(n,n')110Pd"
110Pd,1751.49,2.2078330875445955,"(n,n')110Pd"
110Pd,1355.35,1.5431529567213087,"(n,n')110Pd"
110Pd,693.97,1.1079029512258998,"(n,n')110Pd"
110Pd,428.79,0.9247862322827818,"(n,n')110Pd"
110Pd,332.0,0.42926395719397803,"(n,n')110Pd"
110Pd,426.59,0.16569456187296056,"(n,n')110Pd"
110Pd,96.79,0.0816035732386206,"(n,n')110Pd"
111Ag,391.28,131.85090984354227,"(n,n')111Ag"
111Ag,59.82,121.79795564050285,"(n,n')111Ag"
111Ag,289.71,118.00852986809869,"(n,n')111Ag"
111Ag,70.46,31.169460327869047,"(n,n')111Ag"
111Ag,376.71,27.52494489488,"(n,n')111Ag"
111Ag,508.85,21.490467055714284,"(n,n')111Ag"
111Ag,508.98,18.040788776666666,"(n,n')111Ag"
111Ag,547.05,16.892807773809523,"(n,n')111Ag"
111Ag,641.93,16.797305812499996,"(n,n')111Ag"
111Ag,404.86,15.771824654761906,"(n,n')111Ag"
111Ag,415.44,10.105505025,"(n,n')111Ag"
111Ag,623.23,8.823191334750002,"(n,n')111Ag"
111Ag,101.57,6.604314186219643,"(n,n')111Ag"
111Ag,352.22,6.113507062499999,"(n,n')111Ag"
111Ag,438.52,4.527123128095238,"(n,n')111Ag"
111Ag,169.01,4.140522099999999,"(n,n')111Ag"
111Ag,476.59,3.4029635095238095,"(n,n')111Ag"
111Ag,485.9,3.0638478749999996,"(n,n')111Ag"
111Ag,230.16,1.2112243,"(n,n')111Ag"
111Ag,87.0,1.13749234176,"(n,n')111Ag"
111Ag,278.96,1.0788115157142855,"(n,n')111Ag"
111Ag,316.89,0.95975916336,"(n,n')111Ag"
111Ag,250.65,0.8309621249999999,"(n,n')111Ag"
111Ag,202.01,0.6765996547619048,"(n,n')111Ag"
111Ag,552.77,0.51253116525,"(n,n')111Ag"
111Cd,245.4,310.5806783329653,"(n,n')111Cd"
111Cd,341.9,133.68625037653584,"(n,n')111Cd"
111Cd,700.0,72.56083562207706,"(n,n')111Cd"
111Cd,171.2,59.292711922230176,"(n,n')111Cd"
111Cd,621.1,53.908052199761684,"(n,n')111Cd"
111Cd,620.0,47.336395878449636,"(n,n')111Cd"
111Cd,866.5,27.674042205511814,"(n,n')111Cd"
111Cd,412.1,22.809960358828103,"(n,n')111Cd"
111Cd,508.6,22.809960358828103,"(n,n')111Cd"
111Cd,754.0,22.809960358828103,"(n,n')111Cd"
111Cd,374.6,22.721146878451222,"(n,n')111Cd"
111Cd,1130.0,17.595869529263837,"(n,n')111Cd"
111Cd,884.6,17.595869529263837,"(n,n')111Cd"
111Cd,263.5,17.595869529263837,"(n,n')111Cd"
111Cd,524.6,15.454146224095558,"(n,n')111Cd"
111Cd,150.6,15.27572235494675,"(n,n')111Cd"
111Cd,153.5,13.274885972899892,"(n,n')111Cd"
111Cd,774.6,13.274885972899892,"(n,n')111Cd"
111Cd,1020.0,13.274885972899892,"(n,n')111Cd"
111Cd,848.1,11.809199552966716,"(n,n')111Cd"
111Cd,1190.0,11.809199552966716,"(n,n')111Cd"
111Cd,944.6,11.809199552966716,"(n,n')111Cd"
111Cd,96.5,5.614825051094028,"(n,n')111Cd"
111Cd,278.1,3.786882427883598,"(n,n')111Cd"
111Cd,246.5,0.0009703721100147908,"(n,n')111Cd"
113Sn,77.39,646.0875929803723,"(n,n')113Sn"
113Sn,332.38,327.93706167046304,"(n,n')113Sn"
113Sn,498.01,224.791904349341,"(n,n')113Sn"
113Sn,1283.18,80.48734630551186,"(n,n')113Sn"
113Sn,1042.0,73.28677499999999,"(n,n')113Sn"
113Sn,838.53,71.7541375,"(n,n')113Sn"
113Sn,661.01,71.1018115975,"(n,n')113Sn"
113Sn,1356.3,59.177325,"(n,n')113Sn"
113Sn,1314.04,58.207731866919,"(n,n')113Sn"
113Sn,1472.8,57.509385568750005,"(n,n')113Sn"
113Sn,940.7,57.43790008382737,"(n,n')113Sn"
113Sn,935.83,49.93802132575875,"(n,n')113Sn"
113Sn,1140.0,49.8077375,"(n,n')113Sn"
113Sn,1303.0,41.66559157,"(n,n')113Sn"
113Sn,1138.29,40.053717837499995,"(n,n')113Sn"
113Sn,1233.89,35.72245342500001,"(n,n')113Sn"
113Sn,1129.23,34.7354125,"(n,n')113Sn"
113Sn,583.72,30.07951443125,"(n,n')113Sn"
113Sn,1241.98,30.0630017025,"(n,n')113Sn"
113Sn,1556.37,29.134580905000007,"(n,n')113Sn"
113Sn,1013.22,26.496472427992497,"(n,n')113Sn"
113Sn,1821.0,24.176575,"(n,n')113Sn"
113Sn,1831.0,23.875162500000002,"(n,n')113Sn"
113Sn,1197.9,23.3270625,"(n,n')113Sn"
113Sn,1245.93,17.101951462499997,"(n,n')113Sn"
113Sn,1410.89,16.451511999999997,"(n,n')113Sn"
113Sn,1236.41,15.654632199999998,"(n,n')113Sn"
113Sn,1574.36,15.0157232975,"(n,n')113Sn"
113Sn,1499.13,14.968487999999999,"(n,n')113Sn"
113Sn,1043.6,14.30007171,"(n,n')113Sn"
113Sn,88.24,13.729575771070627,"(n,n')113Sn"
113Sn,1334.17,13.336272363749998,"(n,n')113Sn"
113Sn,1146.6,12.541905135000002,"(n,n')113Sn"
113Sn,1646.18,11.8851032,"(n,n')113Sn"
113Sn,816.03,10.669006823081,"(n,n')113Sn"
113Sn,1018.09,10.508149834927126,"(n,n')113Sn"
113Sn,1148.17,10.492594839999999,"(n,n')113Sn"
113Sn,1205.79,10.38478728560625,"(n,n')113Sn"
113Sn,1547.25,9.1060959,"(n,n')113Sn"
113Sn,1957.02,9.10320048,"(n,n')113Sn"
113Sn,608.32,8.811801322495501,"(n,n')113Sn"
113Sn,802.5,8.152650000000001,"(n,n')113Sn"
113Sn,1459.01,7.742353080000001,"(n,n')113Sn"
113Sn,1666.55,7.5151093125,"(n,n')113Sn"
113Sn,785.17,7.258861415797499,"(n,n')113Sn"
113Sn,873.41,6.765846261834374,"(n,n')113Sn"
113Sn,1636.3,4.7992696624999995,"(n,n')113Sn"
113Sn,1654.51,4.64142211875,"(n,n')113Sn"
113Sn,1208.2,4.38420375,"(n,n')113Sn"
113Sn,1568.79,4.07109132,"(n,n')113Sn"
113Sn,394.1,3.4277980687499996,"(n,n')113Sn"
113Sn,1478.98,3.351500735000001,"(n,n')113Sn"
113Sn,1879.63,3.00255054,"(n,n')113Sn"
113Sn,409.77,2.8447233511861834,"(n,n')113Sn"
113Sn,718.68,2.5012851187500003,"(n,n')113Sn"
113Sn,343.18,2.24397844,"(n,n')113Sn"
113Sn,448.72,1.7210268375000004,"(n,n')113Sn"
113Sn,538.28,1.6432842650000004,"(n,n')113Sn"
113Sn,1743.94,1.6411373849999997,"(n,n')113Sn"
113Sn,1058.36,1.5184146400000003,"(n,n')113Sn"
113Sn,1214.6,1.3518234999999998,"(n,n')113Sn"
113Sn,253.37,1.0888631300000002,"(n,n')113Sn"
113Sn,725.85,1.02774197625,"(n,n')113Sn"
113Sn,1704.61,0.7147032900000001,"(n,n')113Sn"
113Sn,420.62,0.6697354034668598,"(n,n')113Sn"
113Sn,242.33,0.6693011900000002,"(n,n')113Sn"
113Sn,603.45,0.32237886499875,"(n,n')113Sn"
113Sn,1169.3,0.12906263750000002,"(n,n')113Sn"
115Cd,181.0,30.84666338025,"(n,n')115Cd"
115Cd,229.1,28.338360897645398,"(n,n')115Cd"
115Cd,507.3,24.7240375,"(n,n')115Cd"
115Cd,131.4,20.133134275519197,"(n,n')115Cd"
115Cd,236.2,17.585618303500002,"(n,n')115Cd"
115Cd,472.7,16.9509845006238,"(n,n')115Cd"
115Cd,389.0,16.5621,"(n,n')115Cd"
115Cd,212.9,13.261045076749998,"(n,n')115Cd"
115Cd,388.9,8.804428659,"(n,n')115Cd"
115Cd,326.0,3.01660632675,"(n,n')115Cd"
115Cd,360.5,1.8991860084807999,"(n,n')115Cd"
115Cd,243.6,1.7504547101262,"(n,n')115Cd"
115Cd,276.7,1.343598841,"(n,n')115Cd"
115Cd,302.7,1.0686808035000002,"(n,n')115Cd"
115Cd,113.3,0.649304125,"(n,n')115Cd"
115Cd,649.1,0.5372660880000001,"(n,n')115Cd"
115Cd,247.2,0.26956536974999995,"(n,n')115Cd"
115Cd,420.0,0.023261912000000003,"(n,n')115Cd"
11B,2124.69,3.7,"(n,n')11B"
123Xe,97.3,1166.166983260337,"(n,n')123Xe"
123Xe,83.29,884.3865233981553,"(n,n')123Xe"
123Xe,306.99,399.21067664916427,"(n,n')123Xe"
123Xe,4.59,328.4047101772731,"(n,n')123Xe"
123Xe,261.82,187.308082443875,"(n,n')123Xe"
123Xe,21.06,165.68840524725215,"(n,n')123Xe"
123Xe,71.31,157.76485091434597,"(n,n')123Xe"
123Xe,693.75,67.111152105875,"(n,n')123Xe"
123Xe,286.39,54.25098107054889,"(n,n')123Xe"
123Xe,442.41,51.3447963359375,"(n,n')123Xe"
123Xe,361.3,45.1695395951625,"(n,n')123Xe"
123Xe,56.9,43.28120997732186,"(n,n')123Xe"
123Xe,180.59,33.935688087804806,"(n,n')123Xe"
123Xe,596.65,29.37407196475,"(n,n')123Xe"
123Xe,611.09,28.637010246687495,"(n,n')123Xe"
123Xe,437.44,27.79010727370901,"(n,n')123Xe"
123Xe,340.14,27.74144216024058,"(n,n')123Xe"
123Xe,266.47,27.661850014001093,"(n,n')123Xe"
123Xe,209.69,24.674777470803647,"(n,n')123Xe"
123Xe,516.81,21.74432117675,"(n,n')123Xe"
123Xe,345.11,21.082762096425,"(n,n')123Xe"
123Xe,405.04,19.525235360075,"(n,n')123Xe"
123Xe,213.01,15.915581044499998,"(n,n')123Xe"
123Xe,333.73,15.360134849618749,"(n,n')123Xe"
123Xe,488.33,14.247188185631249,"(n,n')123Xe"
123Xe,433.52,14.140188393349998,"(n,n')123Xe"
123Xe,513.79,14.129918677631249,"(n,n')123Xe"
123Xe,550.79,13.644354153625,"(n,n')123Xe"
123Xe,215.08,10.737309930794863,"(n,n')123Xe"
123Xe,479.48,9.435378605931248,"(n,n')123Xe"
123Xe,264.4,7.725493037543751,"(n,n')123Xe"
123Xe,130.45,7.613746893591659,"(n,n')123Xe"
123Xe,333.19,7.270953489555393,"(n,n')123Xe"
123Xe,362.21,7.199722212106249,"(n,n')123Xe"
123Xe,255.23,6.622773353721125,"(n,n')123Xe"
123Xe,337.78,6.529153987492081,"(n,n')123Xe"
123Xe,304.1,6.4191972118875,"(n,n')123Xe"
123Xe,312.13,5.782176761549058,"(n,n')123Xe"
123Xe,424.39,5.481772597199999,"(n,n')123Xe"
123Xe,382.36,5.3834969284,"(n,n')123Xe"
123Xe,66.72,4.659800433243743,"(n,n')123Xe"
123Xe,278.64,4.560476578882501,"(n,n')123Xe"
123Xe,499.35,4.14213537809375,"(n,n')123Xe"
123Xe,398.89,3.16924741014375,"(n,n')123Xe"
123Xe,304.4,2.78797643664375,"(n,n')123Xe"
123Xe,430.5,2.2761247543625,"(n,n')123Xe"
123Xe,293.94,2.22162904927875,"(n,n')123Xe"
123Xe,468.24,2.07850690290375,"(n,n')123Xe"
123Xe,455.79,1.5613810328593751,"(n,n')123Xe"
123Xe,77.96,1.4096371026123897,"(n,n')123Xe"
123Xe,455.83,1.093234298271875,"(n,n')123Xe"
124Xe,354.14,1417.2910375288386,"(n,n')124Xe"
124Xe,492.47,313.3129434467224,"(n,n')124Xe"
124Xe,524.89,265.85456611887935,"(n,n')124Xe"
124Xe,846.61,102.54356034470202,"(n,n')124Xe"
124Xe,893.9,91.23746070248302,"(n,n')124Xe"
124Xe,914.81,60.96500460118229,"(n,n')124Xe"
124Xe,591.44,60.61945690125236,"(n,n')124Xe"
124Xe,401.43,59.47660082356358,"(n,n')124Xe"
124Xe,1628.69,57.4049858054535,"(n,n')124Xe"
124Xe,1347.55,34.27746042340763,"(n,n')124Xe"
124Xe,1335.88,33.837935709439414,"(n,n')124Xe"
124Xe,1274.55,29.269005809582733,"(n,n')124Xe"
124Xe,1851.33,26.554492089069843,"(n,n')124Xe"
124Xe,1131.98,26.49202185807897,"(n,n')124Xe"
124Xe,559.02,26.11420443000906,"(n,n')124Xe"
124Xe,1978.59,17.745583244150062,"(n,n')124Xe"
124Xe,1099.56,13.246010929300537,"(n,n')124Xe"
124Xe,782.08,12.75172779667878,"(n,n')124Xe"
124Xe,1624.45,12.712520289624146,"(n,n')124Xe"
124Xe,589.29,12.60573727581291,"(n,n')124Xe"
124Xe,749.66,12.479270645681746,"(n,n')124Xe"
124Xe,1358.86,12.23562258058574,"(n,n')124Xe"
124Xe,669.75,9.794645336813922,"(n,n')124Xe"
124Xe,359.74,8.120192333603365,"(n,n')124Xe"
124Xe,369.01,7.496158431680337,"(n,n')124Xe"
124Xe,942.96,7.467771616404377,"(n,n')124Xe"
124Xe,422.34,6.751693371113571,"(n,n')124Xe"
124Xe,843.41,5.32951501741514,"(n,n')124Xe"
124Xe,958.3,5.00452498588775,"(n,n')124Xe"
124Xe,2019.58,3.810666703384734,"(n,n')124Xe"
124Xe,1326.44,3.804232830464319,"(n,n')124Xe"
124Xe,399.28,3.4831814533241787,"(n,n')124Xe"
124Xe,595.39,0.514035822010785,"(n,n')124Xe"
124Xe,706.12,0.4711412139705321,"(n,n')124Xe"
124Xe,745.03,0.24539807754447027,"(n,n')124Xe"
124Xe,1527.11,0.24418540692520463,"(n,n')124Xe"
124Xe,2382.09,0.011785910637604357,"(n,n')124Xe"
124Xe,2165.48,0.0016054154522609494,"(n,n')124Xe"
124Xe,782.86,0.00131501,"(n,n')124Xe"
124Xe,1271.58,0.00021553923225002097,"(n,n')124Xe"
124Xe,2519.62,0.0002151327999409849,"(n,n')124Xe"
124Xe,1689.37,0.00015027005132957897,"(n,n')124Xe"
124Xe,1640.59,0.00014931741931587596,"(n,n')124Xe"
124Xe,1673.01,5.939508673006052e-05,"(n,n')124Xe"
124Xe,2181.84,1.06687972069991e-05,"(n,n')124Xe"
125Sn,27.5,89.629625,"(n,n')125Sn"
125Sn,617.89,62.580237499999996,"(n,n')125Sn"
125Sn,827.19,31.27295,"(n,n')125Sn"
125Sn,936.5,29.8988625,"(n,n')125Sn"
125Sn,1031.76,26.4566875,"(n,n')125Sn"
125Sn,187.63,9.2400521195,"(n,n')125Sn"
125Sn,902.89,6.8338272555,"(n,n')125Sn"
125Sn,1044.5,3.7668956249999996,"(n,n')125Sn"
125Sn,856.87,3.7668956249999996,"(n,n')125Sn"
125Sn,715.26,1.9140314945,"(n,n')125Sn"
126Sb,17.7,5.372332327380953,"(n,n')126Sb"
126Sb,22.7,1.59142032030942,"(n,n')126Sb"
126Sb,42.6,0.673945206453925,"(n,n')126Sb"
126Sb,86.9,0.37341605469058,"(n,n')126Sb"
126Sb,64.2,0.180611926580495,"(n,n')126Sb"
126Sb,87.5,0.079394812275,"(n,n')126Sb"
126Sb,23.3,0.07670981272499999,"(n,n')126Sb"
126Sb,21.6,0.04362895645392499,"(n,n')126Sb"
127I,57.61,324.89906685146093,"(n,n')127I"
127I,628.6,102.41611436720339,"(n,n')127I"
127I,202.86,93.51178223688309,"(n,n')127I"
127I,744.72,86.5341473247302,"(n,n')127I"
127I,593.39,56.206392362515636,"(n,n')127I"
127I,417.93,55.93675145328765,"(n,n')127I"
127I,827.58,47.892451633287415,"(n,n')127I"
127I,415.39,44.396467148202156,"(n,n')127I"
127I,658.9,41.573722181756196,"(n,n')127I"
127I,618.4,30.466091402555396,"(n,n')127I"
127I,1044.0,27.20711054116255,"(n,n')127I"
127I,687.11,25.09487633680167,"(n,n')127I"
127I,172.13,21.78353229320846,"(n,n')127I"
127I,825.39,21.325635227966497,"(n,n')127I"
127I,1094.35,20.376910434517654,"(n,n')127I"
127I,883.0,20.3576051578846,"(n,n')127I"
127I,473.0,14.665044517103864,"(n,n')127I"
127I,374.99,14.59499174144715,"(n,n')127I"
127I,986.39,13.059391786549005,"(n,n')127I"
127I,573.0,11.452145851370517,"(n,n')127I"
127I,360.32,7.60741498158212,"(n,n')127I"
127I,919.86,7.097910839572893,"(n,n')127I"
127I,651.0,7.025790981424821,"(n,n')127I"
127I,145.25,5.872518969585262,"(n,n')127I"
127I,990.93,5.153463050533332,"(n,n')127I"
127I,615.94,4.924408563532285,"(n,n')127I"
127I,1122.72,4.400703883834039,"(n,n')127I"
127I,1036.74,3.667832581261715,"(n,n')127I"
127I,465.75,3.2603046425272373,"(n,n')127I"
127I,788.07,3.206604763910514,"(n,n')127I"
127I,410.0,2.613825869266475,"(n,n')127I"
127I,215.07,2.187143636680921,"(n,n')127I"
127I,841.14,2.1765654904502783,"(n,n')127I"
127I,560.79,1.4014383414552984,"(n,n')127I"
127I,933.32,1.1452197503038537,"(n,n')127I"
127I,465.07,0.8251298907085405,"(n,n')127I"
127I,254.4,0.6244276218846074,"(n,n')127I"
127I,232.0,0.47357539016462485,"(n,n')127I"
127I,472.42,0.29949770746217513,"(n,n')127I"
127I,1300.0,0.29949770746217513,"(n,n')127I"
127I,672.42,0.2923049994676448,"(n,n')127I"
127I,1500.0,0.2923049994676448,"(n,n')127I"
127I,1700.0,0.2809237031886078,"(n,n')127I"
127I,872.42,0.2809237031886078,"(n,n')127I"
127I,1072.42,0.26141622248869084,"(n,n')127I"
127I,1900.0,0.26141622248869084,"(n,n')127I"
127I,1272.42,0.22493182592841704,"(n,n')127I"
127I,2100.0,0.22493182592841704,"(n,n')127I"
127I,166.49,0.17503316531998497,"(n,n')127I"
127I,138.28,0.10025814734115439,"(n,n')127I"
127I,55.42,0.006463764890141671,"(n,n')127I"
130I,39.95,6.157271369047619,"(n,n')130I"
130I,44.33,4.50469875,"(n,n')130I"
130I,48.83,4.495030000000001,"(n,n')130I"
130I,69.59,4.21348125,"(n,n')130I"
130I,3.99,2.3937226190476193,"(n,n')130I"
130I,3.3,1.8798124999999999,"(n,n')130I"
130I,62.2,1.8572587500000002,"(n,n')130I"
131Xe,364.49,248.40831831166346,"(n,n')131Xe"
131Xe,163.93,145.95986871961875,"(n,n')131Xe"
131Xe,636.99,119.57119334097865,"(n,n')131Xe"
131Xe,80.19,118.71334608801443,"(n,n')131Xe"
131Xe,177.21,90.28732743026976,"(n,n')131Xe"
131Xe,722.91,47.45591699975,"(n,n')131Xe"
131Xe,404.81,45.88257661752471,"(n,n')131Xe"
131Xe,606.73,31.866354485,"(n,n')131Xe"
131Xe,611.15,31.524024709999996,"(n,n')131Xe"
131Xe,565.19,28.09793864,"(n,n')131Xe"
131Xe,503.0,25.397331289349005,"(n,n')131Xe"
131Xe,699.9,22.25410368,"(n,n')131Xe"
131Xe,833.65,21.704061172499998,"(n,n')131Xe"
131Xe,973.11,20.552387744999997,"(n,n')131Xe"
131Xe,325.79,19.772693863505,"(n,n')131Xe"
131Xe,284.3,19.157728986552243,"(n,n')131Xe"
131Xe,608.62,18.587562254999995,"(n,n')131Xe"
131Xe,324.62,18.16345439521218,"(n,n')131Xe"
131Xe,549.35,17.4590778525,"(n,n')131Xe"
131Xe,335.41,13.468042500000003,"(n,n')131Xe"
131Xe,619.71,10.250404710000002,"(n,n')131Xe"
131Xe,642.72,5.83978546375,"(n,n')131Xe"
131Xe,642.0,3.298985,"(n,n')131Xe"
131Xe,295.09,3.0021491100000004,"(n,n')131Xe"
131Xe,285.36,2.5228752899999995,"(n,n')131Xe"
131Xe,485.0,2.45326136,"(n,n')131Xe"
131Xe,318.1,2.1403222608249997,"(n,n')131Xe"
131Xe,334.23,1.829695515,"(n,n')131Xe"
131Xe,272.5,1.01362198411971,"(n,n')131Xe"
131Xe,358.42,0.43588808445,"(n,n')131Xe"
131Xe,913.84,0.4355859749999999,"(n,n')131Xe"
131Xe,302.44,0.336750137146,"(n,n')131Xe"
131Xe,232.18,0.060334641911887504,"(n,n')131Xe"
131Xe,295.85,0.024133856764755005,"(n,n')131Xe"
131Xe,85.92,0.005588308775,"(n,n')131Xe"
132Te,973.9,1346.5438211510702,"(n,n')132Te"
132Te,696.79,353.6293557950488,"(n,n')132Te"
132Te,1133.6,55.23539320387265,"(n,n')132Te"
132Te,382.28,40.82022863930048,"(n,n')132Te"
132Te,609.92,40.73535523297334,"(n,n')132Te"
132Te,436.81,27.925391505360484,"(n,n')132Te"
132Te,103.41,23.899380417414545,"(n,n')132Te"
132Te,1306.71,20.34732215214879,"(n,n')132Te"
132Te,2280.61,20.339179966413635,"(n,n')132Te"
132Te,150.64,1.5452334585285032,"(n,n')132Te"
132Te,496.68,0.2314105835285029,"(n,n')132Te"
132Te,368.45,0.12642238930047947,"(n,n')132Te"
132Te,635.63,0.11050320888604317,"(n,n')132Te"
133Ba,12.32,686.6850421465032,"(n,n')133Ba"
133Ba,278.85,268.0459115510189,"(n,n')133Ba"
133Ba,302.37,55.52176042671486,"(n,n')133Ba"
133Ba,794.0,48.5866,"(n,n')133Ba"
133Ba,290.05,47.755323700358915,"(n,n')133Ba"
133Ba,565.23,46.81409325288201,"(n,n')133Ba"
133Ba,291.17,46.52504438257916,"(n,n')133Ba"
133Ba,527.47,44.3999753525,"(n,n')133Ba"
133Ba,618.24,44.23874319884851,"(n,n')133Ba"
133Ba,595.94,26.696165399999998,"(n,n')133Ba"
133Ba,632.77,25.359158698749997,"(n,n')133Ba"
133Ba,664.16,24.69696687552825,"(n,n')133Ba"
133Ba,592.17,22.703274999999998,"(n,n')133Ba"
133Ba,1009.26,22.1139991325,"(n,n')133Ba"
133Ba,385.31,20.591738428533624,"(n,n')133Ba"
133Ba,846.18,17.3214603225,"(n,n')133Ba"
133Ba,275.93,15.805040125,"(n,n')133Ba"
133Ba,858.5,14.205572955000001,"(n,n')133Ba"
133Ba,571.59,14.021843132834784,"(n,n')133Ba"
133Ba,621.57,13.97534999875,"(n,n')133Ba"
133Ba,850.44,13.510533988402308,"(n,n')133Ba"
133Ba,584.74,11.751817139999998,"(n,n')133Ba"
133Ba,481.79,11.169613292499998,"(n,n')133Ba"
133Ba,560.39,9.793272538762908,"(n,n')133Ba"
133Ba,567.33,7.8391056825,"(n,n')133Ba"
133Ba,630.56,7.502053822122002,"(n,n')133Ba"
133Ba,676.48,7.16091779702125,"(n,n')133Ba"
133Ba,556.13,5.226070455,"(n,n')133Ba"
133Ba,345.1,4.79233968375,"(n,n')133Ba"
133Ba,613.75,4.14068,"(n,n')133Ba"
133Ba,874.79,2.7613559399999996,"(n,n')133Ba"
133Ba,286.38,2.7456074171180003,"(n,n')133Ba"
133Ba,911.62,2.51392442125,"(n,n')133Ba"
133Ba,339.39,2.2650859833854997,"(n,n')133Ba"
133Ba,374.11,2.213871532666875,"(n,n')133Ba"
133Ba,1021.58,1.70171853,"(n,n')133Ba"
133Ba,328.19,1.647335260644,"(n,n')133Ba"
133Ba,256.55,1.62378738,"(n,n')133Ba"
133Ba,887.11,1.45865646,"(n,n')133Ba"
133Ba,719.21,1.19704220125,"(n,n')133Ba"
133Ba,309.56,0.96785067,"(n,n')133Ba"
133Ba,158.82,0.73407466,"(n,n')133Ba"
133Ba,293.38,0.6899278,"(n,n')133Ba"
133Ba,923.94,0.5821265812499999,"(n,n')133Ba"
133Ba,680.55,0.419472625,"(n,n')133Ba"
133Ba,210.63,0.38989245,"(n,n')133Ba"
133Ba,227.94,0.305303085,"(n,n')133Ba"
133Ba,347.32,0.22017455999999996,"(n,n')133Ba"
133Cs,81.0,264.39893828405275,"(n,n')133Cs"
133Cs,624.54,103.92791849999999,"(n,n')133Cs"
133Cs,79.61,68.63559002555505,"(n,n')133Cs"
133Cs,632.56,68.006525,"(n,n')133Cs"
133Cs,767.71,30.496578732499998,"(n,n')133Cs"
133Cs,705.54,29.1083315,"(n,n')133Cs"
133Cs,788.78,24.338775,"(n,n')133Cs"
133Cs,871.82,24.069545039999998,"(n,n')133Cs"
133Cs,728.3,19.885675000000003,"(n,n')133Cs"
133Cs,302.85,15.0614360754977,"(n,n')133Cs"
133Cs,819.06,14.5665794725,"(n,n')133Cs"
133Cs,755.48,13.42374245,"(n,n')133Cs"
133Cs,860.6,12.199020039999997,"(n,n')133Cs"
133Cs,916.09,11.407840412500002,"(n,n')133Cs"
133Cs,658.45,8.9089045375,"(n,n')133Cs"
133Cs,479.78,8.680576912500001,"(n,n')133Cs"
133Cs,559.39,8.2083755875,"(n,n')133Cs"
133Cs,160.61,7.490840792496248,"(n,n')133Cs"
133Cs,383.85,7.169958305950999,"(n,n')133Cs"
133Cs,356.01,7.051589927999999,"(n,n')133Cs"
133Cs,738.06,6.27044099,"(n,n')133Cs"
133Cs,941.6,4.634179959999998,"(n,n')133Cs"
133Cs,835.09,4.4267921375,"(n,n')133Cs"
133Cs,711.21,4.34115496,"(n,n')133Cs"
133Cs,607.1,2.7494462674999998,"(n,n')133Cs"
133Cs,53.16,1.704390003,"(n,n')133Cs"
133Cs,276.4,0.835410069,"(n,n')133Cs"
133Cs,223.24,0.3867706215513,"(n,n')133Cs"
133Cs,640.39,0.34467250000000005,"(n,n')133Cs"
136Ce,552.2,1438.060187073355,"(n,n')136Ce"
136Ce,539.89,408.63825852335503,"(n,n')136Ce"
136Ce,761.95,267.89380000000006,"(n,n')136Ce"
136Ce,460.91,144.48624645,"(n,n')136Ce"
136Ce,1092.09,143.650237926645,"(n,n')136Ce"
136Ce,524.1,129.21224999999998,"(n,n')136Ce"
136Ce,1000.8,93.97925355000001,"(n,n')136Ce"
136Ce,664.35,24.579549999999998,"(n,n')136Ce"
138Ce,788.74,1717.960469410808,"(n,n')138Ce"
138Ce,1510.58,244.537076347035,"(n,n')138Ce"
138Ce,721.84,218.33832843629835,"(n,n')138Ce"
138Ce,1037.74,212.26527178352055,"(n,n')138Ce"
138Ce,688.19,132.728,"(n,n')138Ce"
138Ce,1348.08,83.05899841426647,"(n,n')138Ce"
138Ce,1388.52,76.93322855000001,"(n,n')138Ce"
138Ce,1447.8,43.35189334529084,"(n,n')138Ce"
138Ce,390.85,29.01196500425367,"(n,n')138Ce"
138Ce,2236.54,26.42421054218838,"(n,n')138Ce"
138Ce,666.68,23.175071450000004,"(n,n')138Ce"
138Ce,176.5,19.49210168055853,"(n,n')138Ce"
138Ce,1551.11,15.068915548098433,"(n,n')138Ce"
138Ce,302.69,8.265520378383114,"(n,n')138Ce"
138Ce,88.16,6.9074356618084956,"(n,n')138Ce"
138Ce,164.53,0.8984800832412841,"(n,n')138Ce"
138Ce,80.51,0.8418322333976294,"(n,n')138Ce"
138Ce,76.37,0.4347428817898874,"(n,n')138Ce"
138Ce,467.22,0.25365664059670334,"(n,n')138Ce"
138Ce,569.6,0.24362976028705363,"(n,n')138Ce"
138Ce,156.88,0.1085161808688222,"(n,n')138Ce"
139Ce,255.1,345.7424630125,"(n,n')139Ce"
139Ce,1320.25,294.98762339999996,"(n,n')139Ce"
139Ce,754.24,288.097325,"(n,n')139Ce"
139Ce,1347.34,224.852125,"(n,n')139Ce"
139Ce,1596.59,132.3686795,"(n,n')139Ce"
139Ce,824.01,110.15350000000001,"(n,n')139Ce"
139Ce,1563.39,99.75327499999999,"(n,n')139Ce"
139Ce,1630.68,98.04063408750001,"(n,n')139Ce"
139Ce,1088.66,74.54235000000001,"(n,n')139Ce"
139Ce,1790.0,49.157375,"(n,n')139Ce"
139Ce,1375.58,43.9854909125,"(n,n')139Ce"
139Ce,1889.0,40.243875,"(n,n')139Ce"
139Ce,1341.49,18.5648205,"(n,n')139Ce"
139Ce,1065.15,10.3193766,"(n,n')139Ce"
140La,34.65,29.577984702500004,"(n,n')140La"
140La,29.96,20.877675755000002,"(n,n')140La"
140La,14.21,16.266054853,"(n,n')140La"
140La,63.17,13.0549640475,"(n,n')140La"
140La,162.66,11.118030495000001,"(n,n')140La"
140La,13.85,8.245545102500001,"(n,n')140La"
140La,54.94,7.823288603,"(n,n')140La"
140La,92.8,7.376088750000002,"(n,n')140La"
140La,28.52,0.8229609525000001,"(n,n')140La"
140La,132.7,0.42294315250000003,"(n,n')140La"
140La,69.15,0.416956397,"(n,n')140La"
140La,118.85,0.1425388525,"(n,n')140La"
141Pr,145.44,749.7345429782517,"(n,n')141Pr"
141Pr,1521.0,81.40920928,"(n,n')141Pr"
141Pr,1126.8,77.69021755,"(n,n')141Pr"
141Pr,1311.96,74.37057914500001,"(n,n')141Pr"
141Pr,1513.0,65.86417500000002,"(n,n')141Pr"
141Pr,1306.76,63.213946875,"(n,n')141Pr"
141Pr,1348.66,62.04765,"(n,n')141Pr"
141Pr,1292.6,53.75743021113626,"(n,n')141Pr"
141Pr,972.26,43.76863997188799,"(n,n')141Pr"
141Pr,1455.5,43.42215,"(n,n')141Pr"
141Pr,1147.16,36.03283237636375,"(n,n')141Pr"
141Pr,1298.6,34.420474999999996,"(n,n')141Pr"
141Pr,1290.86,30.441217269999996,"(n,n')141Pr"
141Pr,1434.56,29.946007249999997,"(n,n')141Pr"
141Pr,1457.4,26.758845854999997,"(n,n')141Pr"
141Pr,1436.3,23.743932729999997,"(n,n')141Pr"
141Pr,1452.2,14.349178124999998,"(n,n')141Pr"
141Pr,1580.0,9.7875301625,"(n,n')141Pr"
141Pr,1375.56,8.961637640000001,"(n,n')141Pr"
141Pr,1117.7,5.487088108111999,"(n,n')141Pr"
141Pr,981.36,2.1230324499999993,"(n,n')141Pr"
141Pr,403.3,1.6377530800000002,"(n,n')141Pr"
141Pr,287.4,1.0648375875,"(n,n')141Pr"
142Nd,1575.83,1395.2940064672953,"(n,n')142Nd"
142Nd,525.49,204.14521170147705,"(n,n')142Nd"
142Nd,508.84,197.53938906851965,"(n,n')142Nd"
142Nd,764.17,65.10976585757132,"(n,n')142Nd"
142Nd,2384.6,64.09798582122906,"(n,n')142Nd"
142Nd,641.37,57.320537088076684,"(n,n')142Nd"
142Nd,108.48,12.023072150109474,"(n,n')142Nd"
142Nd,808.77,11.578502751650584,"(n,n')142Nd"
142Pr,3.68,37.8748872577915,"(n,n')142Pr"
142Pr,17.74,36.072844602208505,"(n,n')142Pr"
142Pr,60.08,10.928383628875,"(n,n')142Pr"
142Pr,153.5,10.855255,"(n,n')142Pr"
142Pr,85.01,10.528382670000001,"(n,n')142Pr"
142Pr,182.82,9.61719254,"(n,n')142Pr"
142Pr,176.89,9.57037193,"(n,n')142Pr"
142Pr,54.56,7.591860808458501,"(n,n')142Pr"
142Pr,140.93,7.533864476249999,"(n,n')142Pr"
142Pr,64.51,5.899804878875,"(n,n')142Pr"
142Pr,126.87,5.7089980237499995,"(n,n')142Pr"
142Pr,68.62,5.545119306541501,"(n,n')142Pr"
142Pr,86.07,4.969685,"(n,n')142Pr"
142Pr,32.28,2.3583187500000005,"(n,n')142Pr"
142Pr,115.55,1.59403642,"(n,n')142Pr"
142Pr,55.97,1.427564025,"(n,n')142Pr"
142Pr,200.56,0.82832104,"(n,n')142Pr"
142Pr,124.59,0.603542346125,"(n,n')142Pr"
142Pr,104.59,0.5873785899999999,"(n,n')142Pr"
142Pr,159.15,0.06163073,"(n,n')142Pr"
143Ce,18.9,366.89648760659907,"(n,n')143Ce"
143Ce,42.28,328.74970537005794,"(n,n')143Ce"
143Ce,621.4,76.3719699975,"(n,n')143Ce"
143Ce,620.42,52.177212867138124,"(n,n')143Ce"
143Ce,1154.1,41.528461968,"(n,n')143Ce"
143Ce,632.5,39.3534,"(n,n')143Ce"
143Ce,862.1,35.89515,"(n,n')143Ce"
143Ce,643.8,34.51029812661187,"(n,n')143Ce"
143Ce,765.92,31.110340104169804,"(n,n')143Ce"
143Ce,798.1,29.113712269999997,"(n,n')143Ce"
143Ce,808.2,22.386378147843,"(n,n')143Ce"
143Ce,454.1,21.552108925,"(n,n')143Ce"
143Ce,1172.5,16.965691875,"(n,n')143Ce"
143Ce,1146.1,16.2503230425,"(n,n')143Ce"
143Ce,1053.02,15.968481908749999,"(n,n')143Ce"
143Ce,1130.22,12.720558125,"(n,n')143Ce"
143Ce,1076.4,12.136941022499999,"(n,n')143Ce"
143Ce,789.3,10.555865861987199,"(n,n')143Ce"
143Ce,1135.2,9.961218918000002,"(n,n')143Ce"
143Ce,1148.7,9.5325333675,"(n,n')143Ce"
143Ce,774.72,9.028187729999999,"(n,n')143Ce"
143Ce,1165.0,7.343052322500001,"(n,n')143Ce"
143Ce,1122.72,6.662299635,"(n,n')143Ce"
143Ce,432.6,3.850714568749999,"(n,n')143Ce"
143Ce,476.5,3.4213660750000003,"(n,n')143Ce"
143Ce,1167.6,0.9453752099999999,"(n,n')143Ce"
143Ce,527.3,0.9396664225,"(n,n')143Ce"
143Ce,345.9,0.472859114,"(n,n')143Ce"
143Nd,742.02,309.6951069198924,"(n,n')143Nd"
143Nd,1407.08,276.50239999999997,"(n,n')143Nd"
143Nd,1431.23,260.20765239904,"(n,n')143Nd"
143Nd,1228.04,140.71691544096004,"(n,n')143Nd"
143Nd,1739.21,139.25673215999998,"(n,n')143Nd"
143Nd,1506.0,130.90390000000002,"(n,n')143Nd"
143Nd,1555.52,104.86328071510762,"(n,n')143Nd"
143Nd,1851.5,93.38731,"(n,n')143Nd"
143Nd,563.8,54.020195964432,"(n,n')143Nd"
143Nd,1910.8,53.162870893000004,"(n,n')143Nd"
143Nd,814.41,40.847514675568,"(n,n')143Nd"
143Nd,1966.0,32.096354999999996,"(n,n')143Nd"
143Nd,866.32,19.553201584,"(n,n')143Nd"
143Nd,1057.46,18.313647936000002,"(n,n')143Nd"
143Nd,1110.5,16.628765538,"(n,n')143Nd"
143Nd,813.5,11.599714303892402,"(n,n')143Nd"
143Nd,1852.52,11.111269939000001,"(n,n')143Nd"
143Nd,1032.81,10.216566917999998,"(n,n')143Nd"
143Nd,546.7,8.583174523,"(n,n')143Nd"
143Nd,191.14,3.522261584,"(n,n')143Nd"
143Nd,307.98,2.958067839999999,"(n,n')143Nd"
143Nd,243.96,2.0779759120000003,"(n,n')143Nd"
143Nd,493.66,2.038370272,"(n,n')143Nd"
143Nd,355.28,1.945319107,"(n,n')143Nd"
143Nd,250.61,1.790809620432,"(n,n')143Nd"
143Nd,203.19,1.7024154409599999,"(n,n')143Nd"
143Nd,469.01,1.0248415489999998,"(n,n')143Nd"
143Nd,243.05,0.451504296,"(n,n')143Nd"
143Nd,1774.83,0.133081533,"(n,n')143Nd"
144Nd,696.51,2108.091349863026,"(n,n')144Nd"
144Nd,618.03,475.3796736013867,"(n,n')144Nd"
144Nd,864.4,360.7376669416015,"(n,n')144Nd"
144Nd,814.02,296.16684148653565,"(n,n')144Nd"
144Nd,1412.95,102.71484007957643,"(n,n')144Nd"
144Nd,1376.23,84.35900050000001,"(n,n')144Nd"
144Nd,2185.68,48.257457225,"(n,n')144Nd"
144Nd,694.05,48.026057625,"(n,n')144Nd"
144Nd,863.83,44.092512479999996,"(n,n')144Nd"
144Nd,1387.94,39.55403405,"(n,n')144Nd"
144Nd,476.91,38.99818214412665,"(n,n')144Nd"
144Nd,1573.61,38.46613176,"(n,n')144Nd"
144Nd,2072.74,36.239999499999996,"(n,n')144Nd"
144Nd,980.56,35.12615127738,"(n,n')144Nd"
144Nd,1560.91,34.158520186588426,"(n,n')144Nd"
144Nd,2270.12,33.46006824,"(n,n')144Nd"
144Nd,1671.72,27.75388235,"(n,n')144Nd"
144Nd,1481.86,24.951050439999996,"(n,n')144Nd"
144Nd,778.92,24.73141167711549,"(n,n')144Nd"
144Nd,1007.16,22.207150000000002,"(n,n')144Nd"
144Nd,1489.17,18.831521340000002,"(n,n')144Nd"
144Nd,201.64,17.23581040278,"(n,n')144Nd"
144Nd,573.92,10.074615949999998,"(n,n')144Nd"
144Nd,195.99,8.31228001704783,"(n,n')144Nd"
144Nd,794.92,6.999793630716702,"(n,n')144Nd"
144Nd,2368.23,6.744417650000001,"(n,n')144Nd"
144Nd,667.84,6.40563708,"(n,n')144Nd"
144Nd,784.57,5.546930031522001,"(n,n')144Nd"
144Nd,1598.59,5.5337073139260005,"(n,n')144Nd"
144Nd,582.93,5.223296197061448,"(n,n')144Nd"
144Nd,302.01,4.499752528603068,"(n,n')144Nd"
144Nd,426.67,3.9527955975281257,"(n,n')144Nd"
144Nd,890.04,3.3661923750000002,"(n,n')144Nd"
144Nd,734.19,2.6776003131900006,"(n,n')144Nd"
144Nd,310.47,1.5418837102931389,"(n,n')144Nd"
144Nd,201.81,1.3374455975281256,"(n,n')144Nd"
144Nd,607.95,0.6630190459878496,"(n,n')144Nd"
144Nd,628.48,0.3050649720076058,"(n,n')144Nd"
144Nd,675.15,0.18858461999999998,"(n,n')144Nd"
144Nd,624.77,0.074086815,"(n,n')144Nd"
144Sm,1660.2,1527.936598377205,"(n,n')144Sm"
144Sm,149.9,446.7043529831453,"(n,n')144Sm"
144Sm,506.8,171.103,"(n,n')144Sm"
144Sm,380.7,98.282040033,"(n,n')144Sm"
144Sm,530.6,57.57276496699999,"(n,n')144Sm"
144Sm,459.8,46.759049999999995,"(n,n')144Sm"
144Sm,1810.1,26.599687049854595,"(n,n')144Sm"
144Sm,2423.3,21.00209234588078,"(n,n')144Sm"
144Sm,132.6,3.011805,"(n,n')144Sm"
144Sm,763.1,0.9919304270596117,"(n,n')144Sm"
145Nd,72.5,350.91306469889406,"(n,n')145Nd"
145Nd,657.67,267.2634640148268,"(n,n')145Nd"
145Nd,67.22,193.0648336049166,"(n,n')145Nd"
145Nd,748.28,103.4585704919146,"(n,n')145Nd"
145Nd,675.78,90.69057979393284,"(n,n')145Nd"
145Nd,1162.32,57.487120236,"(n,n')145Nd"
145Nd,920.72,54.88284024712198,"(n,n')145Nd"
145Nd,1150.26,54.569350748,"(n,n')145Nd"
145Nd,453.53,40.180805496,"(n,n')145Nd"
145Nd,1271.38,34.888093812,"(n,n')145Nd"
145Nd,978.91,34.8579142568064,"(n,n')145Nd"
145Nd,743.63,32.751824504,"(n,n')145Nd"
145Nd,937.05,29.193721574508007,"(n,n')145Nd"
145Nd,769.93,28.577829149999996,"(n,n')145Nd"
145Nd,848.22,27.198427395749306,"(n,n')145Nd"
145Nd,1051.41,26.477527131648,"(n,n')145Nd"
145Nd,353.55,24.569959570000005,"(n,n')145Nd"
145Nd,1177.23,22.378087655999998,"(n,n')145Nd"
145Nd,1400.9,21.139020000000002,"(n,n')145Nd"
145Nd,679.32,20.27316085,"(n,n')145Nd"
145Nd,707.95,19.456285600216802,"(n,n')145Nd"
145Nd,262.94,18.797145235000002,"(n,n')145Nd"
145Nd,713.23,16.534327622767798,"(n,n')145Nd"
145Nd,1161.05,15.8457962881545,"(n,n')145Nd"
145Nd,1018.03,15.783401743021798,"(n,n')145Nd"
145Nd,1213.1,15.089278296,"(n,n')145Nd"
145Nd,1266.1,15.009623819999998,"(n,n')145Nd"
145Nd,352.51,14.380797951999998,"(n,n')145Nd"
145Nd,1249.73,14.091279258,"(n,n')145Nd"
145Nd,852.61,14.064143195,"(n,n')145Nd"
145Nd,1218.38,14.033666165999998,"(n,n')145Nd"
145Nd,864.55,13.442886019452,"(n,n')145Nd"
145Nd,1249.58,11.74106315,"(n,n')145Nd"
145Nd,1146.48,11.525120000000001,"(n,n')145Nd"
145Nd,1244.3,11.508566850000001,"(n,n')145Nd"
145Nd,1089.82,10.917928441,"(n,n')145Nd"
145Nd,1285.6,10.711475537999997,"(n,n')145Nd"
145Nd,869.83,9.93627476604,"(n,n')145Nd"
145Nd,1012.75,9.1548218989782,"(n,n')145Nd"
145Nd,623.47,9.033640900999998,"(n,n')145Nd"
145Nd,780.45,7.9486044830154,"(n,n')145Nd"
145Nd,492.59,7.71618367,"(n,n')145Nd"
145Nd,1259.08,6.94263,"(n,n')145Nd"
145Nd,1088.55,6.0266431487585,"(n,n')145Nd"
145Nd,1093.83,5.709451404087,"(n,n')145Nd"
145Nd,1011.22,5.596545195,"(n,n')145Nd"
145Nd,318.67,5.147033641999999,"(n,n')145Nd"
145Nd,90.61,5.039472147565344,"(n,n')145Nd"
145Nd,1182.51,4.697093086,"(n,n')145Nd"
145Nd,504.65,3.8512613230000006,"(n,n')145Nd"
145Nd,290.1,3.6431354959999993,"(n,n')145Nd"
145Nd,1338.6,3.1398223680000004,"(n,n')145Nd"
145Nd,1331.42,2.4787215219999994,"(n,n')145Nd"
145Nd,1403.92,1.7765341219999997,"(n,n')145Nd"
145Nd,263.05,1.709328154261509,"(n,n')145Nd"
145Nd,303.13,1.0241307664128,"(n,n')145Nd"
145Nd,466.87,0.9830623599999999,"(n,n')145Nd"
145Nd,242.87,0.6776108409999999,"(n,n')145Nd"
145Nd,1336.7,0.6319686599999998,"(n,n')145Nd"
145Nd,139.38,0.41258680500000006,"(n,n')145Nd"
145Nd,401.98,0.193685582,"(n,n')145Nd"
145Nd,130.69,0.08742579713279999,"(n,n')145Nd"
146Nd,453.86,1626.3206596535927,"(n,n')146Nd"
146Nd,589.31,345.6602063605388,"(n,n')146Nd"
146Nd,735.65,209.47849321258434,"(n,n')146Nd"
146Nd,849.34,95.4961968,"(n,n')146Nd"
146Nd,1812.0,93.05813,"(n,n')146Nd"
146Nd,1303.2,85.7798032,"(n,n')146Nd"
146Nd,1016.74,80.32653374825237,"(n,n')146Nd"
146Nd,1333.54,78.67640507226729,"(n,n')146Nd"
146Nd,1470.6,77.82769690394761,"(n,n')146Nd"
146Nd,1376.75,77.5766103489159,"(n,n')146Nd"
146Nd,461.64,76.51112000000002,"(n,n')146Nd"
146Nd,1323.34,75.58870070399999,"(n,n')146Nd"
146Nd,1451.54,72.17862005999999,"(n,n')146Nd"
146Nd,726.53,61.238800000000005,"(n,n')146Nd"
146Nd,1884.7,54.816919999999996,"(n,n')146Nd"
146Nd,1834.0,54.09951,"(n,n')146Nd"
146Nd,922.89,43.07130621238411,"(n,n')146Nd"
146Nd,1148.84,40.4721,"(n,n')146Nd"
146Nd,474.53,39.8159428612,"(n,n')146Nd"
146Nd,1524.08,37.954236491100005,"(n,n')146Nd"
146Nd,1243.24,35.457510000000006,"(n,n')146Nd"
146Nd,555.59,33.061515968,"(n,n')146Nd"
146Nd,946.13,26.134705313908846,"(n,n')146Nd"
146Nd,701.93,25.915695000000003,"(n,n')146Nd"
146Nd,875.73,20.788745758,"(n,n')146Nd"
146Nd,1465.04,20.75114459,"(n,n')146Nd"
146Nd,736.93,13.147501138800001,"(n,n')146Nd"
146Nd,1535.44,11.463777370465841,"(n,n')146Nd"
146Nd,1291.24,10.131309032,"(n,n')146Nd"
146Nd,587.69,9.947741584000001,"(n,n')146Nd"
146Nd,1787.4,9.737082342318509,"(n,n')146Nd"
146Nd,788.43,9.4962025569,"(n,n')146Nd"
146Nd,597.89,9.054804300314208,"(n,n')146Nd"
146Nd,601.19,7.2215165613000005,"(n,n')146Nd"
146Nd,729.39,5.4615696520000006,"(n,n')146Nd"
146Nd,1977.94,4.4759950236,"(n,n')146Nd"
146Nd,715.89,3.320677728,"(n,n')146Nd"
146Nd,734.03,2.809397712,"(n,n')146Nd"
146Nd,507.34,1.9200306522000001,"(n,n')146Nd"
146Nd,262.4,1.4010228612000002,"(n,n')146Nd"
146Nd,146.34,1.3705185766298924,"(n,n')146Nd"
146Nd,1905.4,1.368242212,"(n,n')146Nd"
146Nd,190.54,0.07949171490000001,"(n,n')146Nd"
147Nd,49.93,420.7825353049429,"(n,n')147Nd"
147Nd,77.99,140.26253203278222,"(n,n')147Nd"
147Nd,140.36,99.06442,"(n,n')147Nd"
147Nd,86.68,65.53479385896446,"(n,n')147Nd"
147Nd,314.67,41.645137503300695,"(n,n')147Nd"
147Nd,1029.0,32.661,"(n,n')147Nd"
147Nd,335.7,31.235297393948876,"(n,n')147Nd"
147Nd,366.71,29.420248360000006,"(n,n')147Nd"
147Nd,983.0,29.366450000000004,"(n,n')147Nd"
147Nd,127.92,23.538159351992068,"(n,n')147Nd"
147Nd,809.0,20.98263,"(n,n')147Nd"
147Nd,904.0,17.593849999999996,"(n,n')147Nd"
147Nd,749.0,13.67874,"(n,n')147Nd"
147Nd,942.06,12.7583328,"(n,n')147Nd"
147Nd,388.79,11.909141917948315,"(n,n')147Nd"
147Nd,859.0,11.23634,"(n,n')147Nd"
147Nd,631.49,10.778640928036019,"(n,n')147Nd"
147Nd,466.78,10.69889237848153,"(n,n')147Nd"
147Nd,934.0,10.066733333333334,"(n,n')147Nd"
147Nd,516.71,9.470739739318491,"(n,n')147Nd"
147Nd,604.52,9.36408592059426,"(n,n')147Nd"
147Nd,493.64,8.903704004,"(n,n')147Nd"
147Nd,581.31,8.688881640000002,"(n,n')147Nd"
147Nd,577.96,8.49721098,"(n,n')147Nd"
147Nd,641.26,8.493979389,"(n,n')147Nd"
147Nd,249.02,8.268444254299176,"(n,n')147Nd"
147Nd,957.26,7.715562114,"(n,n')147Nd"
147Nd,656.0,7.321408,"(n,n')147Nd"
147Nd,413.69,6.665667146852357,"(n,n')147Nd"
147Nd,503.57,6.08124463200891,"(n,n')147Nd"
147Nd,627.39,5.774031999999999,"(n,n')147Nd"
147Nd,140.9,5.74248545079921,"(n,n')147Nd"
147Nd,726.81,4.6325657594,"(n,n')147Nd"
147Nd,642.59,4.409793882,"(n,n')147Nd"
147Nd,167.87,3.8414604734013302,"(n,n')147Nd"
147Nd,202.04,3.727425356760131,"(n,n')147Nd"
147Nd,436.96,3.5872742039,"(n,n')147Nd"
147Nd,554.58,3.570700168,"(n,n')147Nd"
147Nd,100.07,3.34059572123103,"(n,n')147Nd"
147Nd,328.94,3.2543081899999997,"(n,n')147Nd"
147Nd,214.6,2.4262077577154737,"(n,n')147Nd"
147Nd,316.82,2.3756063101020906,"(n,n')147Nd"
147Nd,409.99,2.1810710367,"(n,n')147Nd"
147Nd,186.75,1.9594338279037513,"(n,n')147Nd"
147Nd,114.78,1.8912593925084602,"(n,n')147Nd"
147Nd,477.89,1.4471056649999998,"(n,n')147Nd"
147Nd,814.14,1.2756352,"(n,n')147Nd"
147Nd,463.62,0.9710943651001311,"(n,n')147Nd"
147Nd,305.56,0.892675042,"(n,n')147Nd"
147Nd,264.74,0.8459019208267413,"(n,n')147Nd"
147Nd,389.92,0.67382283250653,"(n,n')147Nd"
147Nd,416.89,0.65860930064319,"(n,n')147Nd"
147Nd,719.25,0.37172182600000003,"(n,n')147Nd"
147Nd,664.64,0.23782516499999998,"(n,n')147Nd"
147Nd,769.18,0.23741357500000002,"(n,n')147Nd"
147Sm,121.22,248.32803241263267,"(n,n')147Sm"
147Sm,716.6,205.53745614994813,"(n,n')147Sm"
147Sm,809.3,171.08960387844817,"(n,n')147Sm"
147Sm,197.4,94.1283306260412,"(n,n')147Sm"
147Sm,1106.86,46.20940500000001,"(n,n')147Sm"
147Sm,688.08,42.74567156018222,"(n,n')147Sm"
147Sm,1258.0,40.886155,"(n,n')147Sm"
147Sm,900.0,38.4811,"(n,n')147Sm"
147Sm,1196.85,37.434245000000004,"(n,n')147Sm"
147Sm,215.0,36.901127543206094,"(n,n')147Sm"
147Sm,1020.0,34.95516000000001,"(n,n')147Sm"
147Sm,1180.1,33.38571766234274,"(n,n')147Sm"
147Sm,1162.0,30.02352,"(n,n')147Sm"
147Sm,1169.0,28.695507499999998,"(n,n')147Sm"
147Sm,1464.0,25.99597,"(n,n')147Sm"
147Sm,1317.85,24.633302999999998,"(n,n')147Sm"
147Sm,314.1,24.193933672242,"(n,n')147Sm"
147Sm,1077.0,19.805684164,"(n,n')147Sm"
147Sm,1438.0,19.389498,"(n,n')147Sm"
147Sm,1449.11,19.343751835,"(n,n')147Sm"
147Sm,1350.19,18.200415,"(n,n')147Sm"
147Sm,122.3,18.047713034231798,"(n,n')147Sm"
147Sm,1173.0,17.8273875,"(n,n')147Sm"
147Sm,947.83,17.274547296000005,"(n,n')147Sm"
147Sm,1069.05,16.048267704,"(n,n')147Sm"
147Sm,677.98,15.30278243483542,"(n,n')147Sm"
147Sm,846.1,14.958133370828113,"(n,n')147Sm"
147Sm,76.18,14.803888591689619,"(n,n')147Sm"
147Sm,942.68,14.170169754143009,"(n,n')147Sm"
147Sm,955.78,12.391774020499998,"(n,n')147Sm"
147Sm,1063.9,11.901090283708344,"(n,n')147Sm"
147Sm,725.4,10.236745499999998,"(n,n')147Sm"
147Sm,741.8,10.19729088,"(n,n')147Sm"
147Sm,1058.88,10.02115418835729,"(n,n')147Sm"
147Sm,978.0,9.7572635,"(n,n')147Sm"
147Sm,1274.48,9.470195352449998,"(n,n')147Sm"
147Sm,601.8,9.251650718941827,"(n,n')147Sm"
147Sm,1120.27,9.1901878486,"(n,n')147Sm"
147Sm,933.08,8.477792211671861,"(n,n')147Sm"
147Sm,720.0,8.1925215,"(n,n')147Sm"
147Sm,1430.0,8.1264985,"(n,n')147Sm"
147Sm,1255.81,7.8997032401,"(n,n')147Sm"
147Sm,799.2,7.547061360247131,"(n,n')147Sm"
147Sm,884.0,7.273706000000001,"(n,n')147Sm"
147Sm,1251.71,6.873687511499999,"(n,n')147Sm"
147Sm,856.9,6.655930631960891,"(n,n')147Sm"
147Sm,244.3,5.856250450181492,"(n,n')147Sm"
147Sm,1221.3,4.9610565,"(n,n')147Sm"
147Sm,1331.99,2.85939497375,"(n,n')147Sm"
147Sm,285.75,2.1530294919,"(n,n')147Sm"
147Sm,427.7,2.14510912,"(n,n')147Sm"
147Sm,370.8,1.9172086031999698,"(n,n')147Sm"
147Sm,99.1,1.8462489477580004,"(n,n')147Sm"
147Sm,1152.25,1.29428147935,"(n,n')147Sm"
147Sm,1327.89,1.18951329,"(n,n')147Sm"
147Sm,254.6,1.168589547198645,"(n,n')147Sm"
147Sm,518.47,0.9122501514000001,"(n,n')147Sm"
147Sm,732.51,0.6825540545,"(n,n')147Sm"
147Sm,428.38,0.6736166954999999,"(n,n')147Sm"
147Sm,879.6,0.6346280639999999,"(n,n')147Sm"
147Sm,931.6,0.6167783703201137,"(n,n')147Sm"
147Sm,922.28,0.56873409150324,"(n,n')147Sm"
147Sm,1471.88,0.54851645205,"(n,n')147Sm"
147Sm,295.35,0.52653452875,"(n,n')147Sm"
147Sm,385.21,0.23223830900000003,"(n,n')147Sm"
147Sm,1453.21,0.22208893,"(n,n')147Sm"
147Sm,277.8,0.18179449749999999,"(n,n')147Sm"
147Sm,273.11,0.0510804539,"(n,n')147Sm"
147Sm,267.7,0.039664253999999996,"(n,n')147Sm"
147Sm,654.01,0.0377551181,"(n,n')147Sm"
147Sm,389.31,0.03442378415,"(n,n')147Sm"
147Sm,255.1,0.004543296842880864,"(n,n')147Sm"
147Sm,1054.3,0.004543296842880864,"(n,n')147Sm"
148Nd,301.7,1195.7072510151716,"(n,n')148Nd"
148Nd,450.5,227.103344355,"(n,n')148Nd"
148Nd,1023.12,123.06085532482842,"(n,n')148Nd"
148Nd,869.2,117.23516339999999,"(n,n')148Nd"
148Nd,697.5,114.22498016999998,"(n,n')148Nd"
148Nd,721.42,110.85067351917161,"(n,n')148Nd"
148Nd,1248.81,90.0821376,"(n,n')148Nd"
148Nd,1209.81,77.20805393500001,"(n,n')148Nd"
148Nd,492.48,75.64248,"(n,n')148Nd"
148Nd,615.1,75.29745804,"(n,n')148Nd"
148Nd,622.08,56.083878844000004,"(n,n')148Nd"
148Nd,489.94,44.835001914130004,"(n,n')148Nd"
148Nd,970.0,43.06622,"(n,n')148Nd"
148Nd,947.11,38.78089644,"(n,n')148Nd"
148Nd,1521.46,36.76072195999999,"(n,n')148Nd"
148Nd,1343.5,30.813981156000004,"(n,n')148Nd"
148Nd,1600.0,27.727000000000004,"(n,n')148Nd"
148Nd,527.49,25.42987078587,"(n,n')148Nd"
148Nd,1170.9,19.2060468,"(n,n')148Nd"
148Nd,759.31,17.490896065,"(n,n')148Nd"
148Nd,604.66,16.208618039999998,"(n,n')148Nd"
148Nd,247.0,5.244719829999999,"(n,n')148Nd"
148Nd,496.61,5.18776596,"(n,n')148Nd"
148Nd,418.7,3.3407898,"(n,n')148Nd"
148Nd,365.31,0.9434707858699999,"(n,n')148Nd"
148Nd,402.86,0.14335191412999998,"(n,n')148Nd"
148Sm,550.27,1186.43804917065,"(n,n')148Sm"
148Sm,629.99,207.318679895,"(n,n')148Sm"
148Sm,611.27,168.413266165,"(n,n')148Sm"
148Sm,1434.2,97.63442500000001,"(n,n')148Sm"
148Sm,1113.97,93.666044675,"(n,n')148Sm"
148Sm,903.85,89.96296693065,"(n,n')148Sm"
148Sm,1454.12,89.38904050685,"(n,n')148Sm"
148Sm,1718.0,74.52675000000002,"(n,n')148Sm"
148Sm,1465.12,70.3240799975,"(n,n')148Sm"
148Sm,874.18,67.090775,"(n,n')148Sm"
148Sm,1648.6,65.715725,"(n,n')148Sm"
148Sm,1109.03,64.729625,"(n,n')148Sm"
148Sm,1664.24,48.23070532499999,"(n,n')148Sm"
148Sm,553.23,38.7524615625,"(n,n')148Sm"
148Sm,914.85,36.3097306925,"(n,n')148Sm"
148Sm,571.95,28.4329451875,"(n,n')148Sm"
148Sm,414.03,24.1074683325,"(n,n')148Sm"
148Sm,432.75,7.002956667500001,"(n,n')148Sm"
148Sm,1183.22,4.9137108125,"(n,n')148Sm"
148Sm,279.37,0.26775743750000003,"(n,n')148Sm"
148Sm,303.58,0.12811430999999998,"(n,n')148Sm"
149Sm,285.94,227.63073553340575,"(n,n')149Sm"
149Sm,22.51,124.40984201476647,"(n,n')149Sm"
149Sm,664.05,77.5133254161018,"(n,n')149Sm"
149Sm,590.89,49.63899407519952,"(n,n')149Sm"
149Sm,277.08,42.50454209931011,"(n,n')149Sm"
149Sm,73.16,21.651019172541115,"(n,n')149Sm"
149Sm,785.23,19.464498499999998,"(n,n')149Sm"
149Sm,859.43,19.0445912313,"(n,n')149Sm"
149Sm,461.61,18.281765999999998,"(n,n')149Sm"
149Sm,327.53,18.127083550128525,"(n,n')149Sm"
149Sm,613.95,14.8109070016,"(n,n')149Sm"
149Sm,833.23,14.167437778800002,"(n,n')149Sm"
149Sm,198.58,13.30798443870132,"(n,n')149Sm"
149Sm,697.0,13.1148345,"(n,n')149Sm"
149Sm,835.59,12.960185876399999,"(n,n')149Sm"
149Sm,568.38,12.347404039573654,"(n,n')149Sm"
149Sm,830.41,11.906417845400002,"(n,n')149Sm"
149Sm,432.78,9.68232626795,"(n,n')149Sm"
149Sm,506.09,9.15735489315717,"(n,n')149Sm"
149Sm,558.37,8.919889732006682,"(n,n')149Sm"
149Sm,636.46,8.8769128308,"(n,n')149Sm"
149Sm,528.6,8.31812663512341,"(n,n')149Sm"
149Sm,254.57,7.778839066323523,"(n,n')149Sm"
149Sm,535.86,7.253370003164811,"(n,n')149Sm"
149Sm,214.59,7.0067261628000015,"(n,n')149Sm"
149Sm,122.01,6.654119102172166,"(n,n')149Sm"
149Sm,807.9,5.9560568938000005,"(n,n')149Sm"
149Sm,281.29,4.4469421112919605,"(n,n')149Sm"
149Sm,881.94,4.1884274369,"(n,n')149Sm"
149Sm,130.0,3.9902598167999996,"(n,n')149Sm"
149Sm,381.52,3.9801236783999996,"(n,n')149Sm"
149Sm,378.11,3.788670972655792,"(n,n')149Sm"
149Sm,813.08,3.7597033524,"(n,n')149Sm"
149Sm,359.82,3.3543322320499995,"(n,n')149Sm"
149Sm,549.65,2.2111447712000003,"(n,n')149Sm"
149Sm,125.42,2.20067939849868,"(n,n')149Sm"
149Sm,304.95,1.9566575018692585,"(n,n')149Sm"
149Sm,89.17,1.9441248372000002,"(n,n')149Sm"
149Sm,350.04,1.6112517257862746,"(n,n')149Sm"
149Sm,350.52,1.538343845,"(n,n')149Sm"
149Sm,359.38,1.5276423226,"(n,n')149Sm"
149Sm,208.33,1.0272176221990201,"(n,n')149Sm"
149Sm,544.47,0.9075534572000001,"(n,n')149Sm"
149Sm,263.43,0.7078486466136427,"(n,n')149Sm"
149Sm,547.29,0.6967102158000001,"(n,n')149Sm"
149Sm,178.56,0.39610126833921,"(n,n')149Sm"
149Sm,636.09,0.35645420040000003,"(n,n')149Sm"
149Sm,72.96,0.3270660414734281,"(n,n')149Sm"
149Sm,376.58,0.32597016896196385,"(n,n')149Sm"
149Sm,323.57,0.2836783523,"(n,n')149Sm"
149Sm,531.9,0.2669913904,"(n,n')149Sm"
149Sm,553.33,0.21644580360000004,"(n,n')149Sm"
149Sm,251.52,0.20257233814608,"(n,n')149Sm"
149Sm,308.56,0.1199443044,"(n,n')149Sm"
149Sm,242.34,0.0867150054,"(n,n')149Sm"
149Sm,353.34,0.05482858909999999,"(n,n')149Sm"
149Sm,272.43,0.023838383637530002,"(n,n')149Sm"
149Sm,129.51,0.01266077113413,"(n,n')149Sm"
150Nd,130.21,776.879087415,"(n,n')150Nd"
150Nd,251.24,148.314790431,"(n,n')150Nd"
150Nd,720.45,76.07615617600001,"(n,n')150Nd"
150Nd,804.65,49.435011296999996,"(n,n')150Nd"
150Nd,545.16,48.096740944,"(n,n')150Nd"
150Nd,722.73,33.407088567,"(n,n')150Nd"
150Nd,852.94,29.047741433000002,"(n,n')150Nd"
150Nd,553.41,19.310658702999998,"(n,n')150Nd"
150Nd,338.95,17.85685,"(n,n')150Nd"
150Nd,469.21,17.820381728,"(n,n')150Nd"
150Nd,850.66,7.593211152000002,"(n,n')150Nd"
150Nd,175.29,1.3992909440000003,"(n,n')150Nd"
150Sm,333.86,1625.2340959741164,"(n,n')150Sm"
150Sm,439.38,303.9792097027884,"(n,n')150Sm"
150Sm,406.52,200.77168282769603,"(n,n')150Sm"
150Sm,712.18,176.11410594760864,"(n,n')150Sm"
150Sm,737.4,174.7003896701207,"(n,n')150Sm"
150Sm,1165.61,72.40933254793174,"(n,n')150Sm"
150Sm,1193.73,71.3586723171555,"(n,n')150Sm"
150Sm,859.87,60.75055770820387,"(n,n')150Sm"
150Sm,831.75,54.34567960995946,"(n,n')150Sm"
150Sm,1170.59,53.27064723383378,"(n,n')150Sm"
150Sm,505.52,44.58297687731354,"(n,n')150Sm"
150Sm,584.29,38.629587380933536,"(n,n')150Sm"
150Sm,675.75,38.108663242081334,"(n,n')150Sm"
150Sm,345.91,37.37551280024474,"(n,n')150Sm"
150Sm,1672.7,37.178015,"(n,n')150Sm"
150Sm,921.54,34.26318673025243,"(n,n')150Sm"
150Sm,1324.43,33.1119375494925,"(n,n')150Sm"
150Sm,1499.42,30.562623333000005,"(n,n')150Sm"
150Sm,1379.28,29.089087092,"(n,n')150Sm"
150Sm,1083.31,25.95421798400056,"(n,n')150Sm"
150Sm,515.24,25.175739838,"(n,n')150Sm"
150Sm,1773.3,24.520215,"(n,n')150Sm"
150Sm,402.95,17.447823685511793,"(n,n')150Sm"
150Sm,251.56,17.410729735628927,"(n,n')150Sm"
150Sm,1794.0,16.690725761,"(n,n')150Sm"
150Sm,869.28,15.99306880963535,"(n,n')150Sm"
150Sm,1452.74,15.963195682,"(n,n')150Sm"
150Sm,1049.04,15.813304794000002,"(n,n')150Sm"
150Sm,620.99,15.105694318,"(n,n')150Sm"
150Sm,1046.04,14.226652786074073,"(n,n')150Sm"
150Sm,1350.14,13.632106939836,"(n,n')150Sm"
150Sm,731.21,13.469375384121124,"(n,n')150Sm"
150Sm,899.47,11.936700150660002,"(n,n')150Sm"
150Sm,298.02,11.885522612396336,"(n,n')150Sm"
150Sm,688.3,9.9054067125,"(n,n')150Sm"
150Sm,464.19,9.850472204,"(n,n')150Sm"
150Sm,748.07,9.645428749499999,"(n,n')150Sm"
150Sm,626.67,9.584999904150001,"(n,n')150Sm"
150Sm,787.24,8.887324878000001,"(n,n')150Sm"
150Sm,612.74,7.4120893144736,"(n,n')150Sm"
150Sm,371.13,6.861770035271112,"(n,n')150Sm"
150Sm,910.76,6.8219548149136005,"(n,n')150Sm"
150Sm,751.02,6.315585206000001,"(n,n')150Sm"
150Sm,372.73,6.253852988,"(n,n')150Sm"
150Sm,1308.66,6.066842006824039,"(n,n')150Sm"
150Sm,1833.28,5.801196789000001,"(n,n')150Sm"
150Sm,255.11,5.539456747499999,"(n,n')150Sm"
150Sm,310.57,5.2921370385,"(n,n')150Sm"
150Sm,305.66,4.603902915493416,"(n,n')150Sm"
150Sm,565.83,4.1514379725,"(n,n')150Sm"
150Sm,209.36,4.032539840165152,"(n,n')150Sm"
150Sm,542.96,3.9607065079999995,"(n,n')150Sm"
150Sm,722.74,3.717611162,"(n,n')150Sm"
150Sm,1485.47,3.5384759564999997,"(n,n')150Sm"
150Sm,571.26,3.359421291189066,"(n,n')150Sm"
150Sm,1713.14,3.256659666,"(n,n')150Sm"
150Sm,453.35,2.9664428913453533,"(n,n')150Sm"
150Sm,393.95,2.80529970192,"(n,n')150Sm"
150Sm,272.8,2.6477381574082304,"(n,n')150Sm"
150Sm,600.27,2.5715082389999995,"(n,n')150Sm"
150Sm,587.03,2.5682707608959503,"(n,n')150Sm"
150Sm,425.23,2.178984215228829,"(n,n')150Sm"
150Sm,1046.09,1.8632066429999998,"(n,n')150Sm"
150Sm,458.41,1.78568622389177,"(n,n')150Sm"
150Sm,448.79,1.783504931239043,"(n,n')150Sm"
150Sm,612.25,1.75683499143255,"(n,n')150Sm"
150Sm,161.77,1.5917867578545042,"(n,n')150Sm"
150Sm,461.8,1.5378527714999999,"(n,n')150Sm"
150Sm,284.99,1.4911270736588722,"(n,n')150Sm"
150Sm,402.16,1.4873319839999997,"(n,n')150Sm"
150Sm,667.1,1.4583104640000002,"(n,n')150Sm"
150Sm,420.49,1.44904583632538,"(n,n')150Sm"
150Sm,223.72,1.3634999863650001,"(n,n')150Sm"
150Sm,168.26,1.3121999868780003,"(n,n')150Sm"
150Sm,310.72,1.2276585709371337,"(n,n')150Sm"
150Sm,377.73,1.1475056682349092,"(n,n')150Sm"
150Sm,773.29,1.1316656399999998,"(n,n')150Sm"
150Sm,637.96,1.091748824186,"(n,n')150Sm"
150Sm,972.76,0.869377392,"(n,n')150Sm"
150Sm,223.44,0.7194508374357987,"(n,n')150Sm"
150Sm,492.68,0.66981726252875,"(n,n')150Sm"
150Sm,625.6,0.5799786404999999,"(n,n')150Sm"
150Sm,943.62,0.5488250845908,"(n,n')150Sm"
150Sm,255.26,0.44178968227044,"(n,n')150Sm"
150Sm,547.53,0.382105386,"(n,n')150Sm"
150Sm,596.48,0.3537772076720069,"(n,n')150Sm"
150Sm,117.04,0.34826652899999994,"(n,n')150Sm"
150Sm,485.93,0.34730184657200003,"(n,n')150Sm"
150Sm,370.34,0.206124813,"(n,n')150Sm"
150Sm,147.69,0.16404292486702415,"(n,n')150Sm"
150Sm,540.57,0.16166651999999998,"(n,n')150Sm"
150Sm,170.23,0.13196315184701454,"(n,n')150Sm"
150Sm,193.53,0.11110358588046497,"(n,n')150Sm"
150Sm,91.46,0.09753798179996727,"(n,n')150Sm"
150Sm,78.77,0.09312074097452838,"(n,n')150Sm"
150Sm,464.56,0.08803312593234999,"(n,n')150Sm"
150Sm,286.27,0.07760061747877367,"(n,n')150Sm"
150Sm,558.11,0.06972557,"(n,n')150Sm"
150Sm,225.35,0.05847557151603419,"(n,n')150Sm"
150Sm,179.2,0.050288299999999994,"(n,n')150Sm"
151Pm,85.12,302.5721630748776,"(n,n')151Pm"
151Pm,112.15,63.664184039132266,"(n,n')151Pm"
151Pm,197.27,61.045285185416745,"(n,n')151Pm"
151Pm,244.48,30.25285186875,"(n,n')151Pm"
151Pm,116.79,20.334949767948373,"(n,n')151Pm"
151Pm,255.69,18.95482002907022,"(n,n')151Pm"
151Pm,68.99,15.205888685389601,"(n,n')151Pm"
151Pm,138.9,9.074817087235886,"(n,n')151Pm"
151Pm,102.47,7.4837086379999995,"(n,n')151Pm"
151Pm,132.33,7.02731063125,"(n,n')151Pm"
151Pm,175.08,6.907396231356548,"(n,n')151Pm"
151Pm,176.04,5.36752879277715,"(n,n')151Pm"
151Pm,170.76,4.00975095,"(n,n')151Pm"
151Pm,58.29,3.3507322594996474,"(n,n')151Pm"
151Pm,86.08,3.2717496308286,"(n,n')151Pm"
151Pm,82.64,2.6503388865,"(n,n')151Pm"
151Pm,89.96,2.147396349942203,"(n,n')151Pm"
151Pm,146.53,1.9453322115000002,"(n,n')151Pm"
151Pm,63.89,1.2511376308942501,"(n,n')151Pm"
151Pm,171.46,1.15662999,"(n,n')151Pm"
151Pm,324.68,1.0707867915523999,"(n,n')151Pm"
151Pm,239.56,0.8666568680792,"(n,n')151Pm"
151Pm,149.6,0.6643175579698,"(n,n')151Pm"
151Pm,427.15,0.647087589,"(n,n')151Pm"
151Pm,170.57,0.6246637590834933,"(n,n')151Pm"
151Pm,31.67,0.4340725667961607,"(n,n')151Pm"
151Pm,426.45,0.39414904999999995,"(n,n')151Pm"
151Pm,165.99,0.366787168,"(n,n')151Pm"
151Pm,342.03,0.361577123,"(n,n')151Pm"
151Pm,168.72,0.266443902,"(n,n')151Pm"
151Pm,229.88,0.23028398900000002,"(n,n')151Pm"
151Pm,310.36,0.174015503,"(n,n')151Pm"
151Pm,207.89,0.098483735009,"(n,n')151Pm"
151Sm,65.83,326.9938914795838,"(n,n')151Sm"
151Sm,109.55,88.55062653886903,"(n,n')151Sm"
151Sm,4.82,54.76947270591716,"(n,n')151Sm"
151Sm,64.88,25.27915825879828,"(n,n')151Sm"
151Sm,105.68,16.643639659677937,"(n,n')151Sm"
151Sm,25.7,14.803632549468086,"(n,n')151Sm"
151Sm,167.75,6.441978792645625,"(n,n')151Sm"
151Sm,175.38,6.1288298608106695,"(n,n')151Sm"
151Sm,69.7,5.369675711616705,"(n,n')151Sm"
151Sm,280.13,5.2507983675,"(n,n')151Sm"
151Sm,163.58,5.118437123849425,"(n,n')151Sm"
151Sm,147.53,4.8814966382,"(n,n')151Sm"
151Sm,208.99,4.774676173,"(n,n')151Sm"
151Sm,228.99,4.590784745250001,"(n,n')151Sm"
151Sm,61.01,4.508431593797992,"(n,n')151Sm"
151Sm,220.0,4.4809225,"(n,n')151Sm"
151Sm,104.83,4.275819028482777,"(n,n')151Sm"
151Sm,83.85,4.09742862634235,"(n,n')151Sm"
151Sm,236.79,3.3927804821238,"(n,n')151Sm"
151Sm,100.01,3.3355685727721927,"(n,n')151Sm"
151Sm,309.03,2.9882939981399996,"(n,n')151Sm"
151Sm,168.4,2.9357177057601103,"(n,n')151Sm"
151Sm,56.38,2.0517968,"(n,n')151Sm"
151Sm,294.82,2.03085775475,"(n,n')151Sm"
151Sm,139.29,1.8303441065000003,"(n,n')151Sm"
151Sm,169.6,1.8192537615,"(n,n')151Sm"
151Sm,201.96,1.7181540832,"(n,n')151Sm"
151Sm,323.94,1.5748585842499998,"(n,n')151Sm"
151Sm,232.41,1.53743620205,"(n,n')151Sm"
151Sm,195.3,1.34375592175,"(n,n')151Sm"
151Sm,232.92,1.3229564569596,"(n,n')151Sm"
151Sm,85.75,1.31455441675,"(n,n')151Sm"
151Sm,101.92,1.1378822353364704,"(n,n')151Sm"
151Sm,76.22,1.0836973669871146,"(n,n')151Sm"
151Sm,237.09,0.999609339,"(n,n')151Sm"
151Sm,134.22,0.9055002455126,"(n,n')151Sm"
151Sm,143.16,0.7705083390000002,"(n,n')151Sm"
151Sm,35.13,0.7683582334600206,"(n,n')151Sm"
151Sm,297.8,0.7559752483658401,"(n,n')151Sm"
151Sm,258.11,0.7315184711,"(n,n')151Sm"
151Sm,162.93,0.7084169824934285,"(n,n')151Sm"
151Sm,302.62,0.64288256562838,"(n,n')151Sm"
151Sm,306.79,0.4682107992,"(n,n')151Sm"
151Sm,98.7,0.4212887946332485,"(n,n')151Sm"
151Sm,113.22,0.38935339999999996,"(n,n')151Sm"
151Sm,98.05,0.3652461496141757,"(n,n')151Sm"
151Sm,204.17,0.36049888150000003,"(n,n')151Sm"
151Sm,310.46,0.3349822921,"(n,n')151Sm"
151Sm,62.92,0.2970133524335055,"(n,n')151Sm"
151Sm,156.19,0.2788858483,"(n,n')151Sm"
151Sm,180.12,0.23541031500000004,"(n,n')151Sm"
151Sm,134.87,0.23377547841032,"(n,n')151Sm"
151Sm,146.88,0.2265553151,"(n,n')151Sm"
151Sm,254.24,0.22319777955,"(n,n')151Sm"
151Sm,215.25,0.21818517,"(n,n')151Sm"
151Sm,39.0,0.2148652778132049,"(n,n')151Sm"
151Sm,102.57,0.20842708787118605,"(n,n')151Sm"
151Sm,63.57,0.1853670696386293,"(n,n')151Sm"
151Sm,197.79,0.18140369915606,"(n,n')151Sm"
151Sm,211.09,0.15407929258862,"(n,n')151Sm"
151Sm,245.58,0.1015789574,"(n,n')151Sm"
151Sm,315.28,0.09530160609999999,"(n,n')151Sm"
151Sm,139.04,0.08735791459999999,"(n,n')151Sm"
151Sm,138.39,0.08045215060000001,"(n,n')151Sm"
151Sm,148.56,0.07529026895,"(n,n')151Sm"
151Sm,301.97,0.0735463866,"(n,n')151Sm"
151Sm,145.45,0.05383472473999999,"(n,n')151Sm"
151Sm,244.15,0.04636632362,"(n,n')151Sm"
151Sm,284.95,0.037321147500000006,"(n,n')151Sm"
151Sm,249.45,0.034240098,"(n,n')151Sm"
151Sm,155.54,0.0338583458,"(n,n')151Sm"
151Sm,210.45,0.032528093099999995,"(n,n')151Sm"
151Sm,240.96,0.0255513268,"(n,n')151Sm"
151Sm,313.85,0.023338753499999997,"(n,n')151Sm"
152Gd,344.28,1701.9022826614926,"(n,n')152Gd"
152Gd,411.12,282.6073818206205,"(n,n')152Gd"
152Gd,271.12,184.1295143993059,"(n,n')152Gd"
152Gd,586.26,171.35194229063399,"(n,n')152Gd"
152Gd,778.91,148.42725113360402,"(n,n')152Gd"
152Gd,764.89,74.46995755025561,"(n,n')152Gd"
152Gd,1314.65,63.566169288524264,"(n,n')152Gd"
152Gd,1109.17,63.123767315196766,"(n,n')152Gd"
152Gd,845.13,56.0547691,"(n,n')152Gd"
152Gd,703.57,55.956652502311606,"(n,n')152Gd"
152Gd,974.14,52.78664806025687,"(n,n')152Gd"
152Gd,1089.74,48.73507530271607,"(n,n')152Gd"
152Gd,1299.13,42.4173538109825,"(n,n')152Gd"
152Gd,970.37,40.26038643389509,"(n,n')152Gd"
152Gd,1348.13,33.9001732531275,"(n,n')152Gd"
152Gd,1411.7,33.115314425048,"(n,n')152Gd"
152Gd,930.54,29.540395355627513,"(n,n')152Gd"
152Gd,715.08,29.194593651699996,"(n,n')152Gd"
152Gd,526.86,28.8714550981951,"(n,n')152Gd"
152Gd,351.72,26.5626441064147,"(n,n')152Gd"
152Gd,1261.32,20.593254250528,"(n,n')152Gd"
152Gd,315.14,18.641997069085328,"(n,n')152Gd"
152Gd,794.81,18.372926025714296,"(n,n')152Gd"
152Gd,990.2,17.50872337808,"(n,n')152Gd"
152Gd,471.98,14.970139577973885,"(n,n')152Gd"
152Gd,703.02,13.201802904045543,"(n,n')152Gd"
152Gd,1427.29,13.156110859610548,"(n,n')152Gd"
152Gd,1084.22,13.152535199999999,"(n,n')152Gd"
152Gd,678.62,13.11895922103214,"(n,n')152Gd"
152Gd,387.88,12.183906885742969,"(n,n')152Gd"
152Gd,1517.77,12.174376491832499,"(n,n')152Gd"
152Gd,648.38,10.669274550060733,"(n,n')152Gd"
152Gd,675.06,10.555158011071999,"(n,n')152Gd"
152Gd,909.08,10.451328,"(n,n')152Gd"
152Gd,367.79,10.05265219727646,"(n,n')152Gd"
152Gd,1016.17,9.878957916722898,"(n,n')152Gd"
152Gd,1205.93,9.863429137336118,"(n,n')152Gd"
152Gd,1460.53,9.50520445,"(n,n')152Gd"
152Gd,1667.35,8.800681579887716,"(n,n')152Gd"
152Gd,1495.34,8.760672000000001,"(n,n')152Gd"
152Gd,1862.05,8.5121953916175,"(n,n')152Gd"
152Gd,195.23,8.25626770400979,"(n,n')152Gd"
152Gd,1160.02,7.97853687435,"(n,n')152Gd"
152Gd,270.57,7.968377921055528,"(n,n')152Gd"
152Gd,1631.39,7.750925875,"(n,n')152Gd"
152Gd,1106.65,7.3133975863575,"(n,n')152Gd"
152Gd,937.01,6.757266484372499,"(n,n')152Gd"
152Gd,841.03,6.593374207574306,"(n,n')152Gd"
152Gd,1318.42,6.570056118134816,"(n,n')152Gd"
152Gd,1116.25,6.156260025,"(n,n')152Gd"
152Gd,1052.26,5.983955,"(n,n')152Gd"
152Gd,1962.0,5.959219000000001,"(n,n')152Gd"
152Gd,1106.18,5.187716342100001,"(n,n')152Gd"
152Gd,1571.14,5.0171983995,"(n,n')152Gd"
152Gd,1605.6,5.010132995203199,"(n,n')152Gd"
152Gd,622.74,4.819301955,"(n,n')152Gd"
152Gd,699.25,4.785135070479157,"(n,n')152Gd"
152Gd,1325.76,4.6293674524999995,"(n,n')152Gd"
152Gd,412.68,4.569516425000001,"(n,n')152Gd"
152Gd,503.48,4.35018555106546,"(n,n')152Gd"
152Gd,117.31,4.172997725833254,"(n,n')152Gd"
152Gd,456.92,4.098103136139724,"(n,n')152Gd"
152Gd,716.43,3.8616120000000005,"(n,n')152Gd"
152Gd,738.86,3.7754821122974995,"(n,n')152Gd"
152Gd,1941.16,3.67054147,"(n,n')152Gd"
152Gd,543.63,3.5415703454174996,"(n,n')152Gd"
152Gd,441.04,3.531997171194631,"(n,n')152Gd"
152Gd,493.77,3.5280442273192922,"(n,n')152Gd"
152Gd,893.31,3.4439930874999996,"(n,n')152Gd"
152Gd,385.81,3.1726833978,"(n,n')152Gd"
152Gd,496.43,2.8586879842143995,"(n,n')152Gd"
152Gd,712.87,2.5147498098359997,"(n,n')152Gd"
152Gd,730.45,2.1978528,"(n,n')152Gd"
152Gd,324.85,2.188772741955939,"(n,n')152Gd"
152Gd,1975.67,2.1700203874999997,"(n,n')152Gd"
152Gd,1010.62,2.15106545,"(n,n')152Gd"
152Gd,557.75,2.0325806457407998,"(n,n')152Gd"
152Gd,1360.27,2.0195401625000002,"(n,n')152Gd"
152Gd,1755.98,1.9184105124836002,"(n,n')152Gd"
152Gd,634.2,1.7794155105,"(n,n')152Gd"
152Gd,427.56,1.7552563443000002,"(n,n')152Gd"
152Gd,902.46,1.7487693154272657,"(n,n')152Gd"
152Gd,520.22,1.4240723354942497,"(n,n')152Gd"
152Gd,1185.76,1.240295185,"(n,n')152Gd"
152Gd,547.4,1.2316916474775,"(n,n')152Gd"
152Gd,563.02,1.2235315775556228,"(n,n')152Gd"
152Gd,173.09,1.1544054958902001,"(n,n')152Gd"
152Gd,534.24,1.11925417672625,"(n,n')152Gd"
152Gd,175.14,1.0810150734946948,"(n,n')152Gd"
152Gd,1596.88,1.048072315,"(n,n')152Gd"
152Gd,116.19,0.935325176816356,"(n,n')152Gd"
152Gd,770.51,0.8787837484738837,"(n,n')152Gd"
152Gd,632.79,0.8686446197987999,"(n,n')152Gd"
152Gd,482.41,0.8677098663103999,"(n,n')152Gd"
152Gd,248.75,0.6521847375,"(n,n')152Gd"
152Gd,209.25,0.6271884557217899,"(n,n')152Gd"
152Gd,1242.49,0.569448667613086,"(n,n')152Gd"
152Gd,831.99,0.5652267725,"(n,n')152Gd"
152Gd,447.68,0.5526413281613997,"(n,n')152Gd"
152Gd,825.44,0.532275591004,"(n,n')152Gd"
152Sm,121.78,1600.4751711073034,"(n,n')152Sm"
152Sm,244.7,385.05530627230837,"(n,n')152Sm"
152Sm,562.92,84.23329575635728,"(n,n')152Sm"
152Sm,688.67,83.54903846964449,"(n,n')152Sm"
152Sm,919.33,78.14215733880658,"(n,n')152Sm"
152Sm,964.1,75.7694914068643,"(n,n')152Sm"
152Sm,1226.0,75.39528,"(n,n')152Sm"
152Sm,1112.07,71.29291879915758,"(n,n')152Sm"
152Sm,841.57,70.71234118318594,"(n,n')152Sm"
152Sm,963.35,58.170761166554534,"(n,n')152Sm"
152Sm,1085.88,52.93306461436022,"(n,n')152Sm"
152Sm,340.4,38.84091967760853,"(n,n')152Sm"
152Sm,1389.01,35.817287400000005,"(n,n')152Sm"
152Sm,1408.01,34.634266992404996,"(n,n')152Sm"
152Sm,656.49,34.151372563800926,"(n,n')152Sm"
152Sm,674.63,31.608063642663343,"(n,n')152Sm"
152Sm,443.97,30.963766597653084,"(n,n')152Sm"
152Sm,1168.16,30.3625117036112,"(n,n')152Sm"
152Sm,810.45,29.974933250635562,"(n,n')152Sm"
152Sm,926.28,28.795045597884002,"(n,n')152Sm"
152Sm,1005.26,27.81852924329178,"(n,n')152Sm"
152Sm,961.07,24.946780361479767,"(n,n')152Sm"
152Sm,867.37,22.20691390940992,"(n,n')152Sm"
152Sm,605.24,20.5783574112576,"(n,n')152Sm"
152Sm,1212.95,20.28437818,"(n,n')152Sm"
152Sm,901.19,17.801152046689854,"(n,n')152Sm"
152Sm,735.13,17.411574488,"(n,n')152Sm"
152Sm,855.0,17.023929168,"(n,n')152Sm"
152Sm,564.01,16.29332961,"(n,n')152Sm"
152Sm,812.89,15.842005512,"(n,n')152Sm"
152Sm,1315.61,15.54446,"(n,n')152Sm"
152Sm,870.12,14.77941204,"(n,n')152Sm"
152Sm,587.34,13.480227230499999,"(n,n')152Sm"
152Sm,1363.76,13.431753595,"(n,n')152Sm"
152Sm,329.41,13.356653853264001,"(n,n')152Sm"
152Sm,695.45,12.244406549999997,"(n,n')152Sm"
152Sm,671.15,11.527255475999999,"(n,n')152Sm"
152Sm,995.87,11.422520220000001,"(n,n')152Sm"
152Sm,1736.0,11.171838500000002,"(n,n')152Sm"
152Sm,958.65,11.077961212500002,"(n,n')152Sm"
152Sm,1292.76,10.897688290320001,"(n,n')152Sm"
152Sm,1454.71,10.2986177695,"(n,n')152Sm"
152Sm,1528.11,9.340651754999998,"(n,n')152Sm"
152Sm,523.18,8.877068964,"(n,n')152Sm"
152Sm,1249.96,8.09021600355912,"(n,n')152Sm"
152Sm,1193.11,8.0797449075,"(n,n')152Sm"
152Sm,251.65,7.57948191987,"(n,n')152Sm"
152Sm,1457.65,7.156043093999999,"(n,n')152Sm"
152Sm,805.75,6.3067434625,"(n,n')152Sm"
152Sm,727.99,5.755701412500001,"(n,n')152Sm"
152Sm,212.52,4.920550404658471,"(n,n')152Sm"
152Sm,1769.1,4.872018124999999,"(n,n')152Sm"
152Sm,443.91,4.66388422278,"(n,n')152Sm"
152Sm,905.9,4.62525877265,"(n,n')152Sm"
152Sm,852.71,4.5632593649999995,"(n,n')152Sm"
152Sm,1289.94,4.5563191571312,"(n,n')152Sm"
152Sm,514.6,4.094950832,"(n,n')152Sm"
152Sm,1170.98,3.821176599234,"(n,n')152Sm"
152Sm,416.04,3.6768675049999997,"(n,n')152Sm"
152Sm,119.5,3.496543597086362,"(n,n')152Sm"
152Sm,644.36,3.2301697,"(n,n')152Sm"
152Sm,1647.32,3.205451925,"(n,n')152Sm"
152Sm,125.75,3.0993284010996893,"(n,n')152Sm"
152Sm,482.31,3.059735558436,"(n,n')152Sm"
152Sm,385.29,3.043491084,"(n,n')152Sm"
152Sm,1390.55,2.856077496,"(n,n')152Sm"
152Sm,1608.46,2.76555625,"(n,n')152Sm"
152Sm,496.39,2.6969704549999998,"(n,n')152Sm"
152Sm,287.53,2.6185548986627913,"(n,n')152Sm"
152Sm,603.62,2.5817834013010663,"(n,n')152Sm"
152Sm,1057.32,2.53986153475,"(n,n')152Sm"
152Sm,239.31,2.3822488625000005,"(n,n')152Sm"
152Sm,1021.32,2.15204491502,"(n,n')152Sm"
152Sm,571.67,2.0040357273500002,"(n,n')152Sm"
152Sm,1097.1,1.9404041791999997,"(n,n')152Sm"
152Sm,944.02,1.8711035003677412,"(n,n')152Sm"
152Sm,1397.72,1.70101596525,"(n,n')152Sm"
152Sm,719.4,1.4468284097990605,"(n,n')152Sm"
152Sm,209.91,1.425082314888,"(n,n')152Sm"
152Sm,272.4,1.3652318563218704,"(n,n')152Sm"
152Sm,768.98,1.3413862989999998,"(n,n')152Sm"
152Sm,1558.79,1.31208462,"(n,n')152Sm"
152Sm,1437.5,1.1056945136,"(n,n')152Sm"
152Sm,269.79,0.922112086104,"(n,n')152Sm"
152Sm,1680.57,0.88608312,"(n,n')152Sm"
152Sm,295.94,0.7472068032975,"(n,n')152Sm"
152Sm,664.86,0.7252781444965201,"(n,n')152Sm"
152Sm,488.68,0.6979404206625,"(n,n')152Sm"
152Sm,686.54,0.6367930399999999,"(n,n')152Sm"
152Sm,839.44,0.5327018699999999,"(n,n')152Sm"
152Sm,700.34,0.5084941319999999,"(n,n')152Sm"
152Sm,798.73,0.48978648378,"(n,n')152Sm"
152Sm,316.09,0.4759973002175444,"(n,n')152Sm"
152Sm,285.86,0.45236420352618,"(n,n')152Sm"
152Sm,547.44,0.44539632,"(n,n')152Sm"
152Sm,493.55,0.42234335799999995,"(n,n')152Sm"
152Sm,418.47,0.396964981055,"(n,n')152Sm"
152Sm,781.01,0.38815716959999996,"(n,n')152Sm"
152Sm,1361.72,0.38694153498,"(n,n')152Sm"
152Sm,432.24,0.3686920608,"(n,n')152Sm"
153Eu,83.37,471.1778930641224,"(n,n')153Eu"
153Eu,193.06,145.80521818104043,"(n,n')153Eu"
153Eu,109.69,99.32796638694954,"(n,n')153Eu"
153Eu,103.18,54.211518506718576,"(n,n')153Eu"
153Eu,69.67,39.08772322791977,"(n,n')153Eu"
153Eu,97.43,35.12329685954411,"(n,n')153Eu"
153Eu,96.88,21.648610728761465,"(n,n')153Eu"
153Eu,54.19,16.245865619323173,"(n,n')153Eu"
153Eu,83.66,15.545790385378725,"(n,n')153Eu"
153Eu,241.69,12.266490606949354,"(n,n')153Eu"
153Eu,151.62,10.48323522431039,"(n,n')153Eu"
153Eu,126.67,8.4100448848416,"(n,n')153Eu"
153Eu,86.58,8.399152480752074,"(n,n')153Eu"
153Eu,305.86,6.520670368632,"(n,n')153Eu"
153Eu,123.07,6.257298145064737,"(n,n')153Eu"
153Eu,151.91,4.935474227343142,"(n,n')153Eu"
153Eu,39.33,3.7017123494319994,"(n,n')153Eu"
153Eu,287.99,3.65225378556192,"(n,n')153Eu"
153Eu,141.6,3.001927112,"(n,n')153Eu"
153Eu,132.0,2.8085008112343055,"(n,n')153Eu"
153Eu,531.82,2.4034104709164006,"(n,n')153Eu"
153Eu,223.55,2.320953945492,"(n,n')153Eu"
153Eu,111.6,2.298811013016,"(n,n')153Eu"
153Eu,412.17,2.2110954912,"(n,n')153Eu"
153Eu,156.06,2.0704690365777596,"(n,n')153Eu"
153Eu,569.0,2.01666393,"(n,n')153Eu"
153Eu,244.78,1.969885281468,"(n,n')153Eu"
153Eu,329.94,1.9404595104000002,"(n,n')153Eu"
153Eu,268.27,1.9126231200000001,"(n,n')153Eu"
153Eu,68.25,1.8979747793756472,"(n,n')153Eu"
153Eu,89.78,1.8233287456809966,"(n,n')153Eu"
153Eu,237.87,1.7158781469840005,"(n,n')153Eu"
153Eu,302.72,1.6665185679999999,"(n,n')153Eu"
153Eu,617.0,1.4619100968,"(n,n')153Eu"
153Eu,82.27,1.4588511600000003,"(n,n')153Eu"
153Eu,320.27,1.4168519808000002,"(n,n')153Eu"
153Eu,103.87,1.3683666810000001,"(n,n')153Eu"
153Eu,166.55,1.3616852358824063,"(n,n')153Eu"
153Eu,128.8,1.324518212056876,"(n,n')153Eu"
153Eu,533.82,1.1344299216,"(n,n')153Eu"
153Eu,485.15,1.094255232,"(n,n')153Eu"
153Eu,658.0,1.0791115212,"(n,n')153Eu"
153Eu,242.64,1.03926659041464,"(n,n')153Eu"
153Eu,533.63,1.0294159031999999,"(n,n')153Eu"
153Eu,199.38,1.00126884,"(n,n')153Eu"
153Eu,358.94,0.9738872142,"(n,n')153Eu"
153Eu,170.24,0.8134670323849706,"(n,n')153Eu"
153Eu,172.3,0.7767188511272193,"(n,n')153Eu"
153Eu,578.82,0.7429936504,"(n,n')153Eu"
153Eu,89.48,0.7293688561086059,"(n,n')153Eu"
153Eu,539.57,0.7036868063999999,"(n,n')153Eu"
153Eu,137.85,0.6352591409962488,"(n,n')153Eu"
153Eu,412.27,0.5898538668000001,"(n,n')153Eu"
153Eu,159.19,0.56636467344576,"(n,n')153Eu"
153Eu,464.15,0.56092764,"(n,n')153Eu"
153Eu,509.15,0.5355061518,"(n,n')153Eu"
153Eu,485.63,0.5289860699999999,"(n,n')153Eu"
153Eu,118.11,0.4854492819545121,"(n,n')153Eu"
153Eu,155.99,0.47760603059232,"(n,n')153Eu"
153Eu,598.63,0.34758383060000003,"(n,n')153Eu"
153Eu,75.42,0.342520526940927,"(n,n')153Eu"
153Eu,487.59,0.31644850880000003,"(n,n')153Eu"
153Eu,216.14,0.27421120000000004,"(n,n')153Eu"
153Eu,574.63,0.26916724680000004,"(n,n')153Eu"
153Eu,152.86,0.2503244778076,"(n,n')153Eu"
153Eu,74.08,0.2226321048,"(n,n')153Eu"
153Eu,14.06,0.19779813195238036,"(n,n')153Eu"
153Eu,584.57,0.1963764102,"(n,n')153Eu"
153Eu,161.12,0.17553433201200003,"(n,n')153Eu"
153Eu,173.95,0.14785248960000003,"(n,n')153Eu"
153Eu,172.85,0.13700739165312753,"(n,n')153Eu"
153Eu,42.22,0.1274767507015884,"(n,n')153Eu"
153Eu,74.54,0.1261246681864,"(n,n')153Eu"
153Eu,255.07,0.10497754895126402,"(n,n')153Eu"
153Eu,637.0,0.06657163199999999,"(n,n')153Eu"
153Eu,186.71,0.0664520192,"(n,n')153Eu"
153Eu,462.15,0.05305269519990001,"(n,n')153Eu"
153Eu,635.0,0.011350809205560001,"(n,n')153Eu"
153Eu,682.0,0.0031400902,"(n,n')153Eu"
153Eu,249.56,0.000370245284,"(n,n')153Eu"
153Eu,172.89,0.000370245284,"(n,n')153Eu"
153Gd,41.55,385.76071990809413,"(n,n')153Gd"
153Gd,51.78,161.9093806609698,"(n,n')153Gd"
153Gd,168.4,28.742075000000003,"(n,n')153Gd"
153Gd,1.77,21.83783723069037,"(n,n')153Gd"
153Gd,109.76,20.84220042698342,"(n,n')153Gd"
153Gd,174.42,16.076227270542727,"(n,n')153Gd"
153Gd,93.33,12.56193470645455,"(n,n')153Gd"
153Gd,87.6,8.414549963118729,"(n,n')153Gd"
153Gd,19.39,6.766921820533706,"(n,n')153Gd"
153Gd,212.03,6.503718974075587,"(n,n')153Gd"
153Gd,249.55,6.4528316356758335,"(n,n')153Gd"
153Gd,247.33,5.7515687996,"(n,n')153Gd"
153Gd,126.07,5.242792612200001,"(n,n')153Gd"
153Gd,88.39,5.182477532494961,"(n,n')153Gd"
153Gd,321.0,4.757455500000001,"(n,n')153Gd"
153Gd,506.0,4.5133205,"(n,n')153Gd"
153Gd,319.81,3.9304553320370403,"(n,n')153Gd"
153Gd,436.32,3.8932692448650004,"(n,n')153Gd"
153Gd,195.21,3.6313771481496597,"(n,n')153Gd"
153Gd,315.42,3.4985433894599995,"(n,n')153Gd"
153Gd,68.21,3.4177728786049144,"(n,n')153Gd"
153Gd,355.12,3.2273297411354007,"(n,n')153Gd"
153Gd,467.29,3.1831813596000007,"(n,n')153Gd"
153Gd,141.94,3.114772193522348,"(n,n')153Gd"
153Gd,210.24,3.1130875486774796,"(n,n')153Gd"
153Gd,429.0,3.0434499999999995,"(n,n')153Gd"
153Gd,328.0,2.86126795,"(n,n')153Gd"
153Gd,273.65,2.85304247714575,"(n,n')153Gd"
153Gd,239.87,2.8390261347,"(n,n')153Gd"
153Gd,183.49,2.7787543447666034,"(n,n')153Gd"
153Gd,316.11,2.728977731764983,"(n,n')153Gd"
153Gd,76.3,2.7154341833999998,"(n,n')153Gd"
153Gd,530.4,2.5528223272,"(n,n')153Gd"
153Gd,298.33,2.5426605,"(n,n')153Gd"
153Gd,278.58,2.494296828,"(n,n')153Gd"
153Gd,332.7,2.4828682589057496,"(n,n')153Gd"
153Gd,371.23,2.3348452324,"(n,n')153Gd"
153Gd,183.27,2.30013366835,"(n,n')153Gd"
153Gd,132.62,2.1703190300043076,"(n,n')153Gd"
153Gd,327.2,2.168067226741,"(n,n')153Gd"
153Gd,361.36,2.1182371548220797,"(n,n')153Gd"
153Gd,548.67,2.06221726421395,"(n,n')153Gd"
153Gd,39.8,1.8990457277700001,"(n,n')153Gd"
153Gd,507.12,1.8767351442595,"(n,n')153Gd"
153Gd,291.65,1.8761808652999998,"(n,n')153Gd"
153Gd,488.85,1.8473053480000001,"(n,n')153Gd"
153Gd,508.84,1.7846226648,"(n,n')153Gd"
153Gd,208.0,1.7835133157624397,"(n,n')153Gd"
153Gd,129.15,1.746965390266864,"(n,n')153Gd"
153Gd,303.57,1.71977890175784,"(n,n')153Gd"
153Gd,177.87,1.65959410274088,"(n,n')153Gd"
153Gd,421.75,1.5734042004,"(n,n')153Gd"
153Gd,206.35,1.570527101609997,"(n,n')153Gd"
153Gd,82.88,1.555140965569775,"(n,n')153Gd"
153Gd,102.27,1.5352316217715842,"(n,n')153Gd"
153Gd,170.48,1.4666549931333723,"(n,n')153Gd"
153Gd,78.07,1.4271046165999999,"(n,n')153Gd"
153Gd,248.76,1.4194455789832578,"(n,n')153Gd"
153Gd,448.45,1.3808128516430003,"(n,n')153Gd"
153Gd,420.64,1.3435555352,"(n,n')153Gd"
153Gd,300.01,1.28236149114,"(n,n')153Gd"
153Gd,192.0,1.2628527999999999,"(n,n')153Gd"
153Gd,91.54,1.2361602530653197,"(n,n')153Gd"
153Gd,406.9,1.1734649626622,"(n,n')153Gd"
153Gd,303.02,1.1275186635,"(n,n')153Gd"
153Gd,262.02,1.09782539932032,"(n,n')153Gd"
153Gd,395.51,1.0918963995000002,"(n,n')153Gd"
153Gd,285.54,1.0622805367,"(n,n')153Gd"
153Gd,301.97,1.0600692949500001,"(n,n')153Gd"
153Gd,126.2,1.0194677622300001,"(n,n')153Gd"
153Gd,186.96,1.0096245653207125,"(n,n')153Gd"
153Gd,177.85,0.9999807292000003,"(n,n')153Gd"
153Gd,258.99,0.9624812435365001,"(n,n')153Gd"
153Gd,90.16,0.9124080162843241,"(n,n')153Gd"
153Gd,400.63,0.9117163206000001,"(n,n')153Gd"
153Gd,442.18,0.8739619794000001,"(n,n')153Gd"
153Gd,86.4,0.87334278777,"(n,n')153Gd"
153Gd,229.29,0.8050390457500001,"(n,n')153Gd"
153Gd,167.39,0.8038765873,"(n,n')153Gd"
153Gd,332.42,0.7969227156,"(n,n')153Gd"
153Gd,147.48,0.7828705896000001,"(n,n')153Gd"
153Gd,152.78,0.75683598633225,"(n,n')153Gd"
153Gd,215.97,0.730142604737856,"(n,n')153Gd"
153Gd,319.3,0.7234616054531401,"(n,n')153Gd"
153Gd,241.06,0.6907217725,"(n,n')153Gd"
153Gd,151.87,0.6770271726000001,"(n,n')153Gd"
153Gd,193.81,0.67618076510556,"(n,n')153Gd"
153Gd,314.43,0.6306894208,"(n,n')153Gd"
153Gd,16.43,0.5965567206292214,"(n,n')153Gd"
153Gd,54.34,0.5965260685776133,"(n,n')153Gd"
153Gd,139.79,0.5676846894782702,"(n,n')153Gd"
153Gd,368.75,0.5037928434272251,"(n,n')153Gd"
153Gd,232.48,0.47103890182488006,"(n,n')153Gd"
153Gd,325.35,0.44112004920000003,"(n,n')153Gd"
153Gd,122.64,0.4316390062557768,"(n,n')153Gd"
153Gd,483.5,0.4252589455,"(n,n')153Gd"
153Gd,338.69,0.4229583331819401,"(n,n')153Gd"
153Gd,258.36,0.41405570353121995,"(n,n')153Gd"
153Gd,273.87,0.3934005650099999,"(n,n')153Gd"
153Gd,106.82,0.39170802519066733,"(n,n')153Gd"
153Sm,7.54,330.81886472627644,"(n,n')153Sm"
153Sm,57.94,11.309312715599999,"(n,n')153Sm"
153Sm,45.99,9.035865186683138,"(n,n')153Sm"
153Sm,194.65,6.654347056749999,"(n,n')153Sm"
153Sm,35.84,5.7673567483692265,"(n,n')153Sm"
153Sm,53.53,5.073855592022573,"(n,n')153Sm"
153Sm,261.0,4.5750554999999995,"(n,n')153Sm"
153Sm,59.42,4.132563182149999,"(n,n')153Sm"
153Sm,189.2,3.408782,"(n,n')153Sm"
153Sm,237.0,3.3537015000000006,"(n,n')153Sm"
153Sm,127.3,3.1264096741226997,"(n,n')153Sm"
153Sm,32.92,2.82119255,"(n,n')153Sm"
153Sm,28.3,2.7781414711732637,"(n,n')153Sm"
153Sm,90.87,2.709637140259049,"(n,n')153Sm"
153Sm,187.11,2.5890854432499997,"(n,n')153Sm"
153Sm,166.63,2.4946531519,"(n,n')153Sm"
153Sm,83.33,2.000466417616207,"(n,n')153Sm"
153Sm,182.9,1.7916215621999998,"(n,n')153Sm"
153Sm,55.03,1.7046985332912301,"(n,n')153Sm"
153Sm,130.42,1.65621895,"(n,n')153Sm"
153Sm,105.41,1.4724323178499998,"(n,n')153Sm"
153Sm,175.36,1.4601248448,"(n,n')153Sm"
153Sm,119.76,1.3752831774038397,"(n,n')153Sm"
153Sm,91.46,1.0657321027512598,"(n,n')153Sm"
153Sm,129.37,0.8900384501999998,"(n,n')153Sm"
153Sm,108.69,0.8831797156000001,"(n,n')153Sm"
153Sm,147.9,0.86267675,"(n,n')153Sm"
153Sm,83.3,0.6925145851000001,"(n,n')153Sm"
153Sm,55.6,0.5777828357999999,"(n,n')153Sm"
153Sm,120.64,0.45430086650000007,"(n,n')153Sm"
153Sm,147.06,0.4381474025999999,"(n,n')153Sm"
153Sm,92.03,0.33974290439999993,"(n,n')153Sm"
153Sm,37.34,0.30719527985571454,"(n,n')153Sm"
153Sm,138.33,0.1831326809,"(n,n')153Sm"
153Sm,36.43,0.050561881522199995,"(n,n')153Sm"
154Gd,123.07,1171.973980586348,"(n,n')154Gd"
154Gd,247.93,319.59226885692374,"(n,n')154Gd"
154Gd,692.42,49.949476138506405,"(n,n')154Gd"
154Gd,557.59,46.51756850090057,"(n,n')154Gd"
154Gd,1109.93,44.08056666666666,"(n,n')154Gd"
154Gd,906.0,43.045233333333336,"(n,n')154Gd"
154Gd,1128.57,41.39185214543503,"(n,n')154Gd"
154Gd,1274.46,38.508149059999994,"(n,n')154Gd"
154Gd,1135.88,34.25892513247767,"(n,n')154Gd"
154Gd,1365.0,33.988283333333335,"(n,n')154Gd"
154Gd,1004.72,33.614555440210665,"(n,n')154Gd"
154Gd,873.19,32.35544882955861,"(n,n')154Gd"
154Gd,996.26,28.771422493129926,"(n,n')154Gd"
154Gd,1241.29,27.382628300674003,"(n,n')154Gd"
154Gd,1291.36,24.78590565260333,"(n,n')154Gd"
154Gd,1059.02,22.886562075055163,"(n,n')154Gd"
154Gd,1118.22,22.268128965994002,"(n,n')154Gd"
154Gd,676.59,20.274790835103992,"(n,n')154Gd"
154Gd,346.66,20.05278373667426,"(n,n')154Gd"
154Gd,1047.16,19.13116767,"(n,n')154Gd"
154Gd,892.79,17.763992102183334,"(n,n')154Gd"
154Gd,1033.1,17.60055,"(n,n')154Gd"
154Gd,444.49,15.283048204308791,"(n,n')154Gd"
154Gd,615.14,15.111725536666667,"(n,n')154Gd"
154Gd,815.49,13.72064005887608,"(n,n')154Gd"
154Gd,1012.81,13.369220470855666,"(n,n')154Gd"
154Gd,1294.19,12.787102942931961,"(n,n')154Gd"
154Gd,1171.12,11.847085812856204,"(n,n')154Gd"
154Gd,112.1,11.21667595464859,"(n,n')154Gd"
154Gd,1172.6,10.691740016666666,"(n,n')154Gd"
154Gd,880.64,10.51923780576024,"(n,n')154Gd"
154Gd,602.67,8.9134314,"(n,n')154Gd"
154Gd,923.19,8.894596805633661,"(n,n')154Gd"
154Gd,1061.55,8.658795383333334,"(n,n')154Gd"
154Gd,756.79,8.560123328005336,"(n,n')154Gd"
154Gd,1140.72,8.1043841581,"(n,n')154Gd"
154Gd,924.52,7.393426662681992,"(n,n')154Gd"
154Gd,1414.43,6.939857329551666,"(n,n')154Gd"
154Gd,1418.16,4.58755506,"(n,n')154Gd"
154Gd,366.6,4.268827192926758,"(n,n')154Gd"
154Gd,1295.09,3.5163078,"(n,n')154Gd"
154Gd,232.1,3.2895430422015486,"(n,n')154Gd"
154Gd,299.41,3.283578158333333,"(n,n')154Gd"
154Gd,714.89,3.047935366666667,"(n,n')154Gd"
154Gd,648.24,2.662138538166667,"(n,n')154Gd"
154Gd,1251.64,2.033719309113646,"(n,n')154Gd"
154Gd,370.57,1.5741610499999998,"(n,n')154Gd"
154Gd,329.93,1.2295552271242576,"(n,n')154Gd"
154Gd,318.31,1.0785585998333334,"(n,n')154Gd"
154Gd,582.04,0.9788184200000001,"(n,n')154Gd"
154Gd,598.94,0.87398779864,"(n,n')154Gd"
154Gd,625.26,0.8495010520600862,"(n,n')154Gd"
154Gd,994.9,0.7967811953333334,"(n,n')154Gd"
154Gd,480.18,0.6508651583333332,"(n,n')154Gd"
154Gd,168.76,0.6031859166666669,"(n,n')154Gd"
154Gd,267.53,0.5381397183333333,"(n,n')154Gd"
154Gd,236.07,0.51517998,"(n,n')154Gd"
154Gd,546.13,0.50046993805,"(n,n')154Gd"
154Gd,122.36,0.48655887000000003,"(n,n')154Gd"
154Gd,421.9,0.45384903000000004,"(n,n')154Gd"
154Gd,123.97,0.43749411,"(n,n')154Gd"
154Gd,737.5,0.38434062,"(n,n')154Gd"
154Gd,290.37,0.35980824000000006,"(n,n')154Gd"
154Gd,134.83,0.35689478817866566,"(n,n')154Gd"
154Gd,560.63,0.330938192244,"(n,n')154Gd"
154Gd,166.52,0.27394491000000004,"(n,n')154Gd"
154Gd,176.87,0.25350126,"(n,n')154Gd"
154Gd,426.81,0.2358846666666667,"(n,n')154Gd"
154Gd,401.27,0.22679939000000002,"(n,n')154Gd"
154Gd,425.8,0.16045488108800002,"(n,n')154Gd"
154Gd,120.24,0.08183407273708333,"(n,n')154Gd"
154Gd,162.79,0.04910044364225,"(n,n')154Gd"
154Gd,145.89,0.04774723999999999,"(n,n')154Gd"
154Gd,131.53,0.04229309944666667,"(n,n')154Gd"
154Gd,80.2,0.038063789502,"(n,n')154Gd"
154Gd,312.3,0.038063789502,"(n,n')154Gd"
154Gd,315.6,0.018602212818834,"(n,n')154Gd"
154Gd,156.24,0.015915746666666668,"(n,n')154Gd"
154Gd,180.77,0.012401475212556003,"(n,n')154Gd"
154Gd,269.74,0.007957873333333334,"(n,n')154Gd"
154Gd,261.65,0.003978936666666667,"(n,n')154Gd"
154Sm,81.98,1188.3745101508462,"(n,n')154Sm"
154Sm,184.81,216.30111562264915,"(n,n')154Sm"
154Sm,1120.0,94.07547999999998,"(n,n')154Sm"
154Sm,839.42,66.51319768957897,"(n,n')154Sm"
154Sm,930.41,50.01417862116524,"(n,n')154Sm"
154Sm,921.4,43.226445421424124,"(n,n')154Sm"
154Sm,1017.35,42.418955000000004,"(n,n')154Sm"
154Sm,1095.83,38.611850911452755,"(n,n')154Sm"
154Sm,1393.73,38.070353706000006,"(n,n')154Sm"
154Sm,1433.21,37.9271494455,"(n,n')154Sm"
154Sm,1365.0,32.01003,"(n,n')154Sm"
154Sm,1204.38,31.7302293105,"(n,n')154Sm"
154Sm,1371.0,31.64259,"(n,n')154Sm"
154Sm,911.02,31.3084502581644,"(n,n')154Sm"
154Sm,745.6,30.021312851334745,"(n,n')154Sm"
154Sm,1440.05,28.197014266000004,"(n,n')154Sm"
154Sm,1358.07,28.0626871475,"(n,n')154Sm"
154Sm,1457.28,27.659753781,"(n,n')154Sm"
154Sm,1472.13,25.523155,"(n,n')154Sm"
154Sm,1177.81,24.709680176379752,"(n,n')154Sm"
154Sm,1104.0,23.781805,"(n,n')154Sm"
154Sm,276.94,22.658550050149998,"(n,n')154Sm"
154Sm,1295.0,18.6060935,"(n,n')154Sm"
154Sm,364.96,15.9853877505,"(n,n')154Sm"
154Sm,1019.57,15.8687592945,"(n,n')154Sm"
154Sm,280.98,15.5715491085,"(n,n')154Sm"
154Sm,913.86,15.517732808,"(n,n')154Sm"
154Sm,1070.85,13.692330555,"(n,n')154Sm"
154Sm,1120.4,11.809405891499999,"(n,n')154Sm"
154Sm,1255.66,11.425433024,"(n,n')154Sm"
154Sm,1272.47,10.788611219,"(n,n')154Sm"
154Sm,273.97,6.451011472499999,"(n,n')154Sm"
154Sm,793.91,4.799894474999999,"(n,n')154Sm"
154Sm,636.92,4.567347192000001,"(n,n')154Sm"
154Sm,1475.0,3.9057139999999997,"(n,n')154Sm"
154Sm,159.83,3.765811946,"(n,n')154Sm"
154Sm,1286.36,2.8573971719999998,"(n,n')154Sm"
154Sm,1173.26,2.1433935865000002,"(n,n')154Sm"
154Sm,337.38,2.0677355545,"(n,n')154Sm"
154Sm,554.31,1.6148400975000003,"(n,n')154Sm"
154Sm,256.41,0.5903661545031,"(n,n')154Sm"
154Sm,1431.0,0.5844266499999999,"(n,n')154Sm"
154Sm,358.91,0.40648488315000003,"(n,n')154Sm"
154Sm,1475.71,0.1874011965,"(n,n')154Sm"
154Sm,430.16,0.00283683315,"(n,n')154Sm"
155Gd,60.01,403.4289734106539,"(n,n')155Gd"
155Gd,86.06,175.50939485186134,"(n,n')155Gd"
155Gd,86.55,76.59282651439013,"(n,n')155Gd"
155Gd,105.64,34.013346575729315,"(n,n')155Gd"
155Gd,21.03,32.9474459216574,"(n,n')155Gd"
155Gd,146.07,23.797208432105656,"(n,n')155Gd"
155Gd,10.42,19.296650345398536,"(n,n')155Gd"
155Gd,191.7,16.609285625088237,"(n,n')155Gd"
155Gd,105.31,16.181040536545968,"(n,n')155Gd"
155Gd,18.76,11.141753771781158,"(n,n')155Gd"
155Gd,163.31,5.948832438182687,"(n,n')155Gd"
155Gd,31.45,5.669827199243381,"(n,n')155Gd"
155Gd,13.47,4.763257374999999,"(n,n')155Gd"
155Gd,180.1,4.665088109677815,"(n,n')155Gd"
155Gd,480.0,4.615069999999999,"(n,n')155Gd"
155Gd,435.37,4.3662318325000005,"(n,n')155Gd"
155Gd,220.78,4.244584116580145,"(n,n')155Gd"
155Gd,234.27,4.215345,"(n,n')155Gd"
155Gd,463.46,4.014334578,"(n,n')155Gd"
155Gd,559.37,3.2836151115000005,"(n,n')155Gd"
155Gd,216.07,3.196985732307787,"(n,n')155Gd"
155Gd,367.93,3.1190369301245,"(n,n')155Gd"
155Gd,554.85,2.9412416775000003,"(n,n')155Gd"
155Gd,262.32,2.90189373801711,"(n,n')155Gd"
155Gd,614.86,2.70939993375,"(n,n')155Gd"
155Gd,306.98,2.6071105511808,"(n,n')155Gd"
155Gd,181.69,2.519848820290467,"(n,n')155Gd"
155Gd,232.44,2.4968126185476622,"(n,n')155Gd"
155Gd,242.86,2.0094158152988415,"(n,n')155Gd"
155Gd,305.41,1.9988116303954173,"(n,n')155Gd"
155Gd,450.56,1.9924816705735047,"(n,n')155Gd"
155Gd,148.65,1.9872428875084887,"(n,n')155Gd"
155Gd,160.59,1.9809784253736191,"(n,n')155Gd"
155Gd,287.0,1.9519089315838285,"(n,n')155Gd"
155Gd,336.48,1.9374501435362501,"(n,n')155Gd"
155Gd,336.86,1.9209412375535915,"(n,n')155Gd"
155Gd,161.34,1.892035329511292,"(n,n')155Gd"
155Gd,364.01,1.8488473052834278,"(n,n')155Gd"
155Gd,161.75,1.8205543296875,"(n,n')155Gd"
155Gd,390.55,1.8191707835292796,"(n,n')155Gd"
155Gd,61.48,1.80277791203475,"(n,n')155Gd"
155Gd,367.23,1.7636905543658081,"(n,n')155Gd"
155Gd,57.99,1.7527835262505458,"(n,n')155Gd"
155Gd,26.54,1.6509435483232524,"(n,n')155Gd"
155Gd,239.54,1.6365423526504528,"(n,n')155Gd"
155Gd,208.09,1.6210961401941604,"(n,n')155Gd"
155Gd,505.59,1.5716716854975001,"(n,n')155Gd"
155Gd,340.69,1.5508828456468176,"(n,n')155Gd"
155Gd,140.61,1.5029190825447498,"(n,n')155Gd"
155Gd,532.13,1.456113556455,"(n,n')155Gd"
155Gd,451.37,1.4415303787499998,"(n,n')155Gd"
155Gd,141.82,1.4302898162728002,"(n,n')155Gd"
155Gd,247.46,1.3746818035244,"(n,n')155Gd"
155Gd,175.31,1.3660050380215596,"(n,n')155Gd"
155Gd,246.25,1.3657945699552498,"(n,n')155Gd"
155Gd,106.77,1.3635490131,"(n,n')155Gd"
155Gd,200.45,1.3559479412683177,"(n,n')155Gd"
155Gd,112.13,1.2699072998059002,"(n,n')155Gd"
155Gd,454.48,1.2441916438525,"(n,n')155Gd"
155Gd,122.55,1.2152341870941001,"(n,n')155Gd"
155Gd,45.3,1.1680181687833056,"(n,n')155Gd"
155Gd,370.72,1.1202757577515001,"(n,n')155Gd"
155Gd,101.15,1.0759856430318075,"(n,n')155Gd"
155Gd,359.13,1.0354173795,"(n,n')155Gd"
155Gd,346.06,1.02276563125,"(n,n')155Gd"
155Gd,261.37,1.0196834567207627,"(n,n')155Gd"
155Gd,226.99,1.0067093334114072,"(n,n')155Gd"
155Gd,183.6,0.9985492359999998,"(n,n')155Gd"
155Gd,282.42,0.9951438475000001,"(n,n')155Gd"
155Gd,284.75,0.9918863184999998,"(n,n')155Gd"
155Gd,220.1,0.9472402624090001,"(n,n')155Gd"
155Gd,581.46,0.8059568460000001,"(n,n')155Gd"
155Gd,333.52,0.7992035320583999,"(n,n')155Gd"
155Gd,592.14,0.792989922765,"(n,n')155Gd"
155Gd,187.43,0.7813381254999998,"(n,n')155Gd"
155Gd,234.83,0.7712514872651586,"(n,n')155Gd"
155Gd,486.83,0.7705796277787501,"(n,n')155Gd"
155Gd,466.82,0.7023413825000001,"(n,n')155Gd"
155Gd,203.38,0.6785529911996347,"(n,n')155Gd"
155Gd,363.4,0.6651575951198504,"(n,n')155Gd"
155Gd,268.62,0.6438790462681825,"(n,n')155Gd"
155Gd,59.61,0.6429032884457919,"(n,n')155Gd"
155Gd,344.19,0.6347539404999999,"(n,n')155Gd"
155Gd,187.93,0.5330129939999999,"(n,n')155Gd"
155Gd,164.37,0.5081058262499999,"(n,n')155Gd"
155Gd,323.52,0.47062234270387493,"(n,n')155Gd"
155Gd,315.83,0.4603222628324746,"(n,n')155Gd"
155Gd,181.3,0.4378868296874999,"(n,n')155Gd"
155Gd,402.17,0.41005385164730007,"(n,n')155Gd"
155Gd,321.38,0.38340097972700676,"(n,n')155Gd"
155Gd,493.36,0.36983471,"(n,n')155Gd"
155Gd,156.76,0.35790476365886703,"(n,n')155Gd"
155Gd,138.28,0.35534529311715,"(n,n')155Gd"
155Gd,476.15,0.345042228,"(n,n')155Gd"
155Gd,245.13,0.341951407993617,"(n,n')155Gd"
155Gd,367.63,0.32881550371265034,"(n,n')155Gd"
155Gd,263.89,0.309458287777029,"(n,n')155Gd"
155Gd,301.66,0.30436707500000004,"(n,n')155Gd"
155Gd,223.47,0.2813339869,"(n,n')155Gd"
155Gd,446.07,0.24881500732125,"(n,n')155Gd"
156Dy,137.83,853.0685457982906,"(n,n')156Dy"
156Dy,266.35,195.3965611853679,"(n,n')156Dy"
156Dy,690.88,68.2418709,"(n,n')156Dy"
156Dy,884.5,48.715021625,"(n,n')156Dy"
156Dy,890.79,42.99887586138037,"(n,n')156Dy"
156Dy,684.33,40.57544568,"(n,n')156Dy"
156Dy,752.96,25.487924927752744,"(n,n')156Dy"
156Dy,538.06,22.589019999999998,"(n,n')156Dy"
156Dy,764.49,21.953389876425003,"(n,n')156Dy"
156Dy,1030.84,19.431387880170004,"(n,n')156Dy"
156Dy,366.4,15.45515404,"(n,n')156Dy"
156Dy,618.15,9.452168375,"(n,n')156Dy"
156Dy,445.11,7.459446999999999,"(n,n')156Dy"
156Dy,424.53,6.0956791,"(n,n')156Dy"
156Dy,950.68,5.194259280000001,"(n,n')156Dy"
156Dy,277.88,2.943074903076001,"(n,n')156Dy"
156Dy,486.61,2.609224113942889,"(n,n')156Dy"
156Dy,317.93,1.27974504,"(n,n')156Dy"
156Gd,88.97,1373.3197256682913,"(n,n')156Gd"
156Gd,199.21,463.2333422137643,"(n,n')156Gd"
156Gd,1230.77,63.741334875,"(n,n')156Gd"
156Gd,296.53,48.12363949201774,"(n,n')156Gd"
156Gd,1187.13,48.03432144,"(n,n')156Gd"
156Gd,1158.99,46.98881335314251,"(n,n')156Gd"
156Gd,1040.44,46.366748981776546,"(n,n')156Gd"
156Gd,1065.14,40.94062361657192,"(n,n')156Gd"
156Gd,1154.11,39.37700451823854,"(n,n')156Gd"
156Gd,960.53,36.194435739999996,"(n,n')156Gd"
156Gd,969.87,33.66847896074001,"(n,n')156Gd"
156Gd,1277.52,33.62581418455,"(n,n')156Gd"
156Gd,1153.52,33.55221832,"(n,n')156Gd"
156Gd,1180.35,33.276575,"(n,n')156Gd"
156Gd,1476.3,33.065225,"(n,n')156Gd"
156Gd,1242.49,32.57317094,"(n,n')156Gd"
156Gd,1250.66,24.5240877,"(n,n')156Gd"
156Gd,1169.08,23.906808480100004,"(n,n')156Gd"
156Gd,1449.87,23.0493123,"(n,n')156Gd"
156Gd,1079.25,23.0152,"(n,n')156Gd"
156Gd,1067.19,21.422687690219885,"(n,n')156Gd"
156Gd,987.92,21.13952856,"(n,n')156Gd"
156Gd,1174.08,20.9779196,"(n,n')156Gd"
156Gd,841.23,18.729961236651317,"(n,n')156Gd"
156Gd,1366.49,18.323442992925006,"(n,n')156Gd"
156Gd,1208.82,17.574782118868637,"(n,n')156Gd"
156Gd,1119.92,17.1326094625,"(n,n')156Gd"
156Gd,1009.61,16.768298138746136,"(n,n')156Gd"
156Gd,1222.36,13.770505157850002,"(n,n')156Gd"
156Gd,959.78,12.74779146905748,"(n,n')156Gd"
156Gd,1129.41,12.556528739496345,"(n,n')156Gd"
156Gd,1218.63,11.76228176,"(n,n')156Gd"
156Gd,1258.05,8.740408759160003,"(n,n')156Gd"
156Gd,1266.4,8.157586213967472,"(n,n')156Gd"
156Gd,877.55,7.976248299999999,"(n,n')156Gd"
156Gd,770.66,6.443049288465457,"(n,n')156Gd"
156Gd,1421.57,5.77838708055,"(n,n')156Gd"
156Gd,356.43,5.55123322985,"(n,n')156Gd"
156Gd,823.39,5.0570155375,"(n,n')156Gd"
156Gd,1252.05,4.3964818625,"(n,n')156Gd"
156Gd,922.1,4.06417704,"(n,n')156Gd"
156Gd,1373.29,2.93149675,"(n,n')156Gd"
156Gd,262.58,2.5973386222,"(n,n')156Gd"
156Gd,713.08,1.8720646235422782,"(n,n')156Gd"
156Gd,925.83,1.73668208826,"(n,n')156Gd"
156Gd,865.93,1.5472461234817223,"(n,n')156Gd"
156Gd,155.17,1.0297142210949999,"(n,n')156Gd"
156Gd,955.52,0.6286431374999999,"(n,n')156Gd"
156Gd,380.38,0.4952094767500001,"(n,n')156Gd"
156Gd,168.38,0.27734290719144866,"(n,n')156Gd"
156Gd,381.13,0.2551231868465,"(n,n')156Gd"
156Gd,204.21,0.20617120000000003,"(n,n')156Gd"
156Gd,258.85,0.16794119999999998,"(n,n')156Gd"
156Gd,190.33,0.14054012500000002,"(n,n')156Gd"
156Gd,332.85,0.074092775,"(n,n')156Gd"
156Gd,201.26,0.07219102844219,"(n,n')156Gd"
156Gd,164.47,0.048321375,"(n,n')156Gd"
156Gd,192.99,0.026460740000000003,"(n,n')156Gd"
156Gd,237.08,0.025989963886250002,"(n,n')156Gd"
156Gd,212.75,0.021516413348499998,"(n,n')156Gd"
156Gd,450.94,0.00118022675,"(n,n')156Gd"
157Eu,76.71,392.7830143559519,"(n,n')157Eu"
157Eu,177.0,212.68333333333334,"(n,n')157Eu"
157Eu,197.86,166.58581692671626,"(n,n')157Eu"
157Eu,296.0,85.18065,"(n,n')157Eu"
157Eu,196.47,65.33749354205193,"(n,n')157Eu"
157Eu,394.33,46.28461372880714,"(n,n')157Eu"
157Eu,59.17,41.469254343207,"(n,n')157Eu"
157Eu,539.0,32.51536666666667,"(n,n')157Eu"
157Eu,263.23,29.561091192234716,"(n,n')157Eu"
157Eu,645.0,28.933383333333328,"(n,n')157Eu"
157Eu,1322.0,28.448849999999997,"(n,n')157Eu"
157Eu,1145.0,27.902983333333335,"(n,n')157Eu"
157Eu,350.0,26.780933333333333,"(n,n')157Eu"
157Eu,1404.0,26.277983333333335,"(n,n')157Eu"
157Eu,1073.0,25.85736666666667,"(n,n')157Eu"
157Eu,1300.0,23.3967,"(n,n')157Eu"
157Eu,988.38,22.648843415,"(n,n')157Eu"
157Eu,1562.0,22.118166666666664,"(n,n')157Eu"
157Eu,1098.0,21.410716666666666,"(n,n')157Eu"
157Eu,1603.0,20.523566666666667,"(n,n')157Eu"
157Eu,457.0,19.881833333333333,"(n,n')157Eu"
157Eu,1163.06,19.565005830000004,"(n,n')157Eu"
157Eu,1369.0,19.086416666666665,"(n,n')157Eu"
157Eu,186.52,18.286987856555328,"(n,n')157Eu"
157Eu,1377.32,18.15382242,"(n,n')157Eu"
157Eu,1463.12,16.452738016666665,"(n,n')157Eu"
157Eu,1247.0,16.23101666666667,"(n,n')157Eu"
157Eu,121.15,15.854022002991616,"(n,n')157Eu"
157Eu,823.41,15.717948995000002,"(n,n')157Eu"
157Eu,1635.0,15.689583333333333,"(n,n')157Eu"
157Eu,1185.08,15.271865440000003,"(n,n')157Eu"
157Eu,716.31,14.705202714479999,"(n,n')157Eu"
157Eu,1155.24,12.540381839999998,"(n,n')157Eu"
157Eu,584.0,12.2058,"(n,n')157Eu"
157Eu,276.09,11.88775105833333,"(n,n')157Eu"
157Eu,1057.0,11.63125,"(n,n')157Eu"
157Eu,65.37,11.58314570439595,"(n,n')157Eu"
157Eu,577.66,11.32867426,"(n,n')157Eu"
157Eu,988.61,11.186667893333336,"(n,n')157Eu"
157Eu,1220.61,11.156484826666665,"(n,n')157Eu"
157Eu,518.49,10.474009073333333,"(n,n')157Eu"
157Eu,472.56,8.382196666666665,"(n,n')157Eu"
157Eu,1300.61,8.351977580000002,"(n,n')157Eu"
157Eu,966.59,7.068544170000002,"(n,n')157Eu"
157Eu,724.0,6.026058333333334,"(n,n')157Eu"
157Eu,518.45,5.9971812582599995,"(n,n')157Eu"
157Eu,758.04,5.935101005,"(n,n')157Eu"
157Eu,453.08,5.714146964519999,"(n,n')157Eu"
157Eu,1386.41,5.676028649999999,"(n,n')157Eu"
157Eu,670.42,5.511294308333333,"(n,n')157Eu"
157Eu,317.62,5.051988339947942,"(n,n')157Eu"
157Eu,321.98,5.0348659175999995,"(n,n')157Eu"
157Eu,190.27,4.560494943666,"(n,n')157Eu"
157Eu,594.05,4.549087968333334,"(n,n')157Eu"
157Eu,216.92,4.155174633333333,"(n,n')157Eu"
157Eu,534.88,2.9884519500000004,"(n,n')157Eu"
157Eu,453.5,1.61130977667,"(n,n')157Eu"
157Eu,376.79,1.1865099264569998,"(n,n')157Eu"
157Gd,54.53,509.9908588699541,"(n,n')157Gd"
157Gd,76.92,206.31854096958702,"(n,n')157Gd"
157Gd,9.39,61.282575223500984,"(n,n')157Gd"
157Gd,51.8,59.861243408674795,"(n,n')157Gd"
157Gd,63.92,53.500296519336594,"(n,n')157Gd"
157Gd,95.86,44.25248821843418,"(n,n')157Gd"
157Gd,131.45,22.112084550327747,"(n,n')157Gd"
157Gd,64.51,17.701309469246276,"(n,n')157Gd"
157Gd,172.78,16.751769044364522,"(n,n')157Gd"
157Gd,786.0,10.63485,"(n,n')157Gd"
157Gd,794.0,10.6171075,"(n,n')157Gd"
157Gd,315.0,10.337620000000003,"(n,n')157Gd"
157Gd,370.51,9.801174449752928,"(n,n')157Gd"
157Gd,793.4,9.5491325,"(n,n')157Gd"
157Gd,410.71,9.533709880051944,"(n,n')157Gd"
157Gd,566.0,8.16789,"(n,n')157Gd"
157Gd,665.0,7.998155,"(n,n')157Gd"
157Gd,692.47,7.29498949025,"(n,n')157Gd"
157Gd,762.66,7.0249415775,"(n,n')157Gd"
157Gd,618.0,6.9528324999999995,"(n,n')157Gd"
157Gd,409.13,6.875120075926913,"(n,n')157Gd"
157Gd,619.31,6.671903968750001,"(n,n')157Gd"
157Gd,607.18,6.274610549000001,"(n,n')157Gd"
157Gd,372.0,6.207785,"(n,n')157Gd"
157Gd,687.51,6.056589820749999,"(n,n')157Gd"
157Gd,513.0,5.8915625,"(n,n')157Gd"
157Gd,696.0,5.730834999999999,"(n,n')157Gd"
157Gd,739.0,5.5351075000000005,"(n,n')157Gd"
157Gd,685.0,4.7524500000000005,"(n,n')157Gd"
157Gd,398.95,4.2666163538436,"(n,n')157Gd"
157Gd,570.95,4.178108218049999,"(n,n')157Gd"
157Gd,427.36,4.051815015846228,"(n,n')157Gd"
157Gd,702.1,3.9366922140000002,"(n,n')157Gd"
157Gd,450.75,3.9177108108891003,"(n,n')157Gd"
157Gd,276.0,3.8680625,"(n,n')157Gd"
157Gd,729.02,3.825829251531,"(n,n')157Gd"
157Gd,119.94,3.5404035163213585,"(n,n')157Gd"
157Gd,655.7,3.3362249999999998,"(n,n')157Gd"
157Gd,655.6,2.9782064190000006,"(n,n')157Gd"
157Gd,613.3,2.964582832701,"(n,n')157Gd"
157Gd,674.49,2.874785415768,"(n,n')157Gd"
157Gd,245.77,2.7517156150000006,"(n,n')157Gd"
157Gd,334.44,2.6561126730314,"(n,n')157Gd"
157Gd,318.71,2.5886455169534766,"(n,n')157Gd"
157Gd,622.75,2.5815556342350003,"(n,n')157Gd"
157Gd,591.09,2.540392471,"(n,n')157Gd"
157Gd,215.8,2.4878674122013016,"(n,n')157Gd"
157Gd,460.93,2.4617471597861798,"(n,n')157Gd"
157Gd,491.87,2.2838767493453656,"(n,n')157Gd"
157Gd,360.0,1.86641,"(n,n')157Gd"
157Gd,288.03,1.8441192,"(n,n')157Gd"
157Gd,198.69,1.6545543850000002,"(n,n')157Gd"
157Gd,668.37,1.6219544510000004,"(n,n')157Gd"
157Gd,251.56,1.3899930714773399,"(n,n')157Gd"
157Gd,474.63,1.3290530564846514,"(n,n')157Gd"
157Gd,116.31,1.1921791306536877,"(n,n')157Gd"
157Gd,232.33,1.152093943,"(n,n')157Gd"
157Gd,267.67,1.1003959330000002,"(n,n')157Gd"
157Gd,131.62,0.9987216071226601,"(n,n')157Gd"
157Gd,543.67,0.9953409872939315,"(n,n')157Gd"
157Gd,553.06,0.8618091345144735,"(n,n')157Gd"
157Gd,524.85,0.7481780583663881,"(n,n')157Gd"
157Gd,707.4,0.7432121390000002,"(n,n')157Gd"
157Gd,751.43,0.7201074285,"(n,n')157Gd"
157Gd,638.18,0.6881768530000001,"(n,n')157Gd"
157Gd,544.01,0.6199812900000001,"(n,n')157Gd"
157Gd,222.15,0.597239335,"(n,n')157Gd"
157Gd,272.37,0.58856973175,"(n,n')157Gd"
157Gd,293.31,0.5044868214,"(n,n')157Gd"
157Gd,420.1,0.49062097232449,"(n,n')157Gd"
157Gd,470.32,0.4903747684600814,"(n,n')157Gd"
157Gd,328.23,0.44950405499999996,"(n,n')157Gd"
157Gd,716.79,0.4424064020000001,"(n,n')157Gd"
157Gd,683.23,0.4285951445,"(n,n')157Gd"
157Gd,696.9,0.36632916025,"(n,n')157Gd"
157Gd,208.6,0.3393708765,"(n,n')157Gd"
157Gd,161.82,0.3377911594705,"(n,n')157Gd"
157Gd,434.43,0.3216274862613223,"(n,n')157Gd"
157Gd,393.4,0.306072842058977,"(n,n')157Gd"
157Gd,237.81,0.28622266749999997,"(n,n')157Gd"
157Gd,567.51,0.2724526755,"(n,n')157Gd"
157Gd,161.69,0.2528871786,"(n,n')157Gd"
157Gd,379.9,0.24480148751873926,"(n,n')157Gd"
157Gd,383.22,0.23592660523589998,"(n,n')157Gd"
157Gd,635.71,0.235329225,"(n,n')157Gd"
157Gd,276.8,0.23454479425,"(n,n')157Gd"
157Gd,226.58,0.23140707124999998,"(n,n')157Gd"
157Gd,506.44,0.21866296765037502,"(n,n')157Gd"
157Gd,212.04,0.18966463046925,"(n,n')157Gd"
157Gd,163.73,0.18599438700000004,"(n,n')157Gd"
157Gd,628.7,0.184821698,"(n,n')157Gd"
157Gd,358.91,0.16354032410816335,"(n,n')157Gd"
157Gd,246.47,0.14389689200000003,"(n,n')157Gd"
157Gd,632.14,0.12383065241574999,"(n,n')157Gd"
157Gd,252.24,0.11756073108187501,"(n,n')157Gd"
157Gd,555.22,0.090913663389,"(n,n')157Gd"
157Gd,344.62,0.08885985737196105,"(n,n')157Gd"
157Gd,158.38,0.06930813675,"(n,n')157Gd"
157Gd,302.98,0.06510677859540938,"(n,n')157Gd"
158Dy,98.92,1149.4903249122588,"(n,n')158Dy"
158Dy,218.22,272.5989010987022,"(n,n')158Dy"
158Dy,891.61,77.734068932,"(n,n')158Dy"
158Dy,847.4,64.45881956786458,"(n,n')158Dy"
158Dy,1362.0,58.09589,"(n,n')158Dy"
158Dy,945.68,52.89793384252537,"(n,n')158Dy"
158Dy,320.57,41.78201046619803,"(n,n')158Dy"
158Dy,95.05,39.993788932,"(n,n')158Dy"
158Dy,1402.2,37.1172,"(n,n')158Dy"
158Dy,946.32,34.13351048634122,"(n,n')158Dy"
158Dy,1272.81,33.6357931,"(n,n')158Dy"
158Dy,1414.62,31.140779898000005,"(n,n')158Dy"
158Dy,1298.25,30.565959216999996,"(n,n')158Dy"
158Dy,1441.75,29.40257302,"(n,n')158Dy"
158Dy,1342.83,24.996266980000005,"(n,n')158Dy"
158Dy,846.61,24.29475131578044,"(n,n')158Dy"
158Dy,425.41,23.3547069,"(n,n')158Dy"
158Dy,1269.0,20.644029999999997,"(n,n')158Dy"
158Dy,1181.08,20.565039383,"(n,n')158Dy"
158Dy,839.29,18.908969999999997,"(n,n')158Dy"
158Dy,1201.31,16.929829440000002,"(n,n')158Dy"
158Dy,997.64,14.853345274086003,"(n,n')158Dy"
158Dy,1196.4,13.087000102000001,"(n,n')158Dy"
158Dy,986.66,11.624900656,"(n,n')158Dy"
158Dy,768.44,11.145447266000001,"(n,n')158Dy"
158Dy,1085.58,10.997923146000002,"(n,n')158Dy"
158Dy,727.46,10.022766412267964,"(n,n')158Dy"
158Dy,1080.03,9.478530782999998,"(n,n')158Dy"
158Dy,1064.83,9.12166223716665,"(n,n')158Dy"
158Dy,962.86,6.870229583,"(n,n')158Dy"
158Dy,473.85,6.293530560000001,"(n,n')158Dy"
158Dy,1210.93,5.416594068,"(n,n')158Dy"
158Dy,642.29,5.171421034,"(n,n')158Dy"
158Dy,1486.35,4.792012000000001,"(n,n')158Dy"
158Dy,213.29,3.71758691,"(n,n')158Dy"
158Dy,677.07,3.4312723836270003,"(n,n')158Dy"
158Dy,119.15,1.8841699818278632,"(n,n')158Dy"
158Dy,890.36,1.625839022,"(n,n')158Dy"
158Dy,629.18,1.6234963883697235,"(n,n')158Dy"
158Dy,151.03,1.2253099967460004,"(n,n')158Dy"
158Dy,98.28,1.0816395425755336,"(n,n')158Dy"
158Dy,270.18,0.7097092555410002,"(n,n')158Dy"
158Dy,526.04,0.31699646197103937,"(n,n')158Dy"
158Dy,406.18,0.2619715646,"(n,n')158Dy"
158Dy,476.21,0.0006690646,"(n,n')158Dy"
158Gd,79.51,1452.4088275929564,"(n,n')158Gd"
158Gd,181.93,506.0430981154526,"(n,n')158Gd"
158Gd,944.14,84.7288542925868,"(n,n')158Gd"
158Gd,962.08,60.63923070490297,"(n,n')158Gd"
158Gd,1440.0,59.299625000000006,"(n,n')158Gd"
158Gd,1414.0,58.3827,"(n,n')158Gd"
158Gd,1185.97,50.658638572872235,"(n,n')158Gd"
158Gd,277.54,48.761221687147994,"(n,n')158Gd"
158Gd,1107.59,46.40627569561095,"(n,n')158Gd"
158Gd,897.48,45.1350153759324,"(n,n')158Gd"
158Gd,977.09,44.713419942981126,"(n,n')158Gd"
158Gd,1183.95,37.981300634714664,"(n,n')158Gd"
158Gd,1116.59,37.693470317499994,"(n,n')158Gd"
158Gd,1187.1,36.875814141287364,"(n,n')158Gd"
158Gd,998.37,36.45080852946843,"(n,n')158Gd"
158Gd,897.58,33.993532957883374,"(n,n')158Gd"
158Gd,1323.35,32.926549025151694,"(n,n')158Gd"
158Gd,1119.13,32.23158294639983,"(n,n')158Gd"
158Gd,1096.98,29.6091468545056,"(n,n')158Gd"
158Gd,780.15,28.64114430231577,"(n,n')158Gd"
158Gd,1141.42,27.99366418045767,"(n,n')158Gd"
158Gd,1437.89,27.9343573003925,"(n,n')158Gd"
158Gd,1259.81,26.215408382592074,"(n,n')158Gd"
158Gd,1263.46,25.82064902884096,"(n,n')158Gd"
158Gd,1517.4,23.6176409030925,"(n,n')158Gd"
158Gd,914.99,22.809512969248,"(n,n')158Gd"
158Gd,1372.79,21.7853194475,"(n,n')158Gd"
158Gd,1327.13,20.62643994,"(n,n')158Gd"
158Gd,1219.93,14.8387798953225,"(n,n')158Gd"
158Gd,1180.3,14.586879312602028,"(n,n')158Gd"
158Gd,1237.6,14.264903889999998,"(n,n')158Gd"
158Gd,1004.04,13.143173231752746,"(n,n')158Gd"
158Gd,1278.91,9.616981756644513,"(n,n')158Gd"
158Gd,1255.96,9.3671319678425,"(n,n')158Gd"
158Gd,1301.06,6.6016495191421365,"(n,n')158Gd"
158Gd,637.45,6.099512030848,"(n,n')158Gd"
158Gd,867.66,5.892726495,"(n,n')158Gd"
158Gd,832.91,5.719961312999998,"(n,n')158Gd"
158Gd,1145.2,5.573995635,"(n,n')158Gd"
158Gd,365.05,4.139706765000001,"(n,n')158Gd"
158Gd,960.06,3.7102839799999994,"(n,n')158Gd"
158Gd,942.39,3.2684939208,"(n,n')158Gd"
158Gd,218.22,2.597775697806091,"(n,n')158Gd"
158Gd,135.27,2.5131284611372,"(n,n')158Gd"
158Gd,212.97,2.437631262,"(n,n')158Gd"
158Gd,282.72,1.8848207158249999,"(n,n')158Gd"
158Gd,475.81,1.5611890895782499,"(n,n')158Gd"
158Gd,230.21,1.4001391350000003,"(n,n')158Gd"
158Gd,1391.0,1.23936,"(n,n')158Gd"
158Gd,253.94,0.9572721400045,"(n,n')158Gd"
158Gd,925.66,0.9092662336015538,"(n,n')158Gd"
158Gd,475.21,0.6425605925000001,"(n,n')158Gd"
158Gd,365.42,0.6396189475,"(n,n')158Gd"
158Gd,117.33,0.5884868949304001,"(n,n')158Gd"
158Gd,188.84,0.43904495999999993,"(n,n')158Gd"
158Gd,493.75,0.28910905497337497,"(n,n')158Gd"
158Gd,195.46,0.23067742499999994,"(n,n')158Gd"
158Gd,236.16,0.21306668961499997,"(n,n')158Gd"
158Gd,146.83,0.19351516500000002,"(n,n')158Gd"
158Gd,114.54,0.16704078731795,"(n,n')158Gd"
158Gd,540.31,0.160616141651875,"(n,n')158Gd"
158Gd,251.92,0.14134220465365,"(n,n')158Gd"
158Gd,215.89,0.130372524971325,"(n,n')158Gd"
158Gd,100.8,0.09732033554197499,"(n,n')158Gd"
158Gd,118.47,0.08851213,"(n,n')158Gd"
158Gd,247.72,0.06829947,"(n,n')158Gd"
158Gd,171.32,0.058927584293164914,"(n,n')158Gd"
158Gd,139.4,0.042682563551122564,"(n,n')158Gd"
158Gd,219.01,0.0339546825,"(n,n')158Gd"
158Gd,219.54,0.030355320000000005,"(n,n')158Gd"
158Gd,134.84,0.026041559904000002,"(n,n')158Gd"
158Gd,122.95,0.02570725844505,"(n,n')158Gd"
158Gd,330.3,0.025698582664299998,"(n,n')158Gd"
158Gd,158.98,0.019273936998225,"(n,n')158Gd"
158Gd,141.16,0.018972075,"(n,n')158Gd"
158Gd,143.05,0.012195018157463591,"(n,n')158Gd"
158Gd,446.1,0.0015066975000000002,"(n,n')158Gd"
160Dy,86.79,1257.5622284748085,"(n,n')160Dy"
160Dy,197.03,334.1226716356801,"(n,n')160Dy"
160Dy,962.32,68.14950347622818,"(n,n')160Dy"
160Dy,879.38,64.49426519688635,"(n,n')160Dy"
160Dy,966.17,53.74920507605595,"(n,n')160Dy"
160Dy,1285.59,41.00914,"(n,n')160Dy"
160Dy,297.36,40.608465474234,"(n,n')160Dy"
160Dy,1193.01,40.565144626,"(n,n')160Dy"
160Dy,1271.88,35.615641339096,"(n,n')160Dy"
160Dy,1431.97,33.57748345700001,"(n,n')160Dy"
160Dy,1199.9,29.5473134,"(n,n')160Dy"
160Dy,298.58,29.12096879014821,"(n,n')160Dy"
160Dy,871.99,27.015420287733075,"(n,n')160Dy"
160Dy,1262.83,26.368089670999996,"(n,n')160Dy"
160Dy,1312.15,25.282336800000003,"(n,n')160Dy"
160Dy,1349.62,24.516103515999994,"(n,n')160Dy"
160Dy,1402.56,21.563305348999993,"(n,n')160Dy"
160Dy,1356.91,19.18917,"(n,n')160Dy"
160Dy,1065.8,19.002076812999995,"(n,n')160Dy"
160Dy,941.22,17.58566316,"(n,n')160Dy"
160Dy,1177.96,16.30334162045048,"(n,n')160Dy"
160Dy,1004.85,15.207927939487996,"(n,n')160Dy"
160Dy,1102.62,14.968630581971999,"(n,n')160Dy"
160Dy,765.29,14.888760781391143,"(n,n')160Dy"
160Dy,1489.35,14.879664650999995,"(n,n')160Dy"
160Dy,1115.12,13.834551600000001,"(n,n')160Dy"
160Dy,1124.98,12.960719999999998,"(n,n')160Dy"
160Dy,1002.87,12.890281184000001,"(n,n')160Dy"
160Dy,1069.02,12.359919003526324,"(n,n')160Dy"
160Dy,1234.94,10.750851524000002,"(n,n')160Dy"
160Dy,1251.34,10.5721616,"(n,n')160Dy"
160Dy,337.33,8.831936439642,"(n,n')160Dy"
160Dy,486.05,8.476482559999999,"(n,n')160Dy"
160Dy,1518.76,6.711170393000001,"(n,n')160Dy"
160Dy,556.23,6.55658744,"(n,n')160Dy"
160Dy,392.5,6.4621900896560005,"(n,n')160Dy"
160Dy,215.64,4.585939958881317,"(n,n')160Dy"
160Dy,1435.61,4.564349400000001,"(n,n')160Dy"
160Dy,309.56,4.192589161768001,"(n,n')160Dy"
160Dy,857.16,3.8494112104,"(n,n')160Dy"
160Dy,707.49,3.6634798191839995,"(n,n')160Dy"
160Dy,238.96,3.039224626,"(n,n')160Dy"
160Dy,230.63,2.1473213046593997,"(n,n')160Dy"
160Dy,246.49,2.1284972800000004,"(n,n')160Dy"
160Dy,379.35,1.4299376000000001,"(n,n')160Dy"
160Dy,682.35,1.2788892468619049,"(n,n')160Dy"
160Dy,93.92,1.2107703694799998,"(n,n')160Dy"
160Dy,1154.52,1.1911346029999998,"(n,n')160Dy"
160Dy,176.49,0.83452096,"(n,n')160Dy"
160Dy,239.56,0.6359395213279999,"(n,n')160Dy"
160Dy,385.67,0.34566128465,"(n,n')160Dy"
160Dy,282.53,0.20674318659999996,"(n,n')160Dy"
160Dy,432.77,0.2054832,"(n,n')160Dy"
160Dy,1299.65,0.14089349994119998,"(n,n')160Dy"
160Dy,349.83,0.1264512,"(n,n')160Dy"
160Dy,237.58,0.07652541600000001,"(n,n')160Dy"
160Dy,243.13,0.06717719999999999,"(n,n')160Dy"
160Dy,461.87,0.00054658465,"(n,n')160Dy"
160Gd,75.26,1179.08659695778,"(n,n')160Gd"
160Gd,173.26,388.65948881326943,"(n,n')160Gd"
160Gd,913.0,63.5459,"(n,n')160Gd"
160Gd,1016.0,60.16375,"(n,n')160Gd"
160Gd,1301.8,53.880484105,"(n,n')160Gd"
160Gd,266.23,50.57263770991852,"(n,n')160Gd"
160Gd,982.28,42.722505865615496,"(n,n')160Gd"
160Gd,913.14,39.87293863892873,"(n,n')160Gd"
160Gd,946.0,36.927249999999994,"(n,n')160Gd"
160Gd,1149.02,35.1444509452995,"(n,n')160Gd"
160Gd,1214.84,34.27523228453226,"(n,n')160Gd"
160Gd,821.9,33.82335833634371,"(n,n')160Gd"
160Gd,1187.47,31.194585059999998,"(n,n')160Gd"
160Gd,1388.64,31.0452871125,"(n,n')160Gd"
160Gd,988.4,30.574279258879624,"(n,n')160Gd"
160Gd,1250.47,29.530975000000005,"(n,n')160Gd"
160Gd,1385.04,26.5958383725,"(n,n')160Gd"
160Gd,899.26,26.590029467483504,"(n,n')160Gd"
160Gd,1275.83,26.415485775,"(n,n')160Gd"
160Gd,1224.28,22.909681049891997,"(n,n')160Gd"
160Gd,995.16,20.635351645567496,"(n,n')160Gd"
160Gd,1041.58,17.827987775717503,"(n,n')160Gd"
160Gd,1304.3,17.586,"(n,n')160Gd"
160Gd,1460.3,17.0539866275,"(n,n')160Gd"
160Gd,809.02,16.556675299384498,"(n,n')160Gd"
160Gd,1047.05,15.233020215000002,"(n,n')160Gd"
160Gd,122.27,14.728421195887469,"(n,n')160Gd"
160Gd,633.03,13.347172500449252,"(n,n')160Gd"
160Gd,1072.52,12.220564739567251,"(n,n')160Gd"
160Gd,1012.55,11.8897445325,"(n,n')160Gd"
160Gd,1179.34,11.5510751175,"(n,n')160Gd"
160Gd,1313.38,10.5557085375,"(n,n')160Gd"
160Gd,1360.73,9.352322235000003,"(n,n')160Gd"
160Gd,1351.09,7.842993854999999,"(n,n')160Gd"
160Gd,240.86,6.9490452375,"(n,n')160Gd"
160Gd,1435.99,6.234881490000001,"(n,n')160Gd"
160Gd,225.15,5.9489721375,"(n,n')160Gd"
160Gd,126.81,5.168343165,"(n,n')160Gd"
160Gd,137.76,4.7712158775,"(n,n')160Gd"
160Gd,203.31,4.709327205,"(n,n')160Gd"
160Gd,816.36,3.870117333,"(n,n')160Gd"
160Gd,944.17,3.8464932939213297,"(n,n')160Gd"
160Gd,238.03,3.76108929,"(n,n')160Gd"
160Gd,288.21,3.662236215,"(n,n')160Gd"
160Gd,780.82,3.511567185,"(n,n')160Gd"
160Gd,1128.54,2.8056599375,"(n,n')160Gd"
160Gd,746.32,2.7417916274999996,"(n,n')160Gd"
160Gd,245.02,2.1117818775,"(n,n')160Gd"
160Gd,878.05,2.0881218660000003,"(n,n')160Gd"
160Gd,235.17,2.021484005,"(n,n')160Gd"
160Gd,147.79,1.9748761725,"(n,n')160Gd"
160Gd,400.24,1.84478755,"(n,n')160Gd"
160Gd,677.94,1.597495106493002,"(n,n')160Gd"
160Gd,203.53,1.5824888400000001,"(n,n')160Gd"
160Gd,235.88,1.4824611698085,"(n,n')160Gd"
160Gd,319.52,1.4707564725,"(n,n')160Gd"
160Gd,331.1,1.4250465625,"(n,n')160Gd"
160Gd,739.88,1.3571016392504105,"(n,n')160Gd"
160Gd,138.42,1.31577599475,"(n,n')160Gd"
160Gd,555.67,0.9530828364762645,"(n,n')160Gd"
160Gd,306.64,0.909624485,"(n,n')160Gd"
160Gd,1144.28,0.8341412564999999,"(n,n')160Gd"
160Gd,301.7,0.79882081725025,"(n,n')160Gd"
160Gd,353.15,0.619239255,"(n,n')160Gd"
160Gd,1082.59,0.13897917225,"(n,n')160Gd"
160Gd,432.8,0.0015055049999999996,"(n,n')160Gd"
160Tb,78.87,360.656461575,"(n,n')160Tb"
160Tb,97.96,102.87733657499999,"(n,n')160Tb"
160Tb,176.83,42.861913425,"(n,n')160Tb"
160Tb,63.69,15.209343749999999,"(n,n')160Tb"
160Tb,41.89,5.517183485590262,"(n,n')160Tb"
160Tb,64.11,4.51399625,"(n,n')160Tb"
160Tb,29.02,3.9759471434846247,"(n,n')160Tb"
160Tb,15.4,3.8447704743248066,"(n,n')160Tb"
160Tb,75.04,3.5844486737445562,"(n,n')160Tb"
160Tb,50.87,2.6208896175000005,"(n,n')160Tb"
160Tb,139.47,2.43206375,"(n,n')160Tb"
160Tb,32.65,2.233666518125,"(n,n')160Tb"
160Tb,62.37,2.058545,"(n,n')160Tb"
160Tb,168.7,1.9838912499999997,"(n,n')160Tb"
160Tb,54.13,1.7114105327625002,"(n,n')160Tb"
160Tb,59.64,1.5760821915623064,"(n,n')160Tb"
160Tb,33.15,0.32531038621526204,"(n,n')160Tb"
160Tb,92.76,0.2879778825,"(n,n')160Tb"
160Tb,104.06,0.24211687464037498,"(n,n')160Tb"
160Tb,83.9,0.20718598303750002,"(n,n')160Tb"
160Tb,94.82,0.12127973187499999,"(n,n')160Tb"
160Tb,89.41,0.11792178276250001,"(n,n')160Tb"
160Tb,158.94,0.11375260920000001,"(n,n')160Tb"
161Dy,43.82,498.85659707309816,"(n,n')161Dy"
161Dy,56.58,202.02432954183777,"(n,n')161Dy"
161Dy,83.83,61.73066449511667,"(n,n')161Dy"
161Dy,25.65,43.2193248864243,"(n,n')161Dy"
161Dy,48.92,26.146407230193017,"(n,n')161Dy"
161Dy,57.19,20.572414460395827,"(n,n')161Dy"
161Dy,83.21,20.079518052140752,"(n,n')161Dy"
161Dy,100.4,15.159426147086945,"(n,n')161Dy"
161Dy,140.41,14.264244399524069,"(n,n')161Dy"
161Dy,81.19,10.89669105412008,"(n,n')161Dy"
161Dy,167.04,7.4229036053592505,"(n,n')161Dy"
161Dy,77.41,7.145630179121913,"(n,n')161Dy"
161Dy,74.57,6.085357106829932,"(n,n')161Dy"
161Dy,101.99,3.955671804,"(n,n')161Dy"
161Dy,292.4,3.5430787266112,"(n,n')161Dy"
161Dy,443.4,3.395255,"(n,n')161Dy"
161Dy,485.56,3.345762000000001,"(n,n')161Dy"
161Dy,139.55,3.0921316574999995,"(n,n')161Dy"
161Dy,98.03,3.0211460738889597,"(n,n')161Dy"
161Dy,175.44,3.0061620884015996,"(n,n')161Dy"
161Dy,157.27,2.83010025892512,"(n,n')161Dy"
161Dy,222.76,2.6192308424999995,"(n,n')161Dy"
161Dy,103.06,2.277877869732801,"(n,n')161Dy"
161Dy,119.6,2.2737059295999997,"(n,n')161Dy"
161Dy,286.48,2.0692172628,"(n,n')161Dy"
161Dy,256.14,2.0481469999999997,"(n,n')161Dy"
161Dy,343.67,1.8787219911,"(n,n')161Dy"
161Dy,319.67,1.8411830276,"(n,n')161Dy"
161Dy,238.48,1.3654860452000002,"(n,n')161Dy"
161Dy,84.46,1.3328086624000002,"(n,n')161Dy"
161Dy,138.38,1.1778874545159204,"(n,n')161Dy"
161Dy,107.74,1.139333629,"(n,n')161Dy"
161Dy,183.18,0.9158451959999999,"(n,n')161Dy"
161Dy,59.24,0.6734683240743699,"(n,n')161Dy"
161Dy,28.7,0.5303724652401236,"(n,n')161Dy"
161Dy,100.69,0.50758250838432,"(n,n')161Dy"
161Dy,376.86,0.3498087044,"(n,n')161Dy"
161Dy,348.37,0.3112386788,"(n,n')161Dy"
161Dy,392.59,0.29025803250000004,"(n,n')161Dy"
161Dy,87.94,0.21775454873679878,"(n,n')161Dy"
161Dy,106.11,0.20266264931939684,"(n,n')161Dy"
161Dy,341.32,0.1845159357888,"(n,n')161Dy"
161Dy,112.55,0.16140508006442,"(n,n')161Dy"
161Dy,425.78,0.1564228816,"(n,n')161Dy"
161Dy,217.63,0.13076644140000002,"(n,n')161Dy"
161Dy,187.3,0.08501488949958001,"(n,n')161Dy"
161Dy,315.18,0.06192171359999999,"(n,n')161Dy"
161Dy,131.76,0.034495770096918614,"(n,n')161Dy"
162Dy,80.66,1366.0778568349563,"(n,n')162Dy"
162Dy,185.0,425.0822540648737,"(n,n')162Dy"
162Dy,882.31,100.49107360890493,"(n,n')162Dy"
162Dy,807.53,85.66049278160006,"(n,n')162Dy"
162Dy,888.19,77.02536246087423,"(n,n')162Dy"
162Dy,282.87,62.20598624348096,"(n,n')162Dy"
162Dy,795.36,57.4396260969043,"(n,n')162Dy"
162Dy,260.07,50.69772735910013,"(n,n')162Dy"
162Dy,1571.2,41.24915499999999,"(n,n')162Dy"
162Dy,1319.48,38.452259999999995,"(n,n')162Dy"
162Dy,1637.1,38.12743,"(n,n')162Dy"
162Dy,1372.78,33.417476701000005,"(n,n')162Dy"
162Dy,1277.11,32.64493297290749,"(n,n')162Dy"
162Dy,1195.44,31.583785563000003,"(n,n')162Dy"
162Dy,980.36,31.52504604407671,"(n,n')162Dy"
162Dy,1638.41,28.961840000000002,"(n,n')162Dy"
162Dy,1129.46,27.34168716235707,"(n,n')162Dy"
162Dy,334.07,25.90487037064885,"(n,n')162Dy"
162Dy,917.13,24.67951355976694,"(n,n')162Dy"
162Dy,1187.78,22.394167067999998,"(n,n')162Dy"
162Dy,647.67,21.305227864493197,"(n,n')162Dy"
162Dy,697.31,19.346902025266303,"(n,n')162Dy"
162Dy,1664.92,18.608530000000002,"(n,n')162Dy"
162Dy,1584.26,18.608530000000002,"(n,n')162Dy"
162Dy,392.42,18.540919698,"(n,n')162Dy"
162Dy,944.46,17.78856755141303,"(n,n')162Dy"
162Dy,1276.1,16.423184437000003,"(n,n')162Dy"
162Dy,1025.57,15.478880157,"(n,n')162Dy"
162Dy,1308.44,15.472689843000001,"(n,n')162Dy"
162Dy,1092.11,15.018861702092499,"(n,n')162Dy"
162Dy,347.31,14.560931340999998,"(n,n')162Dy"
162Dy,1220.05,11.883808344973538,"(n,n')162Dy"
162Dy,572.89,11.3469314057488,"(n,n')162Dy"
162Dy,1125.03,10.920419676,"(n,n')162Dy"
162Dy,1253.14,9.688722550000001,"(n,n')162Dy"
162Dy,185.29,9.434385623308625,"(n,n')162Dy"
162Dy,573.59,6.108168975999999,"(n,n')162Dy"
162Dy,236.02,5.804495364065017,"(n,n')162Dy"
162Dy,937.18,5.68356051281343,"(n,n')162Dy"
162Dy,775.9,4.5870942843874145,"(n,n')162Dy"
162Dy,90.4,4.324234044500001,"(n,n')162Dy"
162Dy,842.16,4.152067047,"(n,n')162Dy"
162Dy,347.38,4.0144602450999995,"(n,n')162Dy"
162Dy,671.64,3.988587174,"(n,n')162Dy"
162Dy,634.26,3.969698584221772,"(n,n')162Dy"
162Dy,970.27,3.8776829,"(n,n')162Dy"
162Dy,321.93,3.796149336368566,"(n,n')162Dy"
162Dy,98.75,2.9302702519999997,"(n,n')162Dy"
162Dy,247.15,2.6980896109726995,"(n,n')162Dy"
162Dy,474.84,2.168649035624,"(n,n')162Dy"
162Dy,622.53,1.792817433784368,"(n,n')162Dy"
162Dy,451.82,1.712763598,"(n,n')162Dy"
162Dy,233.13,1.4976367548999998,"(n,n')162Dy"
162Dy,114.25,1.3366065693153537,"(n,n')162Dy"
162Dy,941.74,1.26611138,"(n,n')162Dy"
162Dy,1453.44,1.201306533,"(n,n')162Dy"
162Dy,1058.77,1.1889718707207166,"(n,n')162Dy"
162Dy,372.46,0.9773817506,"(n,n')162Dy"
162Dy,393.32,0.9293609555000002,"(n,n')162Dy"
162Dy,148.78,0.8477709186450326,"(n,n')162Dy"
162Dy,512.49,0.811803760791675,"(n,n')162Dy"
162Dy,1089.21,0.6683142,"(n,n')162Dy"
162Dy,149.1,0.6640646910727381,"(n,n')162Dy"
162Dy,219.82,0.5478477012911228,"(n,n')162Dy"
162Dy,329.67,0.519203277,"(n,n')162Dy"
162Dy,225.54,0.49223865899999997,"(n,n')162Dy"
162Dy,569.28,0.4739994575,"(n,n')162Dy"
162Dy,275.59,0.46317327555719834,"(n,n')162Dy"
162Dy,263.41,0.355516810017895,"(n,n')162Dy"
162Dy,1067.6,0.34471793623627667,"(n,n')162Dy"
162Dy,86.92,0.2939850766269065,"(n,n')162Dy"
162Dy,172.83,0.26158121181065086,"(n,n')162Dy"
162Dy,307.48,0.24066416249999997,"(n,n')162Dy"
162Dy,302.92,0.20298430402905104,"(n,n')162Dy"
162Dy,74.78,0.18002700395719265,"(n,n')162Dy"
162Dy,188.67,0.1679233787876695,"(n,n')162Dy"
162Dy,98.05,0.162360752158335,"(n,n')162Dy"
162Dy,353.07,0.157401946134,"(n,n')162Dy"
162Dy,221.76,0.11654987500000001,"(n,n')162Dy"
162Dy,121.77,0.0996086729620223,"(n,n')162Dy"
162Dy,161.28,0.0535140437894771,"(n,n')162Dy"
162Dy,141.64,0.05131807866345267,"(n,n')162Dy"
162Dy,161.03,0.028794675,"(n,n')162Dy"
162Dy,453.92,0.0008780931000000001,"(n,n')162Dy"
162Er,102.0,420.3770448115695,"(n,n')162Er"
162Er,227.52,72.98896301359696,"(n,n')162Er"
162Er,337.48,53.25740301359696,"(n,n')162Er"
162Er,798.7,18.355347012294143,"(n,n')162Er"
162Er,899.9,16.523195214137996,"(n,n')162Er"
162Er,900.7,14.226145064542836,"(n,n')162Er"
162Er,1069.0,13.275209484259177,"(n,n')162Er"
162Er,461.0,11.52032841206,"(n,n')162Er"
162Er,1310.3,10.945049272500002,"(n,n')162Er"
162Er,1250.1,9.63311048076,"(n,n')162Er"
162Er,762.9,9.4610065536,"(n,n')162Er"
162Er,985.1,9.043845,"(n,n')162Er"
162Er,1254.7,8.682642917999997,"(n,n')162Er"
162Er,1412.3,7.904600727500001,"(n,n')162Er"
162Er,504.0,7.879517475084775,"(n,n')162Er"
162Er,1352.1,6.84839526924,"(n,n')162Er"
162Er,1318.4,6.423505329428001,"(n,n')162Er"
162Er,1327.9,6.029635968,"(n,n')162Er"
162Er,334.9,5.43774952746941,"(n,n')162Er"
162Er,689.7,5.4212570819999994,"(n,n')162Er"
162Er,619.3,5.057262499999999,"(n,n')162Er"
162Er,385.6,5.057262499999999,"(n,n')162Er"
162Er,802.1,3.312699,"(n,n')162Er"
162Er,1429.9,3.0392774784,"(n,n')162Er"
162Er,1171.0,1.969879484394223,"(n,n')162Er"
162Er,418.5,0.6800347416074001,"(n,n')162Er"
162Er,233.7,0.42070871338277094,"(n,n')162Er"
162Er,559.0,0.31838575,"(n,n')162Er"
162Er,792.7,0.31838575,"(n,n')162Er"
162Er,107.6,0.31838575,"(n,n')162Er"
162Er,288.7,0.31838575,"(n,n')162Er"
162Er,1026.0,0.2133411185932,"(n,n')162Er"
162Er,196.1,0.08763923999999998,"(n,n')162Er"
163Dy,73.44,432.49947592296473,"(n,n')163Dy"
163Dy,167.34,138.48066520912496,"(n,n')163Dy"
163Dy,93.9,72.97248062859829,"(n,n')163Dy"
163Dy,208.12,57.35590538958779,"(n,n')163Dy"
163Dy,247.9,25.073815378827003,"(n,n')163Dy"
163Dy,245.05,10.910132004163263,"(n,n')163Dy"
163Dy,114.22,9.46910380252195,"(n,n')163Dy"
163Dy,450.0,8.54686,"(n,n')163Dy"
163Dy,204.91,7.966809608100001,"(n,n')163Dy"
163Dy,250.88,7.024410964718375,"(n,n')163Dy"
163Dy,645.0,6.922409999999999,"(n,n')163Dy"
163Dy,591.0,6.558662000000001,"(n,n')163Dy"
163Dy,612.0,6.531514999999999,"(n,n')163Dy"
163Dy,514.6,6.238796000000001,"(n,n')163Dy"
163Dy,421.83,6.2222977496504,"(n,n')163Dy"
163Dy,351.14,5.901066874792703,"(n,n')163Dy"
163Dy,401.94,5.900721258606301,"(n,n')163Dy"
163Dy,475.38,5.6310261160734,"(n,n')163Dy"
163Dy,389.74,5.594479455329558,"(n,n')163Dy"
163Dy,263.1,5.5333415808,"(n,n')163Dy"
163Dy,354.23,5.452497938188857,"(n,n')163Dy"
163Dy,389.14,4.895990198998369,"(n,n')163Dy"
163Dy,285.58,4.650973788589654,"(n,n')163Dy"
163Dy,212.14,4.41320580189118,"(n,n')163Dy"
163Dy,427.67,4.0492140622618855,"(n,n')163Dy"
163Dy,479.57,3.6816430255999997,"(n,n')163Dy"
163Dy,573.99,3.66222012,"(n,n')163Dy"
163Dy,497.0,2.7268280000000003,"(n,n')163Dy"
163Dy,651.0,2.558552,"(n,n')163Dy"
163Dy,77.63,2.3371664871999998,"(n,n')163Dy"
163Dy,39.16,2.2322333598000004,"(n,n')163Dy"
163Dy,316.3,2.157137208575118,"(n,n')163Dy"
163Dy,441.1,2.1504943503999994,"(n,n')163Dy"
163Dy,406.65,2.0332364397000005,"(n,n')163Dy"
163Dy,177.0,1.7902149834072798,"(n,n')163Dy"
163Dy,133.68,1.7861903831730004,"(n,n')163Dy"
163Dy,130.83,1.70857260393674,"(n,n')163Dy"
163Dy,347.2,1.6145561031999998,"(n,n')163Dy"
163Dy,287.15,1.4021942379999999,"(n,n')163Dy"
163Dy,47.71,1.354990088088,"(n,n')163Dy"
163Dy,146.32,1.3472744402999999,"(n,n')163Dy"
163Dy,514.54,1.1569861846,"(n,n')163Dy"
163Dy,553.01,1.0645513424,"(n,n')163Dy"
163Dy,462.58,1.0569392094943502,"(n,n')163Dy"
163Dy,169.2,1.0414464192000001,"(n,n')163Dy"
163Dy,385.67,1.0177578768,"(n,n')163Dy"
163Dy,124.8,0.9328359114,"(n,n')163Dy"
163Dy,177.44,0.8144585417188253,"(n,n')163Dy"
163Dy,76.53,0.7630284362154021,"(n,n')163Dy"
163Dy,70.69,0.7580676863496,"(n,n')163Dy"
163Dy,260.33,0.7481120908457775,"(n,n')163Dy"
163Dy,118.24,0.601185722465246,"(n,n')163Dy"
163Dy,38.6,0.5291403747714013,"(n,n')163Dy"
163Dy,37.93,0.46125929527607756,"(n,n')163Dy"
163Dy,154.72,0.27443339190000005,"(n,n')163Dy"
163Dy,86.87,0.22920629439999998,"(n,n')163Dy"
163Dy,131.18,0.19636543599999998,"(n,n')163Dy"
163Dy,224.5,0.0990185064372,"(n,n')163Dy"
163Dy,232.98,0.07162696700000001,"(n,n')163Dy"
163Dy,163.27,0.058491831999999994,"(n,n')163Dy"
163Dy,153.47,0.054025762000000005,"(n,n')163Dy"
163Dy,228.96,0.038762829199999994,"(n,n')163Dy"
163Dy,124.24,0.0377833774563,"(n,n')163Dy"
163Dy,189.8,0.0052115003388,"(n,n')163Dy"
164Dy,73.39,1845.4678587259225,"(n,n')164Dy"
164Dy,168.84,460.9979040517095,"(n,n')164Dy"
164Dy,754.8,224.82380825840917,"(n,n')164Dy"
164Dy,688.47,133.75697142957213,"(n,n')164Dy"
164Dy,761.86,116.24448678935045,"(n,n')164Dy"
164Dy,215.02,91.21404504920751,"(n,n')164Dy"
164Dy,294.61,72.53067282708015,"(n,n')164Dy"
164Dy,1642.81,70.080994176,"(n,n')164Dy"
164Dy,1166.0,69.94704,"(n,n')164Dy"
164Dy,673.79,59.60214126730485,"(n,n')164Dy"
164Dy,1853.7,57.44913,"(n,n')164Dy"
164Dy,1773.01,48.24795999999999,"(n,n')164Dy"
164Dy,782.47,47.869026170817406,"(n,n')164Dy"
164Dy,1723.61,44.778605903999996,"(n,n')164Dy"
164Dy,1735.01,43.72541,"(n,n')164Dy"
164Dy,1736.4,42.914525430000005,"(n,n')164Dy"
164Dy,259.09,42.13783347949885,"(n,n')164Dy"
164Dy,585.96,40.6743120278558,"(n,n')164Dy"
164Dy,1582.01,40.54601,"(n,n')164Dy"
164Dy,277.45,40.04627255965214,"(n,n')164Dy"
164Dy,842.63,36.700243704285185,"(n,n')164Dy"
164Dy,211.12,32.75927108631969,"(n,n')164Dy"
164Dy,646.9,31.640114784,"(n,n')164Dy"
164Dy,1601.61,27.552209072,"(n,n')164Dy"
164Dy,1515.57,26.880087915,"(n,n')164Dy"
164Dy,610.92,26.272369008944498,"(n,n')164Dy"
164Dy,1840.4,24.387707882999997,"(n,n')164Dy"
164Dy,1321.31,24.373562660999998,"(n,n')164Dy"
164Dy,1675.0,22.872770928,"(n,n')164Dy"
164Dy,1767.01,22.683722117,"(n,n')164Dy"
164Dy,779.51,22.646215046,"(n,n')164Dy"
164Dy,1703.61,21.24165,"(n,n')164Dy"
164Dy,1684.41,20.957762085000002,"(n,n')164Dy"
164Dy,1152.47,19.496313198000003,"(n,n')164Dy"
164Dy,148.69,17.92690664989874,"(n,n')164Dy"
164Dy,206.78,17.834001251196675,"(n,n')164Dy"
164Dy,1554.77,16.570354096000003,"(n,n')164Dy"
164Dy,908.21,15.07525319,"(n,n')164Dy"
164Dy,309.18,12.807101518457399,"(n,n')164Dy"
164Dy,548.49,11.057863110502,"(n,n')164Dy"
164Dy,583.0,10.696944895,"(n,n')164Dy"
164Dy,566.51,9.779868234,"(n,n')164Dy"
164Dy,632.84,9.773525907,"(n,n')164Dy"
164Dy,123.29,8.309577951732715,"(n,n')164Dy"
164Dy,563.6,7.6766428200000005,"(n,n')164Dy"
164Dy,1663.01,7.29932138,"(n,n')164Dy"
164Dy,965.92,7.065904976695113,"(n,n')164Dy"
164Dy,888.01,7.032775824,"(n,n')164Dy"
164Dy,484.9,6.795470058999999,"(n,n')164Dy"
164Dy,982.97,5.908296494267999,"(n,n')164Dy"
164Dy,523.38,5.305243761180365,"(n,n')164Dy"
164Dy,130.8,5.191733264000001,"(n,n')164Dy"
164Dy,654.18,5.117506735999999,"(n,n')164Dy"
164Dy,647.09,4.441486202999999,"(n,n')164Dy"
164Dy,98.1,4.243460104786347,"(n,n')164Dy"
164Dy,797.08,3.933691558081895,"(n,n')164Dy"
164Dy,200.5,3.1601938811777996,"(n,n')164Dy"
164Dy,185.89,2.9491832920967997,"(n,n')164Dy"
164Dy,519.63,2.7039478448827166,"(n,n')164Dy"
164Dy,98.6,2.357826009,"(n,n')164Dy"
164Dy,196.51,2.2040574289663732,"(n,n')164Dy"
164Dy,745.0,2.1562052159999996,"(n,n')164Dy"
164Dy,770.38,1.5984697819999998,"(n,n')164Dy"
164Dy,414.7,1.3906838219184863,"(n,n')164Dy"
164Dy,903.49,1.3144189102513557,"(n,n')164Dy"
164Dy,671.78,1.2251157690771999,"(n,n')164Dy"
164Dy,465.0,1.2211381204763,"(n,n')164Dy"
164Dy,145.92,0.9652916004131105,"(n,n')164Dy"
164Dy,154.16,0.9271225479456577,"(n,n')164Dy"
164Dy,342.35,0.9261491604000001,"(n,n')164Dy"
164Dy,461.2,0.541685186,"(n,n')164Dy"
164Dy,417.63,0.0024369604,"(n,n')164Dy"
164Er,91.39,441.67284721419105,"(n,n')164Er"
164Er,208.08,67.9976601338864,"(n,n')164Er"
164Er,854.96,19.3884982,"(n,n')164Er"
164Er,768.92,16.752867283944003,"(n,n')164Er"
164Er,860.31,13.134915877680003,"(n,n')164Er"
164Er,1223.21,12.722306823,"(n,n')164Er"
164Er,758.83,10.8426905455,"(n,n')164Er"
164Er,1184.43,10.517067469200004,"(n,n')164Er"
164Er,1295.41,10.2546275304,"(n,n')164Er"
164Er,1342.61,9.1981509375,"(n,n')164Er"
164Er,1325.21,9.0548403201606,"(n,n')164Er"
164Er,1154.61,8.831185,"(n,n')164Er"
164Er,1378.51,8.761749,"(n,n')164Er"
164Er,1392.51,8.413502530800002,"(n,n')164Er"
164Er,314.93,7.4764224604,"(n,n')164Er"
164Er,1386.8,6.8130924696,"(n,n')164Er"
164Er,1314.6,6.3611534115,"(n,n')164Er"
164Er,898.03,5.211551889600002,"(n,n')164Er"
164Er,1134.53,4.818079062499999,"(n,n')164Er"
164Er,646.88,4.2560118,"(n,n')164Er"
164Er,1015.13,3.2481297655,"(n,n')164Er"
164Er,966.91,2.6504594544999995,"(n,n')164Er"
164Er,744.2,1.5645520000000002,"(n,n')164Er"
164Er,583.1,0.8705281104000002,"(n,n')164Er"
164Er,560.84,0.3932571411864001,"(n,n')164Er"
164Er,1416.6,0.31494567983940003,"(n,n')164Er"
164Er,410.2,0.10330735,"(n,n')164Er"
166Er,80.58,661.0716799296223,"(n,n')166Er"
166Er,184.42,142.0936043278532,"(n,n')166Er"
166Er,778.82,61.37220086072029,"(n,n')166Er"
166Er,705.32,45.41675532984077,"(n,n')166Er"
166Er,785.9,41.05814157457773,"(n,n')166Er"
166Er,1622.52,25.56129,"(n,n')166Er"
166Er,691.2,24.337424280564694,"(n,n')166Er"
166Er,672.3,23.020651339999997,"(n,n')166Er"
166Er,280.5,18.922279225542333,"(n,n')166Er"
166Er,810.3,17.97351148243205,"(n,n')166Er"
166Er,1263.4,17.972936520000005,"(n,n')166Er"
166Er,1581.82,14.002164539999999,"(n,n')166Er"
166Er,875.62,13.376001691207994,"(n,n')166Er"
166Er,1379.32,12.95435932,"(n,n')166Er"
166Er,1447.82,12.782890680000001,"(n,n')166Er"
166Er,1598.22,11.472989999999998,"(n,n')166Er"
166Er,594.4,11.224843351398908,"(n,n')166Er"
166Er,1662.4,8.98989546,"(n,n')166Er"
166Er,598.8,7.9317452799999995,"(n,n')166Er"
166Er,712.8,7.090435708200001,"(n,n')166Er"
166Er,736.8,6.329476040850001,"(n,n')166Er"
166Er,1432.82,5.8556398,"(n,n')166Er"
166Er,727.5,5.302351,"(n,n')166Er"
166Er,654.0,5.002652899999998,"(n,n')166Er"
166Er,520.9,4.370955754130919,"(n,n')166Er"
166Er,670.5,4.11605321989095,"(n,n')166Er"
166Er,557.2,3.9191289999999994,"(n,n')166Er"
166Er,496.9,3.21124805625,"(n,n')166Er"
166Er,529.8,2.988314409093678,"(n,n')166Er"
166Er,1248.4,2.9739272999999997,"(n,n')166Er"
166Er,1400.8,2.945214924425001,"(n,n')166Er"
166Er,616.0,2.4662385072000004,"(n,n')166Er"
166Er,1427.3,2.389329166510001,"(n,n')166Er"
166Er,640.0,2.3083971443100006,"(n,n')166Er"
166Er,951.0,2.06858059256058,"(n,n')166Er"
166Er,1120.3,1.416401070525,"(n,n')166Er"
166Er,711.7,1.08352397,"(n,n')166Er"
166Er,1146.8,0.9574413833600002,"(n,n')166Er"
166Er,830.5,0.84712547326,"(n,n')166Er"
166Er,259.8,0.81617465556812,"(n,n')166Er"
166Er,215.9,0.8070630155946429,"(n,n')166Er"
166Er,1528.4,0.76889568,"(n,n')166Er"
166Er,736.1,0.6454180753900001,"(n,n')166Er"
166Er,742.5,0.51259712,"(n,n')166Er"
166Er,365.7,0.3730120405299999,"(n,n')166Er"
166Er,300.7,0.32119107823000004,"(n,n')166Er"
166Er,410.7,0.3066132192827048,"(n,n')166Er"
166Er,73.5,0.291554372763608,"(n,n')166Er"
166Er,170.3,0.2682865668723667,"(n,n')166Er"
166Er,674.0,0.26437468000000003,"(n,n')166Er"
166Er,411.0,0.22367652999999998,"(n,n')166Er"
166Er,476.3,0.17524596749000004,"(n,n')166Er"
166Er,590.5,0.13489534005,"(n,n')166Er"
166Er,571.0,0.10893337499999999,"(n,n')166Er"
166Er,617.0,0.10685729725000002,"(n,n')166Er"
166Er,464.8,0.10365130413000001,"(n,n')166Er"
166Er,1331.2,0.09928589868000001,"(n,n')166Er"
166Er,1307.2,0.07706995335000001,"(n,n')166Er"
166Er,119.1,0.0436248150480487,"(n,n')166Er"
166Er,96.8,0.038326382881098096,"(n,n')166Er"
166Er,140.7,0.035179942050349994,"(n,n')166Er"
166Er,1377.62,0.030983379999999998,"(n,n')166Er"
166Er,339.7,0.021282193199999997,"(n,n')166Er"
166Er,644.5,0.0185344922,"(n,n')166Er"
166Er,1241.5,0.015976894999999998,"(n,n')166Er"
166Er,1010.2,0.0101415146,"(n,n')166Er"
166Er,160.0,0.00767787438,"(n,n')166Er"
166Er,214.8,0.007262225,"(n,n')166Er"
166Er,121.2,0.0043573349999999995,"(n,n')166Er"
166Er,190.8,0.0043573349999999995,"(n,n')166Er"
166Er,94.7,0.0029048900000000002,"(n,n')166Er"
166Er,438.4,0.0018929442000000002,"(n,n')166Er"
166Er,1522.0,0.0014524450000000001,"(n,n')166Er"
166Ho,54.24,10.286461552920256,"(n,n')166Ho"
166Ho,5.98,8.096523985005701,"(n,n')166Ho"
166Ho,131.76,4.8572525,"(n,n')166Ho"
166Ho,283.3,4.268266250000001,"(n,n')166Ho"
166Ho,136.66,4.186601322886458,"(n,n')166Ho"
166Ho,126.23,4.097395757456779,"(n,n')166Ho"
166Ho,289.12,2.8416162500000004,"(n,n')166Ho"
166Ho,69.77,2.79488893325,"(n,n')166Ho"
166Ho,149.31,2.396295713125,"(n,n')166Ho"
166Ho,72.89,1.7611679734943,"(n,n')166Ho"
166Ho,116.84,1.6380365799059242,"(n,n')166Ho"
166Ho,87.59,1.6309839332500002,"(n,n')166Ho"
166Ho,19.82,0.8631680227760634,"(n,n')166Ho"
166Ho,257.8,0.39765523500570005,"(n,n')166Ho"
166Ho,10.43,0.20384004433177885,"(n,n')166Ho"
166Ho,84.47,0.18632195850000002,"(n,n')166Ho"
166Ho,82.47,0.11224508707404404,"(n,n')166Ho"
166Ho,296.9,0.101938075,"(n,n')166Ho"
166Ho,157.36,0.08782660825000002,"(n,n')166Ho"
166Ho,158.7,0.023960536875,"(n,n')166Ho"
166Ho,28.23,0.015204767671095102,"(n,n')166Ho"
166Ho,88.61,0.006413354745139148,"(n,n')166Ho"
167Er,79.32,204.10497813662235,"(n,n')167Er"
167Er,98.68,67.18658061180234,"(n,n')167Er"
167Er,207.8,59.466503547576,"(n,n')167Er"
167Er,561.48,35.25478497,"(n,n')167Er"
167Er,73.8,34.84529131350621,"(n,n')167Er"
167Er,573.8,26.9174723,"(n,n')167Er"
167Er,531.5,26.581522427156,"(n,n')167Er"
167Er,160.4,24.69272633963,"(n,n')167Er"
167Er,346.6,23.818750011205,"(n,n')167Er"
167Er,178.0,22.038626043977658,"(n,n')167Er"
167Er,57.1,21.67934369812179,"(n,n')167Er"
167Er,640.8,15.181245030000001,"(n,n')167Er"
167Er,494.48,12.378107699999997,"(n,n')167Er"
167Er,631.78,8.677033,"(n,n')167Er"
167Er,93.8,8.447289918629998,"(n,n')167Er"
167Er,83.4,7.3855953710549995,"(n,n')167Er"
167Er,148.4,7.210290506076001,"(n,n')167Er"
167Er,131.7,6.342887136924001,"(n,n')167Er"
167Er,711.0,5.984643420000001,"(n,n')167Er"
167Er,16.7,5.814325154995785,"(n,n')167Er"
167Er,126.6,5.67761712,"(n,n')167Er"
167Er,116.9,5.0801770062200005,"(n,n')167Er"
167Er,241.3,4.921283,"(n,n')167Er"
167Er,231.9,4.397498415,"(n,n')167Er"
167Er,215.58,4.36253118378,"(n,n')167Er"
167Er,321.3,3.6487758469999996,"(n,n')167Er"
167Er,350.68,3.32065528311,"(n,n')167Er"
167Er,169.5,2.8905183237300003,"(n,n')167Er"
167Er,357.8,2.79624328329,"(n,n')167Er"
167Er,189.2,2.70840318015,"(n,n')167Er"
167Er,398.7,2.677991613,"(n,n')167Er"
167Er,203.2,2.420328585,"(n,n')167Er"
167Er,315.3,2.144061821,"(n,n')167Er"
167Er,256.4,1.79427636627,"(n,n')167Er"
167Er,631.68,1.59085458,"(n,n')167Er"
167Er,463.7,1.4683069279999998,"(n,n')167Er"
167Er,292.5,1.3365293099999997,"(n,n')167Er"
167Er,367.5,1.08145088,"(n,n')167Er"
167Er,237.9,0.7506756379999999,"(n,n')167Er"
167Er,430.0,0.7442848048349999,"(n,n')167Er"
167Er,456.48,0.68808080793,"(n,n')167Er"
167Er,153.0,0.60046969,"(n,n')167Er"
167Er,386.3,0.510705557,"(n,n')167Er"
167Er,403.0,0.510705557,"(n,n')167Er"
167Er,745.3,0.508901833,"(n,n')167Er"
167Er,209.5,0.508901833,"(n,n')167Er"
167Er,332.0,0.508901833,"(n,n')167Er"
167Er,480.4,0.425475303,"(n,n')167Er"
167Er,264.9,0.3525096536279966,"(n,n')167Er"
167Er,460.1,0.31380702899999996,"(n,n')167Er"
167Er,667.9,0.295347792,"(n,n')167Er"
167Er,303.3,0.10011183600000001,"(n,n')167Er"
167Er,136.4,0.073836948,"(n,n')167Er"
167Er,254.6,0.030765395,"(n,n')167Er"
167Er,323.7,0.026661506948,"(n,n')167Er"
167Er,249.9,0.026661506948,"(n,n')167Er"
167Er,266.6,0.026661506948,"(n,n')167Er"
167Er,132.1,0.018459237,"(n,n')167Er"
168Er,79.8,420.0720909922553,"(n,n')168Er"
168Er,264.1,104.75504263880762,"(n,n')168Er"
168Er,816.0,48.072590137768074,"(n,n')168Er"
168Er,742.0,27.06152494504476,"(n,n')168Er"
168Er,821.8,25.31732509507117,"(n,n')168Er"
168Er,198.2,21.69607376612088,"(n,n')168Er"
168Er,1323.9,13.693907547956865,"(n,n')168Er"
168Er,1279.1,13.02883615,"(n,n')168Er"
168Er,730.7,12.321388221237147,"(n,n')168Er"
168Er,284.6,12.180456668672429,"(n,n')168Er"
168Er,747.7,11.00048586,"(n,n')168Er"
168Er,1012.2,10.986507103314,"(n,n')168Er"
168Er,1137.4,9.039845999999999,"(n,n')168Er"
168Er,631.7,8.693979067468694,"(n,n')168Er"
168Er,1229.0,8.191779780000001,"(n,n')168Er"
168Er,1422.1,7.724818000000001,"(n,n')168Er"
168Er,1413.3,7.62421998,"(n,n')168Er"
168Er,915.0,7.281722185497637,"(n,n')168Er"
168Er,1351.7,7.0649621177452495,"(n,n')168Er"
168Er,447.6,6.98499684,"(n,n')168Er"
168Er,1167.4,6.938299450295633,"(n,n')168Er"
168Er,853.5,6.285881756251376,"(n,n')168Er"
168Er,1196.5,5.834376363216,"(n,n')168Er"
168Er,1276.3,5.834376363216,"(n,n')168Er"
168Er,1277.6,5.17810365216,"(n,n')168Er"
168Er,99.0,5.078624910192303,"(n,n')168Er"
168Er,1358.9,4.18102465,"(n,n')168Er"
168Er,673.7,4.17469962,"(n,n')168Er"
168Er,581.9,4.115456257763633,"(n,n')168Er"
168Er,1331.3,3.6240534529999993,"(n,n')168Er"
168Er,719.8,3.5670713399999996,"(n,n')168Er"
168Er,422.3,3.172599188,"(n,n')168Er"
168Er,928.9,2.836556387966939,"(n,n')168Er"
168Er,829.9,2.780875234835325,"(n,n')168Er"
168Er,1147.0,2.3901264059999994,"(n,n')168Er"
168Er,862.4,2.322114679,"(n,n')168Er"
168Er,719.5,2.123806068,"(n,n')168Er"
168Er,1493.1,1.96754064,"(n,n')168Er"
168Er,1310.0,1.9264408800000001,"(n,n')168Er"
168Er,99.2,1.6790190097118942,"(n,n')168Er"
168Er,217.5,1.5330777275560419,"(n,n')168Er"
168Er,546.9,1.4544379375919998,"(n,n')168Er"
168Er,715.2,1.268721591095121,"(n,n')168Er"
168Er,1025.4,1.09779912,"(n,n')168Er"
168Er,568.9,1.033712114691883,"(n,n')168Er"
168Er,645.9,0.8833235641919999,"(n,n')168Er"
168Er,999.8,0.7868401794314696,"(n,n')168Er"
168Er,546.8,0.77058684,"(n,n')168Er"
168Er,515.3,0.6023895819999999,"(n,n')168Er"
168Er,454.5,0.5881427785500001,"(n,n')168Er"
168Er,644.3,0.5605171305563413,"(n,n')168Er"
168Er,671.3,0.5486411400000001,"(n,n')168Er"
168Er,497.7,0.52439656,"(n,n')168Er"
168Er,1277.5,0.4971528,"(n,n')168Er"
168Er,557.7,0.47569052162168,"(n,n')168Er"
168Er,597.3,0.45404784000000004,"(n,n')168Er"
168Er,645.8,0.4350087,"(n,n')168Er"
168Er,416.3,0.4275022839999999,"(n,n')168Er"
168Er,47.6,0.413970600851696,"(n,n')168Er"
168Er,507.9,0.400619635711504,"(n,n')168Er"
168Er,521.3,0.37363254900000004,"(n,n')168Er"
168Er,884.3,0.34484531939999996,"(n,n')168Er"
168Er,380.5,0.28230853370399994,"(n,n')168Er"
168Er,221.8,0.25842802867297077,"(n,n')168Er"
168Er,269.1,0.251416388694079,"(n,n')168Er"
168Er,134.8,0.21375114199999995,"(n,n')168Er"
168Er,379.6,0.21056655600232072,"(n,n')168Er"
168Er,256.0,0.20197804830819996,"(n,n')168Er"
168Er,315.4,0.16191254699999996,"(n,n')168Er"
168Er,446.1,0.13888843405581325,"(n,n')168Er"
168Er,537.1,0.13878920000000003,"(n,n')168Er"
168Er,498.3,0.13243062,"(n,n')168Er"
168Er,1351.2,0.124544183,"(n,n')168Er"
168Er,589.3,0.10687557099999997,"(n,n')168Er"
168Er,620.5,0.10487931200000002,"(n,n')168Er"
168Er,73.6,0.10487931200000002,"(n,n')168Er"
168Er,348.6,0.09943056,"(n,n')168Er"
168Er,173.0,0.0992060243255809,"(n,n')168Er"
168Er,138.0,0.08376344143199999,"(n,n')168Er"
168Er,1461.8,0.07457292,"(n,n')168Er"
168Er,294.4,0.06294292441999999,"(n,n')168Er"
168Er,1489.7,0.060944519999999995,"(n,n')168Er"
168Er,74.0,0.056823068258234605,"(n,n')168Er"
168Er,504.7,0.056811419999999994,"(n,n')168Er"
168Er,272.2,0.052469344053496694,"(n,n')168Er"
168Er,1431.5,0.04222025987400001,"(n,n')168Er"
168Er,293.5,0.029147882999999996,"(n,n')168Er"
168Er,535.7,0.028146839916000005,"(n,n')168Er"
168Er,1014.2,0.026234672026748347,"(n,n')168Er"
168Er,303.8,0.026219828000000004,"(n,n')168Er"
168Er,193.9,0.02574936751709114,"(n,n')168Er"
168Er,900.3,0.025566841557999993,"(n,n')168Er"
168Er,137.5,0.023265825817779997,"(n,n')168Er"
168Er,122.8,0.0228018765348433,"(n,n')168Er"
168Er,75.4,0.0169853675926164,"(n,n')168Er"
168Er,110.2,0.015229716623999998,"(n,n')168Er"
168Er,146.3,0.01163964762472588,"(n,n')168Er"
168Er,335.6,0.009311718099780705,"(n,n')168Er"
168Er,762.8,0.00792288231295112,"(n,n')168Er"
168Er,169.1,0.0045449136,"(n,n')168Er"
168Tm,64.0,6.426905999999999,"(n,n')168Tm"
168Tm,17.0,3.7391799999999997,"(n,n')168Tm"
168Tm,80.0,3.20163,"(n,n')168Tm"
168Tm,148.0,3.146292,"(n,n')168Tm"
168Tm,185.0,3.1068659999999997,"(n,n')168Tm"
168Tm,493.0,2.873534,"(n,n')168Tm"
168Tm,499.0,2.8711460000000004,"(n,n')168Tm"
168Tm,520.0,2.855522,"(n,n')168Tm"
168Tm,112.0,2.782002,"(n,n')168Tm"
168Tm,178.0,2.764144,"(n,n')168Tm"
168Tm,200.0,2.744678,"(n,n')168Tm"
168Tm,204.0,2.741132,"(n,n')168Tm"
168Tm,144.0,2.714584,"(n,n')168Tm"
168Tm,231.0,2.649092,"(n,n')168Tm"
168Tm,243.0,2.6339099999999998,"(n,n')168Tm"
168Tm,336.0,2.6265340000000004,"(n,n')168Tm"
168Tm,325.0,2.5990800000000003,"(n,n')168Tm"
168Tm,383.0,2.5867639999999996,"(n,n')168Tm"
168Tm,347.0,2.5804739999999997,"(n,n')168Tm"
168Tm,47.0,2.50462,"(n,n')168Tm"
168Tm,41.0,2.3717099999999998,"(n,n')168Tm"
168Tm,245.0,2.3427919999999998,"(n,n')168Tm"
168Tm,235.0,2.227048,"(n,n')168Tm"
168Tm,439.0,2.191732,"(n,n')168Tm"
168Tm,448.0,2.184852,"(n,n')168Tm"
168Tm,366.0,2.132738,"(n,n')168Tm"
168Tm,328.0,1.88103,"(n,n')168Tm"
168Tm,312.0,1.703094,"(n,n')168Tm"
168Tm,3.0,1.5696019999999997,"(n,n')168Tm"
168Tm,230.0,1.4550379999999998,"(n,n')168Tm"
168Tm,482.0,1.3346660000000001,"(n,n')168Tm"
168Tm,352.0,1.15505,"(n,n')168Tm"
168Tm,447.0,1.111192,"(n,n')168Tm"
168Tm,390.0,1.0338859999999999,"(n,n')168Tm"
168Tm,167.0,0.5155600000000001,"(n,n')168Tm"
169Tm,8.41,320.0185471249772,"(n,n')169Tm"
169Tm,109.78,149.3528836343643,"(n,n')169Tm"
169Tm,130.52,82.90158639385183,"(n,n')169Tm"
169Tm,197.96,40.871770314045,"(n,n')169Tm"
169Tm,20.74,37.40255871404518,"(n,n')169Tm"
169Tm,63.12,29.07059175847329,"(n,n')169Tm"
169Tm,177.22,27.917706954298513,"(n,n')169Tm"
169Tm,193.19,23.068961344048816,"(n,n')169Tm"
169Tm,117.37,19.15481079719316,"(n,n')169Tm"
169Tm,93.61,15.012042557242596,"(n,n')169Tm"
169Tm,900.0,13.983279999999999,"(n,n')169Tm"
169Tm,367.67,13.683936652573685,"(n,n')169Tm"
169Tm,570.83,13.269559534438399,"(n,n')169Tm"
169Tm,624.89,12.49909743283488,"(n,n')169Tm"
169Tm,562.42,12.4752549144192,"(n,n')169Tm"
169Tm,118.19,12.424503317936717,"(n,n')169Tm"
169Tm,336.62,12.389911212787199,"(n,n')169Tm"
169Tm,515.11,10.706565396083201,"(n,n')169Tm"
169Tm,291.19,10.6965002837111,"(n,n')169Tm"
169Tm,579.86,10.432095710240002,"(n,n')169Tm"
169Tm,474.97,9.6520898554416,"(n,n')169Tm"
169Tm,213.93,9.190808400111184,"(n,n')169Tm"
169Tm,307.74,8.502070224177288,"(n,n')169Tm"
169Tm,528.57,8.47275952,"(n,n')169Tm"
169Tm,739.42,7.755388523840001,"(n,n')169Tm"
169Tm,356.78,6.992966395905601,"(n,n')169Tm"
169Tm,333.53,6.8213436087999995,"(n,n')169Tm"
169Tm,546.23,6.3808855929599995,"(n,n')169Tm"
169Tm,600.6,6.141249203320001,"(n,n')169Tm"
169Tm,141.86,6.0278203524,"(n,n')169Tm"
169Tm,115.32,5.8486203648033195,"(n,n')169Tm"
169Tm,206.1,5.758274147878399,"(n,n')169Tm"
169Tm,773.39,5.205518808000001,"(n,n')169Tm"
169Tm,465.65,4.929574864,"(n,n')169Tm"
169Tm,500.29,4.7930079679999995,"(n,n')169Tm"
169Tm,663.61,4.763540796,"(n,n')169Tm"
169Tm,693.48,4.601242528,"(n,n')169Tm"
169Tm,494.37,3.85316140951392,"(n,n')169Tm"
169Tm,210.97,3.7790289280000002,"(n,n')169Tm"
169Tm,341.94,3.7478283912,"(n,n')169Tm"
169Tm,760.16,3.4873658832,"(n,n')169Tm"
169Tm,259.23,2.9662416475999995,"(n,n')169Tm"
169Tm,148.5,2.7126692800000005,"(n,n')169Tm"
169Tm,165.87,2.439648,"(n,n')169Tm"
169Tm,235.23,2.2588341132329015,"(n,n')169Tm"
169Tm,552.48,2.1500701728,"(n,n')169Tm"
169Tm,386.67,1.9344355164000004,"(n,n')169Tm"
169Tm,642.87,1.9199150680000003,"(n,n')169Tm"
169Tm,314.64,1.8872306220000001,"(n,n')169Tm"
169Tm,464.74,1.886069504,"(n,n')169Tm"
169Tm,452.64,1.7397744791424,"(n,n')169Tm"
169Tm,137.25,1.7039869488600001,"(n,n')169Tm"
169Tm,269.33,1.347504128,"(n,n')169Tm"
169Tm,304.88,1.284339872,"(n,n')169Tm"
169Tm,171.79,1.214769136,"(n,n')169Tm"
169Tm,466.56,0.9650328846528,"(n,n')169Tm"
169Tm,281.7,0.9053855205999999,"(n,n')169Tm"
169Tm,323.53,0.895249432256,"(n,n')169Tm"
169Tm,216.64,0.5729320819999999,"(n,n')169Tm"
169Tm,261.08,0.5487815791140366,"(n,n')169Tm"
169Tm,301.73,0.5410316319999999,"(n,n')169Tm"
169Tm,172.78,0.4995418951110984,"(n,n')169Tm"
169Tm,454.48,0.47156230660000004,"(n,n')169Tm"
169Tm,158.35,0.3599442,"(n,n')169Tm"
169Tm,226.84,0.3552662713343999,"(n,n')169Tm"
169Tm,252.57,0.24275925114000002,"(n,n')169Tm"
169Tm,208.93,0.23102658405668,"(n,n')169Tm"
169Tm,294.59,0.17590955520683998,"(n,n')169Tm"
169Tm,710.38,0.16618162417560003,"(n,n')169Tm"
169Tm,263.0,0.07988048774399999,"(n,n')169Tm"
169Tm,781.8,0.07483225600000001,"(n,n')169Tm"
169Tm,507.83,0.071457008,"(n,n')169Tm"
169Tm,240.34,0.041529416797818984,"(n,n')169Tm"
169Tm,174.7,0.031809232256,"(n,n')169Tm"
169Tm,633.3,0.0162466660721568,"(n,n')169Tm"
169Tm,156.73,0.013528425254348988,"(n,n')169Tm"
169Tm,105.21,0.004509475084782996,"(n,n')169Tm"
169Tm,370.86,0.0029663869141299277,"(n,n')169Tm"
169Tm,333.95,0.0015031583615943323,"(n,n')169Tm"
170Er,78.68,522.894944747714,"(n,n')170Er"
170Er,181.52,97.62140086079036,"(n,n')170Er"
170Er,931.72,31.8478206698,"(n,n')170Er"
170Er,855.32,22.461674502223723,"(n,n')170Er"
170Er,1187.72,20.488315,"(n,n')170Er"
170Er,1138.72,18.97148531151,"(n,n')170Er"
170Er,934.0,17.773666212285917,"(n,n')170Er"
170Er,881.22,17.381495599999997,"(n,n')170Er"
170Er,812.32,13.897099999999998,"(n,n')170Er"
170Er,843.1,13.69703356764,"(n,n')170Er"
170Er,867.0,11.98717253348,"(n,n')170Er"
170Er,280.6,11.27386557349,"(n,n')170Er"
170Er,699.7,10.23996806,"(n,n')170Er"
170Er,959.9,10.16439634,"(n,n')170Er"
170Er,258.2,8.4729061,"(n,n')170Er"
170Er,1048.52,8.08487356125,"(n,n')170Er"
170Er,976.0,7.6540712719999995,"(n,n')170Er"
170Er,750.2,7.0859454302,"(n,n')170Er"
170Er,957.2,5.25651562077,"(n,n')170Er"
170Er,141.4,3.93087283,"(n,n')170Er"
170Er,1024.62,3.7372792421400005,"(n,n')170Er"
170Er,1266.4,3.6155850000000003,"(n,n')170Er"
170Er,283.4,2.4548194777199996,"(n,n')170Er"
170Er,562.5,1.53664781022,"(n,n')170Er"
170Er,586.4,1.4876167352700003,"(n,n')170Er"
170Er,165.3,0.8611806200000001,"(n,n')170Er"
170Er,695.4,0.812821728,"(n,n')170Er"
170Er,51.2,0.5694904100000001,"(n,n')170Er"
170Er,673.8,0.52994876321036,"(n,n')170Er"
170Er,371.5,0.21610030000000002,"(n,n')170Er"
170Er,1008.4,0.055560040000000005,"(n,n')170Er"
170Tm,38.71,46.799709375954194,"(n,n')170Tm"
170Tm,114.54,13.406998174221574,"(n,n')170Tm"
170Tm,204.45,11.744156656506279,"(n,n')170Tm"
170Tm,66.1,9.602823512243528,"(n,n')170Tm"
170Tm,75.83,8.464124459092577,"(n,n')170Tm"
170Tm,165.74,6.1617979905187035,"(n,n')170Tm"
170Tm,144.48,6.0817327297866814,"(n,n')170Tm"
170Tm,149.72,5.9614922649794595,"(n,n')170Tm"
170Tm,144.49,5.146607999958699,"(n,n')170Tm"
170Tm,87.57,4.387822914751382,"(n,n')170Tm"
170Tm,419.2,4.016522,"(n,n')170Tm"
170Tm,242.62,3.6332074523360003,"(n,n')170Tm"
170Tm,68.66,3.6091048274633817,"(n,n')170Tm"
170Tm,288.19,3.5365902000000005,"(n,n')170Tm"
170Tm,476.9,3.500878,"(n,n')170Tm"
170Tm,181.0,3.3972214734806077,"(n,n')170Tm"
170Tm,87.52,3.3457106695945815,"(n,n')170Tm"
170Tm,63.95,3.23753870582208,"(n,n')170Tm"
170Tm,594.2,3.2292780000000003,"(n,n')170Tm"
170Tm,626.8,2.85771,"(n,n')170Tm"
170Tm,644.0,2.84259,"(n,n')170Tm"
170Tm,637.91,2.5917107885999995,"(n,n')170Tm"
170Tm,456.8,2.555118,"(n,n')170Tm"
170Tm,237.24,2.3947759887204336,"(n,n')170Tm"
170Tm,92.65,2.3790477919999997,"(n,n')170Tm"
170Tm,105.17,2.295224611569855,"(n,n')170Tm"
170Tm,411.51,2.1336255401199997,"(n,n')170Tm"
170Tm,204.79,2.113884365,"(n,n')170Tm"
170Tm,219.71,2.0811481720019462,"(n,n')170Tm"
170Tm,505.34,2.0066497080000003,"(n,n')170Tm"
170Tm,130.02,1.9923293309237697,"(n,n')170Tm"
170Tm,171.85,1.8667221215999998,"(n,n')170Tm"
170Tm,311.02,1.8397135811887455,"(n,n')170Tm"
170Tm,569.18,1.8302822170000004,"(n,n')170Tm"
170Tm,327.1,1.7048340000000002,"(n,n')170Tm"
170Tm,439.8,1.61732,"(n,n')170Tm"
170Tm,176.52,1.4647462121600001,"(n,n')170Tm"
170Tm,650.37,1.4599527667199999,"(n,n')170Tm"
170Tm,590.23,1.3890579637940002,"(n,n')170Tm"
170Tm,161.72,1.35791934473,"(n,n')170Tm"
170Tm,565.28,1.3082771015999999,"(n,n')170Tm"
170Tm,69.99,1.259166906150483,"(n,n')170Tm"
170Tm,109.74,1.2436683240000002,"(n,n')170Tm"
170Tm,544.05,1.2403562920000002,"(n,n')170Tm"
170Tm,535.83,1.1683614025499998,"(n,n')170Tm"
170Tm,551.52,1.12184356193,"(n,n')170Tm"
170Tm,231.84,1.0668567826971205,"(n,n')170Tm"
170Tm,367.56,1.0006687079999999,"(n,n')170Tm"
170Tm,409.4,0.9965892000000001,"(n,n')170Tm"
170Tm,603.99,0.9857849651999999,"(n,n')170Tm"
170Tm,424.7,0.9795428720000001,"(n,n')170Tm"
170Tm,235.19,0.9792880624281797,"(n,n')170Tm"
170Tm,598.8,0.9046003999999999,"(n,n')170Tm"
170Tm,426.5,0.8345124,"(n,n')170Tm"
170Tm,523.37,0.8192259302,"(n,n')170Tm"
170Tm,31.7,0.76674258742432,"(n,n')170Tm"
170Tm,197.31,0.615327676,"(n,n')170Tm"
170Tm,88.95,0.6018196393440001,"(n,n')170Tm"
170Tm,266.89,0.5820655565410401,"(n,n')170Tm"
170Tm,611.66,0.5768483492099999,"(n,n')170Tm"
170Tm,352.99,0.557045666286,"(n,n')170Tm"
170Tm,107.9,0.5379051216,"(n,n')170Tm"
170Tm,153.67,0.536688944566432,"(n,n')170Tm"
170Tm,111.01,0.5036332799500053,"(n,n')170Tm"
170Tm,364.02,0.4960098000000001,"(n,n')170Tm"
170Tm,408.36,0.4833662500128,"(n,n')170Tm"
170Tm,269.17,0.473051072,"(n,n')170Tm"
170Tm,17.53,0.4613184853237218,"(n,n')170Tm"
170Tm,156.01,0.4549993995027344,"(n,n')170Tm"
170Tm,68.65,0.4521442897520825,"(n,n')170Tm"
170Tm,342.72,0.42997858993128,"(n,n')170Tm"
170Tm,169.32,0.39188661300000005,"(n,n')170Tm"
170Tm,198.53,0.3790576997809754,"(n,n')170Tm"
170Tm,89.91,0.3728883981209776,"(n,n')170Tm"
170Tm,198.24,0.36760190777336,"(n,n')170Tm"
170Tm,616.6,0.35951600000000006,"(n,n')170Tm"
170Tm,648.75,0.33154989644,"(n,n')170Tm"
170Tm,499.03,0.31266722097999994,"(n,n')170Tm"
170Tm,400.67,0.29406027440000004,"(n,n')170Tm"
170Tm,192.63,0.262936314,"(n,n')170Tm"
170Tm,171.86,0.2530067568,"(n,n')170Tm"
170Tm,429.04,0.25026176238399994,"(n,n')170Tm"
170Tm,599.2,0.24450868119999994,"(n,n')170Tm"
170Tm,388.18,0.21181024440000004,"(n,n')170Tm"
170Tm,454.27,0.1914551856,"(n,n')170Tm"
170Tm,610.04,0.150733120616,"(n,n')170Tm"
170Tm,243.58,0.14693813822110083,"(n,n')170Tm"
170Tm,231.42,0.142978365,"(n,n')170Tm"
170Tm,174.93,0.1391222798050848,"(n,n')170Tm"
170Tm,384.28,0.12999074759999998,"(n,n')170Tm"
170Tm,493.35,0.1265772932,"(n,n')170Tm"
170Tm,332.53,0.1235481587648,"(n,n')170Tm"
170Tm,418.2,0.1121003256,"(n,n')170Tm"
170Tm,370.52,0.1066269222414,"(n,n')170Tm"
170Tm,413.13,0.086977256538,"(n,n')170Tm"
170Tm,335.27,0.082461136,"(n,n')170Tm"
170Tm,112.49,0.07973210607571278,"(n,n')170Tm"
170Tm,63.96,0.07012241577792001,"(n,n')170Tm"
170Tm,263.88,0.0617740793824,"(n,n')170Tm"
170Tm,440.51,0.056867562604400006,"(n,n')170Tm"
174Hf,91.0,1774.97083670555,"(n,n')174Hf"
174Hf,206.5,596.4031752825814,"(n,n')174Hf"
174Hf,1217.7,93.7572117367022,"(n,n')174Hf"
174Hf,1212.4,73.15699090875391,"(n,n')174Hf"
174Hf,809.2,70.43041696752671,"(n,n')174Hf"
174Hf,1245.5,62.48475003975343,"(n,n')174Hf"
174Hf,1205.9,57.12726434608914,"(n,n')174Hf"
174Hf,1135.8,54.45582374957897,"(n,n')174Hf"
174Hf,1228.4,54.29487363202848,"(n,n')174Hf"
174Hf,737.2,53.44115096408141,"(n,n')174Hf"
174Hf,602.7,52.822812725645036,"(n,n')174Hf"
174Hf,900.2,52.822812725645036,"(n,n')174Hf"
174Hf,1226.8,52.32030124959548,"(n,n')174Hf"
174Hf,310.9,48.05854852854426,"(n,n')174Hf"
174Hf,1127.8,46.99824941152481,"(n,n')174Hf"
174Hf,764.7,31.552463944992,"(n,n')174Hf"
174Hf,1021.9,31.025642075444843,"(n,n')174Hf"
174Hf,971.2,30.86654081575304,"(n,n')174Hf"
174Hf,1198.9,28.71114891631877,"(n,n')174Hf"
174Hf,596.2,27.15919492084208,"(n,n')174Hf"
174Hf,1097.2,24.448422367797654,"(n,n')174Hf"
174Hf,1151.4,22.524783949117424,"(n,n')174Hf"
174Hf,1303.7,20.003254664561716,"(n,n')174Hf"
174Hf,1357.9,16.791202580251166,"(n,n')174Hf"
174Hf,1039.0,15.621187509938357,"(n,n')174Hf"
174Hf,1496.4,13.191608961551868,"(n,n')174Hf"
174Hf,1145.4,12.820230210286143,"(n,n')174Hf"
174Hf,1017.7,12.00930410683439,"(n,n')174Hf"
174Hf,1535.1,12.00930410683439,"(n,n')174Hf"
174Hf,480.5,10.41746797074469,"(n,n')174Hf"
174Hf,834.5,9.28361497986238,"(n,n')174Hf"
174Hf,828.2,8.699722249966742,"(n,n')174Hf"
174Hf,1405.4,8.535746975121796,"(n,n')174Hf"
174Hf,1005.9,8.128554545417101,"(n,n')174Hf"
174Hf,419.2,6.78685920400356,"(n,n')174Hf"
174Hf,453.8,6.173308163150608,"(n,n')174Hf"
174Hf,1328.6,6.004652053417195,"(n,n')174Hf"
174Hf,1319.4,3.8782052594306053,"(n,n')174Hf"
174Hf,525.1,3.537502643878212,"(n,n')174Hf"
174Hf,1412.4,2.4837941020038756,"(n,n')174Hf"
174Hf,441.2,2.4837941020038756,"(n,n')174Hf"
174Hf,840.5,1.6381661053903578,"(n,n')174Hf"
174Hf,491.2,0.9695513148576513,"(n,n')174Hf"
176Hf,88.3,1957.0140340719474,"(n,n')176Hf"
176Hf,201.9,479.31276516748494,"(n,n')176Hf"
176Hf,1159.4,128.37489009697876,"(n,n')176Hf"
176Hf,1291.1,83.22517640482882,"(n,n')176Hf"
176Hf,1225.0,72.8719843990587,"(n,n')176Hf"
176Hf,1489.4,62.251905712013766,"(n,n')176Hf"
176Hf,1357.5,59.64922302388548,"(n,n')176Hf"
176Hf,1341.3,52.64321962359438,"(n,n')176Hf"
176Hf,1138.3,49.09432867526945,"(n,n')176Hf"
176Hf,1253.0,48.51433965311639,"(n,n')176Hf"
176Hf,1679.2,47.206517826086674,"(n,n')176Hf"
176Hf,1555.1,43.10581286547233,"(n,n')176Hf"
176Hf,1061.6,41.24092263730737,"(n,n')176Hf"
176Hf,936.4,40.91194056272454,"(n,n')176Hf"
176Hf,1584.0,39.75701178838564,"(n,n')176Hf"
176Hf,1023.1,34.292698540733504,"(n,n')176Hf"
176Hf,1114.4,33.37630768686362,"(n,n')176Hf"
176Hf,1704.6,30.75595335833046,"(n,n')176Hf"
176Hf,1621.9,29.742574180601174,"(n,n')176Hf"
176Hf,1204.9,28.6959523250704,"(n,n')176Hf"
176Hf,306.8,28.39887850437145,"(n,n')176Hf"
176Hf,1616.3,28.390110792305038,"(n,n')176Hf"
176Hf,1226.6,26.88498951264756,"(n,n')176Hf"
176Hf,1697.8,26.263928427425018,"(n,n')176Hf"
176Hf,1643.4,25.31611231781708,"(n,n')176Hf"
176Hf,1722.1,24.48753975678746,"(n,n')176Hf"
176Hf,156.9,22.648208787514598,"(n,n')176Hf"
176Hf,1633.8,21.71536544469831,"(n,n')176Hf"
176Hf,1420.0,21.53772613078016,"(n,n')176Hf"
176Hf,1155.6,18.83659674438489,"(n,n')176Hf"
176Hf,1705.4,17.44065412403481,"(n,n')176Hf"
176Hf,1495.9,15.424846854201995,"(n,n')176Hf"
176Hf,175.6,14.616235928906887,"(n,n')176Hf"
176Hf,216.0,13.18683604500193,"(n,n')176Hf"
176Hf,1089.2,12.88008682455684,"(n,n')176Hf"
176Hf,1503.5,11.910690621292067,"(n,n')176Hf"
176Hf,1672.3,8.834891508530141,"(n,n')176Hf"
176Hf,1287.5,7.685420458273304,"(n,n')176Hf"
176Hf,1293.2,7.1739880812676,"(n,n')176Hf"
176Hf,264.4,6.916878412445973,"(n,n')176Hf"
176Hf,91.3,3.5760329664496733,"(n,n')176Hf"
176Hf,1379.4,2.9723277287438865,"(n,n')176Hf"
176Hf,957.5,2.9419245647224295,"(n,n')176Hf"
176Hf,1247.7,2.4070291893183517,"(n,n')176Hf"
176Hf,1051.1,2.0644399852389954,"(n,n')176Hf"
176Hf,401.0,0.9814698300307475,"(n,n')176Hf"
176Hf,292.9,0.4908273060294523,"(n,n')176Hf"
177Hf,113.0,568.2212617472634,"(n,n')177Hf"
177Hf,249.7,166.88589615380707,"(n,n')177Hf"
177Hf,208.3,139.18004308151126,"(n,n')177Hf"
177Hf,105.4,61.759279726912645,"(n,n')177Hf"
177Hf,508.1,58.85405006824272,"(n,n')177Hf"
177Hf,136.7,41.72147403845177,"(n,n')177Hf"
177Hf,296.5,38.05806163547789,"(n,n')177Hf"
177Hf,745.9,26.520093728059376,"(n,n')177Hf"
177Hf,128.5,26.402721940210085,"(n,n')177Hf"
177Hf,491.4,25.456349143362047,"(n,n')177Hf"
177Hf,177.0,18.266829215002332,"(n,n')177Hf"
177Hf,604.4,18.031580643214784,"(n,n')177Hf"
177Hf,805.7,17.012070951327846,"(n,n')177Hf"
177Hf,873.0,16.569244798532715,"(n,n')177Hf"
177Hf,341.6,16.056577776428835,"(n,n')177Hf"
177Hf,760.0,13.04387356480235,"(n,n')177Hf"
177Hf,424.6,13.042669046586578,"(n,n')177Hf"
177Hf,734.4,12.536494293984852,"(n,n')177Hf"
177Hf,420.7,10.110076043536171,"(n,n')177Hf"
177Hf,233.9,9.748697331769876,"(n,n')177Hf"
177Hf,153.3,8.91570078889831,"(n,n')177Hf"
177Hf,847.4,8.896866918311831,"(n,n')177Hf"
177Hf,297.6,8.379079722295806,"(n,n')177Hf"
177Hf,96.3,7.424768500147263,"(n,n')177Hf"
177Hf,281.8,7.372598729281293,"(n,n')177Hf"
177Hf,313.7,6.958792081905651,"(n,n')177Hf"
177Hf,385.0,6.6176601467771174,"(n,n')177Hf"
177Hf,526.1,5.661642584380257,"(n,n')177Hf"
177Hf,395.1,4.429874736319344,"(n,n')177Hf"
177Hf,159.8,4.2286735150530985,"(n,n')177Hf"
177Hf,632.9,3.9128007139759733,"(n,n')177Hf"
177Hf,327.6,3.3403858387930487,"(n,n')177Hf"
177Hf,597.7,3.2352243339315754,"(n,n')177Hf"
177Hf,321.3,3.1895426539512997,"(n,n')177Hf"
177Hf,364.9,3.1728341103573285,"(n,n')177Hf"
177Hf,305.5,2.8433700550995473,"(n,n')177Hf"
177Hf,71.6,2.609625807778336,"(n,n')177Hf"
177Hf,268.6,2.467759863611256,"(n,n')177Hf"
177Hf,174.3,2.344130413188105,"(n,n')177Hf"
177Hf,145.7,1.6247828886283127,"(n,n')177Hf"
177Hf,354.7,1.591021821460128,"(n,n')177Hf"
177Hf,181.8,0.8450830408646754,"(n,n')177Hf"
177Hf,299.0,0.7886966082486965,"(n,n')177Hf"
177Hf,283.1,0.5303406071533758,"(n,n')177Hf"
177Hf,291.5,0.17580978098910785,"(n,n')177Hf"
177Hf,117.2,0.06858231376075621,"(n,n')177Hf"
178Hf,93.2,1615.478935386391,"(n,n')178Hf"
178Hf,213.4,332.39561213866034,"(n,n')178Hf"
178Hf,1309.9,110.04880530687217,"(n,n')178Hf"
178Hf,1269.2,107.99898076979578,"(n,n')178Hf"
178Hf,1167.0,100.24483319057302,"(n,n')178Hf"
178Hf,1229.2,91.21659570499374,"(n,n')178Hf"
178Hf,1183.4,68.52694904308387,"(n,n')178Hf"
178Hf,1081.4,62.184037625174085,"(n,n')178Hf"
178Hf,1174.6,55.14433525251287,"(n,n')178Hf"
178Hf,1402.9,49.18491691451701,"(n,n')178Hf"
178Hf,1254.7,42.92214362568966,"(n,n')178Hf"
178Hf,1106.1,35.65065171030044,"(n,n')178Hf"
178Hf,203.7,28.503027930919433,"(n,n')178Hf"
178Hf,325.6,27.857624193571485,"(n,n')178Hf"
178Hf,1496.1,27.765678903356378,"(n,n')178Hf"
178Hf,1340.8,27.186739667094894,"(n,n')178Hf"
178Hf,1350.6,26.275377565252487,"(n,n')178Hf"
178Hf,970.0,23.193736599197617,"(n,n')178Hf"
178Hf,256.6,21.335067929804694,"(n,n')178Hf"
178Hf,1473.3,18.668184438579104,"(n,n')178Hf"
178Hf,1216.7,16.444074356199287,"(n,n')178Hf"
178Hf,1468.1,15.738119329419542,"(n,n')178Hf"
178Hf,1276.6,13.705389808616774,"(n,n')178Hf"
178Hf,204.1,13.334417456127934,"(n,n')178Hf"
178Hf,1561.3,12.876643087706897,"(n,n')178Hf"
178Hf,1513.6,11.633888951395686,"(n,n')178Hf"
178Hf,1420.4,11.633888951395686,"(n,n')178Hf"
178Hf,151.2,6.398638923267627,"(n,n')178Hf"
178Hf,426.3,2.8275829194386852,"(n,n')178Hf"
178Hf,1189.5,2.379915334573404,"(n,n')178Hf"
178Hf,88.9,2.147587201276224,"(n,n')178Hf"
178Hf,331.6,0.7091632349751154,"(n,n')178Hf"
178Hf,1199.3,0.3601075930333377,"(n,n')178Hf"
178Hf,1443.8,0.2681160976046172,"(n,n')178Hf"
178Hf,269.2,0.2681160976046172,"(n,n')178Hf"
178Hf,216.7,0.05997765294557265,"(n,n')178Hf"
178Hf,454.1,0.007725966579923605,"(n,n')178Hf"
178Hf,237.4,0.0041601358507280944,"(n,n')178Hf"
179Hf,122.7,484.2232457802565,"(n,n')179Hf"
179Hf,214.3,143.84664276346228,"(n,n')179Hf"
179Hf,146.1,134.0600514309001,"(n,n')179Hf"
179Hf,268.8,54.75692241543807,"(n,n')179Hf"
179Hf,215.0,44.94328107383298,"(n,n')179Hf"
179Hf,123.4,43.87320295302744,"(n,n')179Hf"
179Hf,279.2,43.26932089101794,"(n,n')179Hf"
179Hf,304.1,31.058034440703345,"(n,n')179Hf"
179Hf,315.9,28.313278398128656,"(n,n')179Hf"
179Hf,169.8,27.202953755064783,"(n,n')179Hf"
179Hf,1003.4,24.719196647347275,"(n,n')179Hf"
179Hf,870.2,23.66850809772095,"(n,n')179Hf"
179Hf,337.7,18.191328053694303,"(n,n')179Hf"
179Hf,362.4,15.443741960885095,"(n,n')179Hf"
179Hf,655.9,10.923926814332743,"(n,n')179Hf"
179Hf,192.6,8.315861055861205,"(n,n')179Hf"
179Hf,409.7,5.7727959764448755,"(n,n')179Hf"
179Hf,160.7,4.119577373944339,"(n,n')179Hf"
179Hf,375.0,4.119577373944339,"(n,n')179Hf"
179Hf,217.1,2.4740554184763752,"(n,n')179Hf"
179Hf,532.5,1.8206544690554574,"(n,n')179Hf"
179Hf,789.1,0.504473400966271,"(n,n')179Hf"
180Hf,93.3,1674.9917900945434,"(n,n')180Hf"
180Hf,215.3,558.08469718263,"(n,n')180Hf"
180Hf,1065.8,109.72894061085611,"(n,n')180Hf"
180Hf,1199.7,98.14608408174414,"(n,n')180Hf"
180Hf,1106.4,90.44835199690145,"(n,n')180Hf"
180Hf,1197.7,80.68858523737568,"(n,n')180Hf"
180Hf,1446.0,69.81763203906138,"(n,n')180Hf"
180Hf,1089.9,66.46119855204688,"(n,n')180Hf"
180Hf,1100.6,51.234810726243076,"(n,n')180Hf"
180Hf,1230.7,46.54508802604093,"(n,n')180Hf"
180Hf,1281.1,38.55341156597647,"(n,n')180Hf"
180Hf,332.3,36.98105133375568,"(n,n')180Hf"
180Hf,1315.9,27.58797500643858,"(n,n')180Hf"
180Hf,982.4,12.056915035469931,"(n,n')180Hf"
180Hf,891.1,3.8488660424213386,"(n,n')180Hf"
180Hf,443.0,3.241503440758621,"(n,n')180Hf"
180Hf,57.7,2.108783159722825,"(n,n')180Hf"
180Hf,500.7,0.5605626120782193,"(n,n')180Hf"
180Ta,39.67,913.7964384505184,"(n,n')180Ta"
180Ta,107.85,806.4223378071773,"(n,n')180Ta"
180Ta,71.2,626.3554103082249,"(n,n')180Ta"
180Ta,22.7,487.88179591318135,"(n,n')180Ta"
180Ta,63.2,412.93855987,"(n,n')180Ta"
180Ta,40.73,361.66202545055893,"(n,n')180Ta"
180Ta,74.16,307.33654866704717,"(n,n')180Ta"
180Ta,63.43,252.35179649460864,"(n,n')180Ta"
180Ta,83.87,197.55285224394996,"(n,n')180Ta"
180Ta,147.13,97.324221853825,"(n,n')180Ta"
180Ta,125.94,87.48669063311216,"(n,n')180Ta"
180Ta,50.52,69.1769711683,"(n,n')180Ta"
180Ta,320.46,67.74453267394148,"(n,n')180Ta"
180Ta,101.65,61.638859059075,"(n,n')180Ta"
180Ta,280.79,52.64956637910853,"(n,n')180Ta"
180Ta,100.55,32.483945740524995,"(n,n')180Ta"
180Ta,315.76,24.801577790212495,"(n,n')180Ta"
180Ta,105.43,22.29292388389,"(n,n')180Ta"
180Ta,252.33,16.4067133300275,"(n,n')180Ta"
180Ta,179.03,14.325526283864999,"(n,n')180Ta"
180Ta,200.1,4.39632958959785,"(n,n')180Ta"
180Ta,383.94,3.28060051749,"(n,n')180Ta"
180Ta,370.98,2.9190103122874995,"(n,n')180Ta"
180Ta,260.11,2.4332824496675,"(n,n')180Ta"
180Ta,423.61,1.6321401605489996,"(n,n')180Ta"
180Ta,331.31,1.3424754824865,"(n,n')180Ta"
180Ta,293.06,0.7996692392002499,"(n,n')180Ta"
180Ta,77.1,0.7638841375,"(n,n')180Ta"
180Ta,231.37,0.696628540087,"(n,n')180Ta"
180Ta,185.52,0.6654090803325,"(n,n')180Ta"
180Ta,196.07,0.6607694684484999,"(n,n')180Ta"
180Ta,202.93,0.094996199622025,"(n,n')180Ta"
180W,103.56,996.216827830592,"(n,n')180W"
180W,902.79,187.41753703352066,"(n,n')180W"
180W,233.98,168.57068471457137,"(n,n')180W"
180W,76.02,81.02076586927501,"(n,n')180W"
180W,1013.74,47.138162582499994,"(n,n')180W"
180W,1117.3,39.465112417499995,"(n,n')180W"
180W,178.52,23.0576559,"(n,n')180W"
180W,350.9,20.12652275,"(n,n')180W"
180W,102.5,17.432591175000002,"(n,n')180W"
180W,744.83,9.707975305725002,"(n,n')180W"
180W,847.33,4.751809425,"(n,n')180W"
180W,1081.31,1.2076935000000002,"(n,n')180W"
180W,1006.35,1.06078250190794,"(n,n')180W"
180W,668.81,0.947127233846375,"(n,n')180W"
180W,450.02,0.43807274999999996,"(n,n')180W"
181Ta,136.27,1418.8144519975185,"(n,n')181Ta"
181Ta,6.24,955.5524796976986,"(n,n')181Ta"
181Ta,165.35,465.3333430376855,"(n,n')181Ta"
181Ta,152.31,460.69297002569,"(n,n')181Ta"
181Ta,482.18,337.9124460772051,"(n,n')181Ta"
181Ta,136.87,113.560810489875,"(n,n')181Ta"
181Ta,331.3,112.87721134345502,"(n,n')181Ta"
181Ta,178.99,112.87721134345502,"(n,n')181Ta"
181Ta,193.57,107.51191368997834,"(n,n')181Ta"
181Ta,301.62,95.38758821459791,"(n,n')181Ta"
181Ta,133.03,87.576371976825,"(n,n')181Ta"
181Ta,358.92,68.47061228949161,"(n,n')181Ta"
181Ta,345.92,66.6285448591914,"(n,n')181Ta"
181Ta,383.96,54.772555576920006,"(n,n')181Ta"
181Ta,204.97,54.772555576920006,"(n,n')181Ta"
181Ta,1072.85,50.571069110124995,"(n,n')181Ta"
181Ta,1095.13,50.571069110124995,"(n,n')181Ta"
181Ta,415.05,42.38433531968009,"(n,n')181Ta"
181Ta,1340.0,39.172084457475,"(n,n')181Ta"
181Ta,1333.76,39.172084457475,"(n,n')181Ta"
181Ta,221.48,34.52763817026759,"(n,n')181Ta"
181Ta,907.82,26.7022454686225,"(n,n')181Ta"
181Ta,774.79,26.7022454686225,"(n,n')181Ta"
181Ta,435.43,17.4349498110725,"(n,n')181Ta"
181Ta,230.46,17.4349498110725,"(n,n')181Ta"
181Ta,469.78,16.787903966772326,"(n,n')181Ta"
181Ta,860.89,15.3599088565425,"(n,n')181Ta"
181Ta,1244.85,15.3599088565425,"(n,n')181Ta"
181Ta,1065.86,15.3599088565425,"(n,n')181Ta"
181Ta,248.3,8.910205145382676,"(n,n')181Ta"
181Ta,522.81,4.6421570617125,"(n,n')181Ta"
181Ta,485.37,4.3721786186000005,"(n,n')181Ta"
181Ta,254.91,4.3721786186000005,"(n,n')181Ta"
181Ta,475.94,3.7971342616334707,"(n,n')181Ta"
181Ta,274.51,1.43569819835875,"(n,n')181Ta"
181Ta,534.09,1.314663636596,"(n,n')181Ta"
181Ta,619.05,0.42276434336760005,"(n,n')181Ta"
181Ta,615.21,0.13200122178585,"(n,n')181Ta"
182W,100.11,1061.8433482018415,"(n,n')182W"
182W,229.32,202.74265353060358,"(n,n')182W"
182W,1121.3,70.746225759064,"(n,n')182W"
182W,1221.41,54.66639694477,"(n,n')182W"
182W,1231.02,54.091984875,"(n,n')182W"
182W,67.75,46.20492074,"(n,n')182W"
182W,1257.42,40.47506708761494,"(n,n')182W"
182W,1035.7,23.220666995548555,"(n,n')182W"
182W,351.07,23.10017375,"(n,n')182W"
182W,1157.31,18.629837881625516,"(n,n')182W"
182W,927.99,16.877318159437557,"(n,n')182W"
182W,1189.05,15.01547916,"(n,n')182W"
182W,1001.7,9.808765124999999,"(n,n')182W"
182W,1289.16,1.2608906199999999,"(n,n')182W"
182W,31.74,1.19688602,"(n,n')182W"
182W,463.9,0.59287375,"(n,n')182W"
182W,959.73,0.32642346,"(n,n')182W"
182W,121.61,0.22096699554855415,"(n,n')182W"
182W,891.98,0.11297303616599999,"(n,n')182W"
183W,46.48,537.0258828490452,"(n,n')183W"
183W,52.6,243.7014341707589,"(n,n')183W"
183W,99.08,203.94998789161968,"(n,n')183W"
183W,107.93,66.23234677166617,"(n,n')183W"
183W,162.33,42.459588374022886,"(n,n')183W"
183W,109.73,11.487433544849962,"(n,n')183W"
183W,209.87,10.937981042958969,"(n,n')183W"
183W,84.71,10.540714251779523,"(n,n')183W"
183W,313.01,6.3791342432501095,"(n,n')183W"
183W,160.53,6.192307981385958,"(n,n')183W"
183W,102.48,5.6683475,"(n,n')183W"
183W,246.06,4.859576788500001,"(n,n')183W"
183W,208.81,3.836849031076646,"(n,n')183W"
183W,291.72,3.7090103484082486,"(n,n')183W"
183W,101.94,3.3078916360706856,"(n,n')183W"
183W,82.91,3.298959679574721,"(n,n')183W"
183W,161.35,2.5589373605250003,"(n,n')183W"
183W,166.45,2.4628578877500003,"(n,n')183W"
183W,103.14,2.339927380102153,"(n,n')183W"
183W,205.08,2.2956549644519177,"(n,n')183W"
183W,268.39,1.6826696122500004,"(n,n')183W"
183W,353.99,1.6398758778500002,"(n,n')183W"
183W,244.26,1.2674476977750002,"(n,n')183W"
183W,177.51,0.89441,"(n,n')183W"
183W,487.0,0.89441,"(n,n')183W"
183W,365.61,0.8724270142840526,"(n,n')183W"
183W,144.12,0.8565824111775003,"(n,n')183W"
183W,203.28,0.7877885725997787,"(n,n')183W"
183W,40.98,0.7616737206575,"(n,n')183W"
183W,245.24,0.5102440449285984,"(n,n')183W"
183W,192.64,0.4954005818034029,"(n,n')183W"
183W,120.37,0.3463665459694895,"(n,n')183W"
183W,406.59,0.07088126366475002,"(n,n')183W"
184W,111.21,927.51394204,"(n,n')184W"
184W,252.85,185.860721755,"(n,n')184W"
184W,894.76,59.64220610499999,"(n,n')184W"
184W,903.28,41.373207959999995,"(n,n')184W"
184W,792.07,40.82838918,"(n,n')184W"
184W,891.27,23.940625,"(n,n')184W"
184W,384.25,16.505675,"(n,n')184W"
184W,641.91,7.439343894999999,"(n,n')184W"
184W,539.22,0.34670286,"(n,n')184W"
185Re,125.36,1146.2192353202252,"(n,n')185Re"
185Re,242.84,409.7968852648125,"(n,n')185Re"
185Re,158.74,366.0146040508125,"(n,n')185Re"
185Re,178.7,146.24383038104375,"(n,n')185Re"
185Re,646.12,116.94441436244205,"(n,n')185Re"
185Re,191.5,74.56313179655001,"(n,n')185Re"
185Re,350.24,74.56313179655001,"(n,n')185Re"
185Re,874.82,46.26212146581875,"(n,n')185Re"
185Re,917.0,42.5148209046625,"(n,n')185Re"
185Re,632.9,42.5148209046625,"(n,n')185Re"
185Re,931.06,41.9084823191375,"(n,n')185Re"
185Re,768.93,34.6142817365,"(n,n')185Re"
185Re,122.81,34.6142817365,"(n,n')185Re"
185Re,717.43,34.51765635810236,"(n,n')185Re"
185Re,412.9,32.4339430489375,"(n,n')185Re"
185Re,221.4,32.4339430489375,"(n,n')185Re"
185Re,71.31,30.17984927915903,"(n,n')185Re"
185Re,210.5,29.34546099560625,"(n,n')185Re"
185Re,389.2,29.34546099560625,"(n,n')185Re"
185Re,681.9,23.30921101666125,"(n,n')185Re"
185Re,966.0,23.30921101666125,"(n,n')185Re"
185Re,728.9,22.834333843365627,"(n,n')185Re"
185Re,1013.0,22.834333843365627,"(n,n')185Re"
185Re,284.1,15.389640340143124,"(n,n')185Re"
185Re,880.28,14.717472167319249,"(n,n')185Re"
185Re,592.07,11.601579474647613,"(n,n')185Re"
185Re,242.6,10.373160168018124,"(n,n')185Re"
185Re,129.0,9.052140992949376,"(n,n')185Re"
185Re,279.1,9.052140992949376,"(n,n')185Re"
185Re,162.85,8.68284690224025,"(n,n')185Re"
185Re,78.6,8.64995599680625,"(n,n')185Re"
185Re,252.5,7.405001980396875,"(n,n')185Re"
185Re,473.9,7.405001980396875,"(n,n')185Re"
185Re,234.16,2.56098582967675,"(n,n')185Re"
185Re,805.7,0.0331338820863875,"(n,n')185Re"
185Re,749.46,0.02281848781307687,"(n,n')185Re"
186W,122.58,878.8948598494043,"(n,n')186W"
186W,273.97,172.22624689889926,"(n,n')186W"
186W,737.86,65.34149051047078,"(n,n')186W"
186W,615.28,60.37932514416836,"(n,n')186W"
186W,214.88,42.277624473687496,"(n,n')186W"
186W,739.5,38.75091945708658,"(n,n')186W"
186W,412.06,23.60885,"(n,n')186W"
186W,610.12,21.651752572499998,"(n,n')186W"
186W,277.03,17.0117795575,"(n,n')186W"
186W,307.47,15.335927450000002,"(n,n')186W"
186W,92.59,13.808073125000002,"(n,n')186W"
186W,908.12,13.3656726,"(n,n')186W"
186W,884.09,12.67927913,"(n,n')186W"
186W,759.42,11.809925,"(n,n')186W"
186W,634.15,9.6389274,"(n,n')186W"
186W,892.31,9.251108982499998,"(n,n')186W"
186W,618.34,6.2085364599999995,"(n,n')186W"
186W,268.81,5.7425432975,"(n,n')186W"
186W,183.25,5.021117500000001,"(n,n')186W"
186W,465.53,3.9122088673509197,"(n,n')186W"
186W,90.66,2.6309608244375,"(n,n')186W"
186W,922.75,1.5637194500000002,"(n,n')186W"
186W,830.16,1.32716318675,"(n,n')186W"
186W,341.31,0.5429341240483563,"(n,n')186W"
186W,952.74,0.495349640125,"(n,n')186W"
186W,648.78,0.13628747500000002,"(n,n')186W"
187Re,134.24,986.1560590513608,"(n,n')187Re"
187Re,168.89,376.2897494400175,"(n,n')187Re"
187Re,72.0,323.71898080068064,"(n,n')187Re"
187Re,511.77,296.9584663363197,"(n,n')187Re"
187Re,86.87,181.75930991980002,"(n,n')187Re"
187Re,70.22,145.77777337753372,"(n,n')187Re"
187Re,77.37,106.88615112016916,"(n,n')187Re"
187Re,29.23,69.76159465461828,"(n,n')187Re"
187Re,772.9,67.43575601116451,"(n,n')187Re"
187Re,685.78,64.50384839722417,"(n,n')187Re"
187Re,7.15,64.2519048422939,"(n,n')187Re"
187Re,618.36,62.473684437425646,"(n,n')187Re"
187Re,647.23,55.99919378951875,"(n,n')187Re"
187Re,479.53,53.732147542590525,"(n,n')187Re"
187Re,767.8,51.6109041189375,"(n,n')187Re"
187Re,100.37,48.4911700750625,"(n,n')187Re"
187Re,262.87,45.62713576729375,"(n,n')187Re"
187Re,36.37,37.572806294560515,"(n,n')187Re"
187Re,353.0,36.36037977555625,"(n,n')187Re"
187Re,439.87,36.36037977555625,"(n,n')187Re"
187Re,43.66,36.072254383135,"(n,n')187Re"
187Re,93.22,32.02083230589375,"(n,n')187Re"
187Re,141.01,27.755823663237503,"(n,n')187Re"
187Re,206.24,22.53006010822447,"(n,n')187Re"
187Re,682.76,22.226252277241876,"(n,n')187Re"
187Re,610.76,22.226252277241876,"(n,n')187Re"
187Re,303.13,17.58698435314687,"(n,n')187Re"
187Re,589.14,13.085412976553974,"(n,n')187Re"
187Re,864.64,12.534852307848752,"(n,n')187Re"
187Re,551.53,12.04939802592411,"(n,n')187Re"
187Re,246.28,7.840813348246249,"(n,n')187Re"
187Re,106.6,6.434964240684921,"(n,n')187Re"
187Re,239.13,5.901971286329374,"(n,n')187Re"
187Re,208.43,5.7401649369175,"(n,n')187Re"
187Re,692.55,4.57219170649875,"(n,n')187Re"
187Re,581.99,4.502615645117743,"(n,n')187Re"
187Re,454.89,3.1668803658363847,"(n,n')187Re"
187Re,816.56,1.5907666910445002,"(n,n')187Re"
187Re,154.54,1.2053106624134982,"(n,n')187Re"
187Re,682.32,1.1196699675633124,"(n,n')187Re"
187Re,844.86,0.8279688617993124,"(n,n')187Re"
187Re,198.2,0.8151228380998748,"(n,n')187Re"
187Re,826.79,0.7479088553284373,"(n,n')187Re"
187Re,178.86,0.5879556392831875,"(n,n')187Re"
187Re,375.75,0.2682781714107365,"(n,n')187Re"
187Re,261.13,0.26348741460766467,"(n,n')187Re"
187Re,484.12,0.16847274537796936,"(n,n')187Re"
187Re,275.5,0.12914991368853748,"(n,n')187Re"
187Re,113.75,0.08977463324680532,"(n,n')187Re"
187Re,352.87,0.075037399101175,"(n,n')187Re"
187Re,625.51,0.059055499741599835,"(n,n')187Re"
187Re,638.66,0.05309742027585645,"(n,n')187Re"
187Re,103.78,0.04326907975369919,"(n,n')187Re"
191Ir,129.42,351.47288046221746,"(n,n')191Ir"
191Ir,82.42,70.59017405294453,"(n,n')191Ir"
191Ir,213.94,66.65620452881059,"(n,n')191Ir"
191Ir,343.36,65.86110069745301,"(n,n')191Ir"
191Ir,41.82,59.89209799019667,"(n,n')191Ir"
191Ir,96.52,45.94575271147223,"(n,n')191Ir"
191Ir,219.53,40.49300473353,"(n,n')191Ir"
191Ir,373.42,23.35554892,"(n,n')191Ir"
191Ir,172.2,16.355242264626003,"(n,n')191Ir"
191Ir,588.06,14.129499583333333,"(n,n')191Ir"
191Ir,268.47,13.40916632353,"(n,n')191Ir"
191Ir,538.86,13.086052723190054,"(n,n')191Ir"
191Ir,208.95,12.616312233333334,"(n,n')191Ir"
191Ir,614.0,12.359449999999999,"(n,n')191Ir"
191Ir,556.98,9.258115295000001,"(n,n')191Ir"
191Ir,409.44,8.832022080492612,"(n,n')191Ir"
191Ir,161.06,8.74647102,"(n,n')191Ir"
191Ir,263.2,8.000971743333332,"(n,n')191Ir"
191Ir,351.14,7.550725074947514,"(n,n')191Ir"
191Ir,686.4,6.896334705000001,"(n,n')191Ir"
191Ir,359.92,6.6166538150263285,"(n,n')191Ir"
191Ir,624.09,5.4869011901824996,"(n,n')191Ir"
191Ir,458.64,4.720792291666667,"(n,n')191Ir"
191Ir,159.48,4.508384413333333,"(n,n')191Ir"
191Ir,153.28,4.41707747,"(n,n')191Ir"
191Ir,482.73,4.035994923333333,"(n,n')191Ir"
191Ir,385.52,3.828765,"(n,n')191Ir"
191Ir,268.72,3.710993021149424,"(n,n')191Ir"
191Ir,178.94,3.493246317020348,"(n,n')191Ir"
191Ir,456.44,3.4523094831121552,"(n,n')191Ir"
191Ir,375.0,3.0945116766666665,"(n,n')191Ir"
191Ir,568.87,2.90419819,"(n,n')191Ir"
191Ir,85.23,2.3993670694675,"(n,n')191Ir"
191Ir,325.48,2.0094231666666666,"(n,n')191Ir"
191Ir,576.82,1.8053003547650002,"(n,n')191Ir"
191Ir,420.21,1.5085916666666666,"(n,n')191Ir"
191Ir,541.67,1.5072445666849998,"(n,n')191Ir"
191Ir,47.0,1.2698739157607215,"(n,n')191Ir"
191Ir,49.52,0.8959623118582448,"(n,n')191Ir"
191Ir,480.3,0.8700042867294999,"(n,n')191Ir"
191Ir,187.72,0.7330022030494054,"(n,n')191Ir"
191Ir,404.45,0.63955267,"(n,n')191Ir"
191Ir,396.67,0.61858373,"(n,n')191Ir"
191Ir,244.7,0.4892914583333333,"(n,n')191Ir"
191Ir,618.39,0.4787907966666667,"(n,n')191Ir"
191Ir,221.72,0.37221886931773107,"(n,n')191Ir"
191Ir,659.24,0.23668034066750002,"(n,n')191Ir"
191Ir,494.67,0.231656283969,"(n,n')191Ir"
191Ir,445.15,0.231656283969,"(n,n')191Ir"
191Ir,747.81,0.21667904666666668,"(n,n')191Ir"
191Ir,195.5,0.0032723312636134174,"(n,n')191Ir"
193Ir,138.89,331.0513214883413,"(n,n')193Ir"
193Ir,73.04,144.7252365802843,"(n,n')193Ir"
193Ir,80.22,101.1312172473921,"(n,n')193Ir"
193Ir,107.02,88.55005641614702,"(n,n')193Ir"
193Ir,218.8,81.52578485436464,"(n,n')193Ir"
193Ir,219.13,70.25460071405878,"(n,n')193Ir"
193Ir,357.69,59.52228582792713,"(n,n')193Ir"
193Ir,298.83,34.840935281042775,"(n,n')193Ir"
193Ir,181.8,34.020636335506694,"(n,n')193Ir"
193Ir,460.51,26.1407726314223,"(n,n')193Ir"
193Ir,361.86,25.937668008021017,"(n,n')193Ir"
193Ir,383.01,24.844106651253338,"(n,n')193Ir"
193Ir,142.13,21.461950423332,"(n,n')193Ir"
193Ir,563.35,18.625028623333332,"(n,n')193Ir"
193Ir,377.68,18.545357461333335,"(n,n')193Ir"
193Ir,234.6,18.04973243115733,"(n,n')193Ir"
193Ir,559.24,15.173100823963317,"(n,n')193Ir"
193Ir,154.71,13.562255872,"(n,n')193Ir"
193Ir,482.33,12.76425980707,"(n,n')193Ir"
193Ir,288.82,12.211055723308725,"(n,n')193Ir"
193Ir,178.0,11.84280902,"(n,n')193Ir"
193Ir,848.92,11.754689886666664,"(n,n')193Ir"
193Ir,748.68,11.721533333333333,"(n,n')193Ir"
193Ir,477.34,11.713870000000002,"(n,n')193Ir"
193Ir,885.87,11.158678505000001,"(n,n')193Ir"
193Ir,668.02,10.766171304999999,"(n,n')193Ir"
193Ir,251.59,10.24586807815,"(n,n')193Ir"
193Ir,677.99,10.179904496666667,"(n,n')193Ir"
193Ir,280.45,10.108062113491025,"(n,n')193Ir"
193Ir,321.62,9.98567501030071,"(n,n')193Ir"
193Ir,874.29,9.672691686666669,"(n,n')193Ir"
193Ir,676.37,9.302553615,"(n,n')193Ir"
193Ir,621.22,9.091664120553332,"(n,n')193Ir"
193Ir,440.96,8.959424609682667,"(n,n')193Ir"
193Ir,387.47,8.639416875207242,"(n,n')193Ir"
193Ir,180.06,8.437957183137776,"(n,n')193Ir"
193Ir,557.34,7.982652111754751,"(n,n')193Ir"
193Ir,899.68,7.284729492865,"(n,n')193Ir"
193Ir,499.46,6.96141,"(n,n')193Ir"
193Ir,891.39,6.944652847500001,"(n,n')193Ir"
193Ir,975.0,6.177316666666666,"(n,n')193Ir"
193Ir,858.17,6.142496385,"(n,n')193Ir"
193Ir,164.21,6.087301032080001,"(n,n')193Ir"
193Ir,449.22,5.950643141666666,"(n,n')193Ir"
193Ir,492.93,5.9375316666666675,"(n,n')193Ir"
193Ir,503.22,5.872498333333333,"(n,n')193Ir"
193Ir,420.35,5.608312622654594,"(n,n')193Ir"
193Ir,610.86,5.35880632705,"(n,n')193Ir"
193Ir,710.03,4.988671173333332,"(n,n')193Ir"
193Ir,389.16,4.622578333333332,"(n,n')193Ir"
193Ir,96.83,4.532132757502562,"(n,n')193Ir"
193Ir,534.69,4.37108675,"(n,n')193Ir"
193Ir,704.07,3.955338161666666,"(n,n')193Ir"
193Ir,269.52,3.9509008700000003,"(n,n')193Ir"
193Ir,271.16,3.8769639000000002,"(n,n')193Ir"
193Ir,340.57,3.6894029066666665,"(n,n')193Ir"
193Ir,972.72,3.5936475134183326,"(n,n')193Ir"
193Ir,525.14,3.1677163040161602,"(n,n')193Ir"
193Ir,370.48,2.9311993499999995,"(n,n')193Ir"
193Ir,532.04,2.79133112865,"(n,n')193Ir"
193Ir,513.6,2.7519750000000003,"(n,n')193Ir"
193Ir,515.05,2.7206279863013334,"(n,n')193Ir"
193Ir,154.76,2.65774920145,"(n,n')193Ir"
193Ir,413.78,2.5606015166666674,"(n,n')193Ir"
193Ir,618.96,2.53999656,"(n,n')193Ir"
193Ir,533.52,2.1167275966666668,"(n,n')193Ir"
193Ir,398.76,1.9091000000000002,"(n,n')193Ir"
193Ir,784.37,1.6068221525000002,"(n,n')193Ir"
193Ir,855.62,1.6063759300000002,"(n,n')193Ir"
193Ir,418.12,1.317580629565875,"(n,n')193Ir"
193Ir,516.6,1.1658909033333333,"(n,n')193Ir"
193Ir,484.3,1.0701068776838798,"(n,n')193Ir"
193Ir,775.88,1.0479056066666663,"(n,n')193Ir"
193Ir,259.36,0.8846066390433331,"(n,n')193Ir"
193Ir,752.65,0.8747382,"(n,n')193Ir"
193Ir,733.87,0.8307061149999999,"(n,n')193Ir"
193Ir,512.43,0.8125434600000002,"(n,n')193Ir"
193Ir,626.85,0.7903627716666666,"(n,n')193Ir"
193Ir,556.22,0.7595184438853334,"(n,n')193Ir"
193Ir,98.65,0.7565748197219478,"(n,n')193Ir"
193Ir,695.11,0.6936778357466666,"(n,n')193Ir"
193Ir,333.25,0.6513517305146667,"(n,n')193Ir"
193Ir,573.21,0.64535432898,"(n,n')193Ir"
193Ir,316.95,0.6428744233333336,"(n,n')193Ir"
193Ir,354.96,0.6289944199999999,"(n,n')193Ir"
193Ir,735.4,0.5463654300000002,"(n,n')193Ir"
193Ir,712.1,0.49442468752499996,"(n,n')193Ir"
193Ir,379.18,0.4807755784337214,"(n,n')193Ir"
193Ir,377.28,0.4775208110094734,"(n,n')193Ir"
193Ir,135.87,0.35742044418133334,"(n,n')193Ir"
193Ir,486.2,0.3528628098596121,"(n,n')193Ir"
193Ir,418.45,0.3207444001660017,"(n,n')193Ir"
193Ir,930.37,0.30649666666666664,"(n,n')193Ir"
193Ir,337.42,0.28217403488,"(n,n')193Ir"
193Ir,197.38,0.2756740702028219,"(n,n')193Ir"
193Ir,350.24,0.265427990145,"(n,n')193Ir"
193Ir,560.25,0.24647660549333333,"(n,n')193Ir"
193Ir,639.06,0.24634493203000002,"(n,n')193Ir"
193Ir,801.25,0.1649992466666667,"(n,n')193Ir"
193Ir,201.55,0.16099365699844798,"(n,n')193Ir"
196Hg,425.98,1898.7558381210254,"(n,n')196Hg"
196Hg,634.92,448.4865761368066,"(n,n')196Hg"
196Hg,610.22,327.1280601436579,"(n,n')196Hg"
196Hg,964.62,151.2689139767446,"(n,n')196Hg"
196Hg,1495.52,110.45937142801104,"(n,n')196Hg"
196Hg,695.9,87.38888848435629,"(n,n')196Hg"
196Hg,1775.3,74.05733129389087,"(n,n')196Hg"
196Hg,1036.2,71.80859856812002,"(n,n')196Hg"
196Hg,1388.72,68.5585934295467,"(n,n')196Hg"
196Hg,1552.72,59.40624337062251,"(n,n')196Hg"
196Hg,354.4,53.04234645937798,"(n,n')196Hg"
196Hg,892.92,52.88178238412051,"(n,n')196Hg"
196Hg,1845.0,52.82721789591867,"(n,n')196Hg"
196Hg,753.8,39.6550723706543,"(n,n')196Hg"
196Hg,2012.3,36.68721363217901,"(n,n')196Hg"
196Hg,714.4,33.27426813602254,"(n,n')196Hg"
196Hg,778.5,31.416870716187393,"(n,n')196Hg"
196Hg,1349.32,30.329642637259482,"(n,n')196Hg"
196Hg,724.1,23.631870548966095,"(n,n')196Hg"
196Hg,1586.32,22.76260395202788,"(n,n')196Hg"
196Hg,1419.02,19.003850662228167,"(n,n')196Hg"
196Hg,808.8,15.342558332808062,"(n,n')196Hg"
196Hg,329.7,13.970000713581033,"(n,n')196Hg"
196Hg,84.0,13.08258008862029,"(n,n')196Hg"
196Hg,1318.9,10.072720454118192,"(n,n')196Hg"
196Hg,739.1,9.570032870979935,"(n,n')196Hg"
196Hg,1978.7,9.510512279751632,"(n,n')196Hg"
196Hg,505.2,6.38172422202314,"(n,n')196Hg"
196Hg,860.6,5.9386758832264,"(n,n')196Hg"
196Hg,976.1,4.132875019222939,"(n,n')196Hg"
196Hg,885.3,2.3754703532905603,"(n,n')196Hg"
196Hg,589.2,1.7894975731409315,"(n,n')196Hg"
196Hg,477.6,0.037451792930065016,"(n,n')196Hg"
196Hg,222.9,0.0036393560128498673,"(n,n')196Hg"
196Hg,97.0,0.00017433743699788855,"(n,n')196Hg"
198Hg,411.8,1476.88250775041,"(n,n')198Hg"
198Hg,636.7,302.57435941655484,"(n,n')198Hg"
198Hg,675.9,192.3476512831771,"(n,n')198Hg"
198Hg,1200.6,99.9598637695201,"(n,n')198Hg"
198Hg,1007.6,98.30182858698234,"(n,n')198Hg"
198Hg,1489.6,68.75912371645158,"(n,n')198Hg"
198Hg,786.4,67.11775248000001,"(n,n')198Hg"
198Hg,1447.0,61.838035697345,"(n,n')198Hg"
198Hg,587.1,54.643228470999134,"(n,n')198Hg"
198Hg,1420.7,52.40823114690151,"(n,n')198Hg"
198Hg,989.7,44.71196988295804,"(n,n')198Hg"
198Hg,1899.3,41.49169882958037,"(n,n')198Hg"
198Hg,1435.4,41.07604862690167,"(n,n')198Hg"
198Hg,1087.7,38.00881731943021,"(n,n')198Hg"
198Hg,1348.2,31.934020000000007,"(n,n')198Hg"
198Hg,1760.0,31.934020000000007,"(n,n')198Hg"
198Hg,1832.5,27.78365267911471,"(n,n')198Hg"
198Hg,1136.7,25.89062079918068,"(n,n')198Hg"
198Hg,331.7,20.620040561121627,"(n,n')198Hg"
198Hg,747.2,18.16528752,"(n,n')198Hg"
198Hg,759.5,17.25499440460925,"(n,n')198Hg"
198Hg,798.7,12.750371971547542,"(n,n')198Hg"
198Hg,47.7,12.123578556676824,"(n,n')198Hg"
198Hg,1858.8,11.123068056251993,"(n,n')198Hg"
198Hg,370.9,10.763920544484876,"(n,n')198Hg"
198Hg,1612.4,9.939511877647194,"(n,n')198Hg"
198Hg,226.4,8.798874078017008,"(n,n')198Hg"
198Hg,767.3,8.688832203229612,"(n,n')198Hg"
198Hg,1548.5,7.516631844923423,"(n,n')198Hg"
198Hg,1487.5,6.223754824437055,"(n,n')198Hg"
198Hg,234.8,5.268117760699284,"(n,n')198Hg"
198Hg,497.8,4.149169882958037,"(n,n')198Hg"
198Hg,852.9,3.6951689246986623,"(n,n')198Hg"
198Hg,563.9,3.049622962459935,"(n,n')198Hg"
198Hg,810.3,2.5668618591350754,"(n,n')198Hg"
198Hg,274.1,2.467289914322311,"(n,n')198Hg"
198Hg,771.1,2.255727088330824,"(n,n')198Hg"
198Hg,744.8,0.8100190285456182,"(n,n')198Hg"
198Hg,227.5,0.007618478659817056,"(n,n')198Hg"
199Hg,158.38,298.71816517629486,"(n,n')199Hg"
199Hg,208.2,194.6965087830741,"(n,n')199Hg"
199Hg,49.82,54.914399913174755,"(n,n')199Hg"
199Hg,403.5,52.15783048632017,"(n,n')199Hg"
199Hg,668.9,48.10314298616998,"(n,n')199Hg"
199Hg,695.9,47.34405464621549,"(n,n')199Hg"
199Hg,281.9,46.1840600112476,"(n,n')199Hg"
199Hg,413.9,44.89846764368089,"(n,n')199Hg"
199Hg,247.3,40.934440655727556,"(n,n')199Hg"
199Hg,455.5,37.72389629057245,"(n,n')199Hg"
199Hg,429.8,25.38064867829385,"(n,n')199Hg"
199Hg,750.4,22.431992706566017,"(n,n')199Hg"
199Hg,284.1,21.014033077120544,"(n,n')199Hg"
199Hg,479.62,16.9204324521959,"(n,n')199Hg"
199Hg,195.3,16.916053130698433,"(n,n')199Hg"
199Hg,10.4,16.83692536638033,"(n,n')199Hg"
199Hg,554.52,16.746334295581708,"(n,n')199Hg"
199Hg,333.92,15.010023626514675,"(n,n')199Hg"
199Hg,492.3,11.507684780327917,"(n,n')199Hg"
199Hg,299.0,11.16422286372114,"(n,n')199Hg"
199Hg,542.2,5.815701812813413,"(n,n')199Hg"
199Hg,205.7,4.209231341595083,"(n,n')199Hg"
199Hg,255.52,4.209231341595083,"(n,n')199Hg"
199Hg,336.5,3.738665451094336,"(n,n')199Hg"
199Hg,346.9,3.323258178750521,"(n,n')199Hg"
199Hg,36.8,2.501670604419113,"(n,n')199Hg"
199Hg,258.1,2.492443634062891,"(n,n')199Hg"
199Hg,592.02,2.0770363617190757,"(n,n')199Hg"
199Hg,294.9,1.6616290893752605,"(n,n')199Hg"
199Hg,245.12,1.4096710942248696,"(n,n')199Hg"
199Hg,297.12,0.8026360912887757,"(n,n')199Hg"
199Hg,52.0,0.8026360912887757,"(n,n')199Hg"
19F,197.0,572.9991558441559,"(n,n')19F"
19F,109.9,303.323875,"(n,n')19F"
19F,1357.0,128.85750000000002,"(n,n')19F"
19F,1236.1,97.91999999999999,"(n,n')19F"
19F,1349.1,77.40074999999999,"(n,n')19F"
19F,1459.0,23.556749999999997,"(n,n')19F"
19F,1262.0,11.2175,"(n,n')19F"
19F,1444.1,7.003125000000001,"(n,n')19F"
19F,1554.0,4.201875,"(n,n')19F"
19F,1149.0,4.079999999999999,"(n,n')19F"
200Hg,367.9,1982.8534959788224,"(n,n')200Hg"
200Hg,579.3,455.84482111466923,"(n,n')200Hg"
200Hg,886.2,139.25152000476203,"(n,n')200Hg"
200Hg,1225.5,120.88375842398494,"(n,n')200Hg"
200Hg,1205.8,109.43390854645072,"(n,n')200Hg"
200Hg,661.4,95.87793469778664,"(n,n')200Hg"
200Hg,1273.5,85.44972199887839,"(n,n')200Hg"
200Hg,828.4,71.34289483857488,"(n,n')200Hg"
200Hg,1263.0,69.31113848930634,"(n,n')200Hg"
200Hg,1291.1,68.50544595181796,"(n,n')200Hg"
200Hg,1254.1,68.3749978466496,"(n,n')200Hg"
200Hg,1363.0,56.50103648429857,"(n,n')200Hg"
200Hg,1604.4,50.3657820690189,"(n,n')200Hg"
200Hg,1570.3,48.527748605106666,"(n,n')200Hg"
200Hg,787.1,43.69232331185023,"(n,n')200Hg"
200Hg,1706.4,42.811517077688926,"(n,n')200Hg"
200Hg,1515.0,40.00270268222231,"(n,n')200Hg"
200Hg,1147.3,39.182145886724754,"(n,n')200Hg"
200Hg,898.6,35.35739694430054,"(n,n')200Hg"
200Hg,1718.3,32.14346837699917,"(n,n')200Hg"
200Hg,1027.1,30.6022152612313,"(n,n')200Hg"
200Hg,1366.4,30.49093907532628,"(n,n')200Hg"
200Hg,904.3,30.05152428657233,"(n,n')200Hg"
200Hg,711.8,28.087232840245367,"(n,n')200Hg"
200Hg,1693.4,27.97334185031877,"(n,n')200Hg"
200Hg,759.5,25.462763423120258,"(n,n')200Hg"
200Hg,1783.5,24.13513242042931,"(n,n')200Hg"
200Hg,701.6,23.219604034643247,"(n,n')200Hg"
200Hg,1202.4,20.413059120484007,"(n,n')200Hg"
200Hg,720.2,18.372297692674707,"(n,n')200Hg"
200Hg,1180.7,17.89864851443396,"(n,n')200Hg"
200Hg,1488.9,16.586424867442005,"(n,n')200Hg"
200Hg,591.7,16.286674970406157,"(n,n')200Hg"
200Hg,1350.4,15.696385831655643,"(n,n')200Hg"
200Hg,1167.1,14.9140153941775,"(n,n')200Hg"
200Hg,689.0,12.14763773058567,"(n,n')200Hg"
200Hg,628.8,10.033464771114776,"(n,n')200Hg"
200Hg,1407.7,9.506777260328965,"(n,n')200Hg"
200Hg,783.7,9.481338314145994,"(n,n')200Hg"
200Hg,1477.9,8.700146885900725,"(n,n')200Hg"
200Hg,342.4,8.53309893672767,"(n,n')200Hg"
200Hg,2189.5,8.514111618246176,"(n,n')200Hg"
200Hg,1746.4,8.060577510691234,"(n,n')200Hg"
200Hg,1759.0,7.4929595312899275,"(n,n')200Hg"
200Hg,140.9,6.983958112225574,"(n,n')200Hg"
200Hg,1630.9,6.7050145220251345,"(n,n')200Hg"
200Hg,612.1,6.416020081827048,"(n,n')200Hg"
200Hg,398.2,6.39463114454146,"(n,n')200Hg"
200Hg,383.4,5.95781816007613,"(n,n')200Hg"
200Hg,476.8,5.901649358805159,"(n,n')200Hg"
200Hg,243.4,5.86816672571998,"(n,n')200Hg"
200Hg,252.4,5.568094006976464,"(n,n')200Hg"
200Hg,873.8,5.365842217115421,"(n,n')200Hg"
200Hg,541.0,5.234117723201028,"(n,n')200Hg"
200Hg,289.5,5.115099687234983,"(n,n')200Hg"
200Hg,556.6,4.6446084765872495,"(n,n')200Hg"
200Hg,1821.6,4.246797843317973,"(n,n')200Hg"
200Hg,935.4,4.164734116877046,"(n,n')200Hg"
200Hg,485.6,4.162947792084038,"(n,n')200Hg"
200Hg,496.0,4.131392070334515,"(n,n')200Hg"
200Hg,387.3,4.082921870253576,"(n,n')200Hg"
200Hg,520.9,3.7382388455379636,"(n,n')200Hg"
200Hg,338.7,3.7382388455379636,"(n,n')200Hg"
200Hg,468.9,3.5647203540277275,"(n,n')200Hg"
200Hg,1760.0,3.5647203540277275,"(n,n')200Hg"
200Hg,480.2,3.0661279517087885,"(n,n')200Hg"
200Hg,76.9,2.8662965431719,"(n,n')200Hg"
200Hg,252.0,2.819862648091081,"(n,n')200Hg"
200Hg,255.9,2.815275878988075,"(n,n')200Hg"
200Hg,352.3,2.6641594224838805,"(n,n')200Hg"
200Hg,309.2,2.623128044735889,"(n,n')200Hg"
200Hg,467.9,2.533299812269267,"(n,n')200Hg"
200Hg,272.1,2.1576364277033795,"(n,n')200Hg"
200Hg,718.2,2.0366491109876494,"(n,n')200Hg"
200Hg,464.2,1.842619206324793,"(n,n')200Hg"
200Hg,408.6,1.7962574218845722,"(n,n')200Hg"
200Hg,164.6,1.7050332290783279,"(n,n')200Hg"
200Hg,521.5,1.6826154443060115,"(n,n')200Hg"
200Hg,553.2,1.6422925000087514,"(n,n')200Hg"
200Hg,144.6,1.5013934273757572,"(n,n')200Hg"
200Hg,115.7,1.4813404176567158,"(n,n')200Hg"
200Hg,380.0,1.4797195430254437,"(n,n')200Hg"
200Hg,397.0,1.4258881416110911,"(n,n')200Hg"
200Hg,534.5,1.4258881416110911,"(n,n')200Hg"
200Hg,485.5,1.3600234765697472,"(n,n')200Hg"
200Hg,148.0,1.296657960006336,"(n,n')200Hg"
200Hg,404.9,1.2722439962480478,"(n,n')200Hg"
200Hg,694.2,1.2637615312689638,"(n,n')200Hg"
200Hg,137.5,1.2577285518765093,"(n,n')200Hg"
200Hg,152.0,1.2459858212495474,"(n,n')200Hg"
200Hg,1593.4,1.2309955032992357,"(n,n')200Hg"
200Hg,160.6,1.13036912997749,"(n,n')200Hg"
200Hg,225.9,1.0870199348154084,"(n,n')200Hg"
200Hg,483.4,1.0513796753075524,"(n,n')200Hg"
200Hg,197.6,1.022442985699732,"(n,n')200Hg"
200Hg,615.8,0.9437328540706605,"(n,n')200Hg"
200Hg,398.6,0.9357576996429742,"(n,n')200Hg"
200Hg,409.6,0.9005609315438471,"(n,n')200Hg"
200Hg,872.8,0.8981287109422861,"(n,n')200Hg"
200Hg,341.4,0.8807131290757403,"(n,n')200Hg"
201Hg,26.27,295.5703501564677,"(n,n')201Hg"
201Hg,1.56,172.20945110188364,"(n,n')201Hg"
201Hg,32.14,109.45952718927799,"(n,n')201Hg"
201Hg,30.58,108.15384694447548,"(n,n')201Hg"
201Hg,521.03,51.737040589970064,"(n,n')201Hg"
201Hg,733.0,44.6349900019406,"(n,n')201Hg"
201Hg,438.13,44.25380800392137,"(n,n')201Hg"
201Hg,414.5,41.82508920000001,"(n,n')201Hg"
201Hg,388.23,37.71114600000001,"(n,n')201Hg"
201Hg,613.26,36.558988642717544,"(n,n')201Hg"
201Hg,382.36,34.7399648,"(n,n')201Hg"
201Hg,167.5,32.26008920810951,"(n,n')201Hg"
201Hg,352.46,27.3386364089468,"(n,n')201Hg"
201Hg,384.6,21.603258141335584,"(n,n')201Hg"
201Hg,645.4,18.25208878264609,"(n,n')201Hg"
201Hg,553.0,16.57446218775719,"(n,n')201Hg"
201Hg,526.73,14.93686562429615,"(n,n')201Hg"
201Hg,358.33,14.784530645397803,"(n,n')201Hg"
201Hg,464.4,14.141712750564407,"(n,n')201Hg"
201Hg,520.86,10.966934561360297,"(n,n')201Hg"
201Hg,543.0,10.46872442531441,"(n,n')201Hg"
201Hg,541.44,10.46872442531441,"(n,n')201Hg"
201Hg,218.9,9.226609621280266,"(n,n')201Hg"
201Hg,135.36,8.49818206760941,"(n,n')201Hg"
201Hg,516.73,7.242159292882378,"(n,n')201Hg"
201Hg,385.5,7.145875913284537,"(n,n')201Hg"
201Hg,432.26,2.5601376531194187,"(n,n')201Hg"
201Hg,165.94,0.49503973209375207,"(n,n')201Hg"
202Hg,439.59,1621.8642017873453,"(n,n')202Hg"
202Hg,520.11,610.6528492967929,"(n,n')202Hg"
202Hg,222.5,168.75261265920815,"(n,n')202Hg"
202Hg,680.11,152.73262236811226,"(n,n')202Hg"
202Hg,351.9,97.84505693549897,"(n,n')202Hg"
202Hg,549.1,94.90856654076364,"(n,n')202Hg"
202Hg,959.7,74.70388392070754,"(n,n')202Hg"
202Hg,1354.71,64.37656252755117,"(n,n')202Hg"
202Hg,950.21,63.26738543159641,"(n,n')202Hg"
202Hg,742.61,60.78984605879257,"(n,n')202Hg"
202Hg,872.01,59.735116281273825,"(n,n')202Hg"
202Hg,908.31,54.25685378487721,"(n,n')202Hg"
202Hg,542.6,46.43456142207484,"(n,n')202Hg"
202Hg,1017.41,40.0559464378799,"(n,n')202Hg"
202Hg,1306.31,38.290140783448884,"(n,n')202Hg"
202Hg,1084.41,37.49956129125611,"(n,n')202Hg"
202Hg,1788.5,34.30471849631496,"(n,n')202Hg"
202Hg,476.9,34.30471849631496,"(n,n')202Hg"
202Hg,379.9,30.750438925935406,"(n,n')202Hg"
202Hg,388.2,30.387223882637937,"(n,n')202Hg"
202Hg,413.2,28.339289499140687,"(n,n')202Hg"
202Hg,497.3,26.703964291919938,"(n,n')202Hg"
202Hg,602.4,26.48983594222146,"(n,n')202Hg"
202Hg,564.3,24.999707527504075,"(n,n')202Hg"
202Hg,1125.11,24.290005603123166,"(n,n')202Hg"
202Hg,1136.01,23.53903319084623,"(n,n')202Hg"
202Hg,718.5,23.4607204,"(n,n')202Hg"
202Hg,1203.61,23.0432,"(n,n')202Hg"
202Hg,615.9,20.963063520904562,"(n,n')202Hg"
202Hg,129.4,19.67536470985577,"(n,n')202Hg"
202Hg,1238.61,18.9794592,"(n,n')202Hg"
202Hg,442.4,16.949790130861984,"(n,n')202Hg"
202Hg,455.9,14.834032237250264,"(n,n')202Hg"
202Hg,1182.2,13.616925517169536,"(n,n')202Hg"
202Hg,430.1,12.63568035342713,"(n,n')202Hg"
202Hg,250.5,12.318699931172919,"(n,n')202Hg"
202Hg,227.7,10.836837921823546,"(n,n')202Hg"
202Hg,393.4,10.836837921823546,"(n,n')202Hg"
202Hg,786.2,8.787901163414496,"(n,n')202Hg"
202Hg,1389.8,8.0085298014679,"(n,n')202Hg"
202Hg,185.8,7.816735550167803,"(n,n')202Hg"
202Hg,288.4,7.01185576,"(n,n')202Hg"
202Hg,207.6,5.072068874263004,"(n,n')202Hg"
202Hg,496.0,3.26868464,"(n,n')202Hg"
202Hg,1122.51,3.056519531794784,"(n,n')202Hg"
202Hg,172.3,3.056519531794784,"(n,n')202Hg"
202Hg,612.1,1.9054373686801613,"(n,n')202Hg"
202Hg,1794.3,1.7693346994887211,"(n,n')202Hg"
202Hg,1745.9,1.2071292806888045,"(n,n')202Hg"
203Tl,279.2,1045.385503362983,"(n,n')203Tl"
203Tl,401.32,228.4102374433689,"(n,n')203Tl"
203Tl,794.73,136.125903461024,"(n,n')203Tl"
203Tl,905.16,106.24201907693751,"(n,n')203Tl"
203Tl,786.22,70.38768155492554,"(n,n')203Tl"
203Tl,1223.0,64.63775999999999,"(n,n')203Tl"
203Tl,834.6,64.5361177113856,"(n,n')203Tl"
203Tl,793.17,61.22102,"(n,n')203Tl"
203Tl,1293.9,60.20044,"(n,n')203Tl"
203Tl,1273.0,57.87648,"(n,n')203Tl"
203Tl,953.16,49.424783808762264,"(n,n')203Tl"
203Tl,143.8,48.00159891302399,"(n,n')203Tl"
203Tl,680.52,42.98975951880898,"(n,n')203Tl"
203Tl,764.94,40.029341590659,"(n,n')203Tl"
203Tl,1656.0,39.86544,"(n,n')203Tl"
203Tl,1305.78,39.80127145200001,"(n,n')203Tl"
203Tl,232.0,38.219194079999994,"(n,n')203Tl"
203Tl,1696.0,37.74926,"(n,n')203Tl"
203Tl,497.24,35.659210608,"(n,n')203Tl"
203Tl,1618.0,34.24846,"(n,n')203Tl"
203Tl,303.97,33.077839999999995,"(n,n')203Tl"
203Tl,1743.0,32.5396,"(n,n')203Tl"
203Tl,654.38,32.440705,"(n,n')203Tl"
203Tl,363.62,31.531286571873007,"(n,n')203Tl"
203Tl,1404.54,31.42722,"(n,n')203Tl"
203Tl,1817.0,31.411919999999995,"(n,n')203Tl"
203Tl,1830.0,30.731660000000005,"(n,n')203Tl"
203Tl,1113.8,29.925412896614404,"(n,n')203Tl"
203Tl,1850.0,29.685060000000004,"(n,n')203Tl"
203Tl,1752.9,28.48616,"(n,n')203Tl"
203Tl,1168.85,28.384347068,"(n,n')203Tl"
203Tl,1839.97,26.026179999999997,"(n,n')203Tl"
203Tl,33.37,25.919857792944,"(n,n')203Tl"
203Tl,1407.2,23.535990192,"(n,n')203Tl"
203Tl,1608.6,22.7725,"(n,n')203Tl"
203Tl,276.0,20.659347634,"(n,n')203Tl"
203Tl,1044.14,20.609165967468,"(n,n')203Tl"
203Tl,1669.24,19.423802111999997,"(n,n')203Tl"
203Tl,936.39,19.131559136,"(n,n')203Tl"
203Tl,386.87,18.934534080000002,"(n,n')203Tl"
203Tl,336.51,18.044085668560005,"(n,n')203Tl"
203Tl,1026.58,17.607168548,"(n,n')203Tl"
203Tl,564.97,17.209344548,"(n,n')203Tl"
203Tl,888.35,16.717706778080004,"(n,n')203Tl"
203Tl,1040.94,16.712372802,"(n,n')203Tl"
203Tl,503.84,16.198938716006488,"(n,n')203Tl"
203Tl,1055.7,14.745775,"(n,n')203Tl"
203Tl,551.84,14.625342067359913,"(n,n')203Tl"
203Tl,1390.04,14.002117887999999,"(n,n')203Tl"
203Tl,1760.0,12.510560000000002,"(n,n')203Tl"
203Tl,1715.83,10.012072799999999,"(n,n')203Tl"
203Tl,537.21,9.880217374032,"(n,n')203Tl"
203Tl,639.62,9.699786450000001,"(n,n')203Tl"
203Tl,384.9,9.227386372826457,"(n,n')203Tl"
203Tl,535.07,9.01876512,"(n,n')203Tl"
203Tl,403.91,8.631986496,"(n,n')203Tl"
203Tl,1035.31,7.5529672,"(n,n')203Tl"
203Tl,930.52,6.5810293920000005,"(n,n')203Tl"
203Tl,1232.36,6.365579792437824,"(n,n')203Tl"
203Tl,1289.67,5.44350846592,"(n,n')203Tl"
203Tl,1448.05,4.805306436,"(n,n')203Tl"
203Tl,503.45,4.308507927752001,"(n,n')203Tl"
203Tl,1215.59,2.841995744,"(n,n')203Tl"
203Tl,1638.9,2.245035452,"(n,n')203Tl"
203Tl,1156.08,1.93686592,"(n,n')203Tl"
203Tl,1128.0,1.8918298079999998,"(n,n')203Tl"
203Tl,1320.14,0.828673114,"(n,n')203Tl"
204Hg,436.5,1875.069618293663,"(n,n')204Hg"
204Hg,691.8,570.4084320911003,"(n,n')204Hg"
204Hg,1511.2,152.35648804450358,"(n,n')204Hg"
204Hg,1552.5,147.09559088677076,"(n,n')204Hg"
204Hg,723.0,134.2143001189286,"(n,n')204Hg"
204Hg,1392.1,120.31898272038947,"(n,n')204Hg"
204Hg,1404.9,78.28712786645261,"(n,n')204Hg"
204Hg,2088.8,71.0434368415362,"(n,n')204Hg"
204Hg,1704.3,61.14747801075039,"(n,n')204Hg"
204Hg,1841.4,53.954642178230856,"(n,n')204Hg"
204Hg,1414.8,52.780904541151706,"(n,n')204Hg"
204Hg,1062.5,28.061387785540425,"(n,n')204Hg"
204Hg,1134.5,25.52324906997343,"(n,n')204Hg"
204Hg,554.7,14.270442269041974,"(n,n')204Hg"
204Hg,109.6,13.10342569228313,"(n,n')204Hg"
204Hg,1947.7,8.018762528658085,"(n,n')204Hg"
204Hg,1172.1,6.810595116657797,"(n,n')204Hg"
204Hg,1851.3,1.5080258440329057,"(n,n')204Hg"
204Hg,1959.6,1.428614132544356,"(n,n')204Hg"
204Pb,899.17,1557.173484951964,"(n,n')204Pb"
204Pb,374.83,508.05760181774554,"(n,n')204Pb"
204Pb,1351.17,270.28815965609573,"(n,n')204Pb"
204Pb,683.59,182.3753964550244,"(n,n')204Pb"
204Pb,289.27,136.72279391050097,"(n,n')204Pb"
204Pb,330.76,101.05654668904481,"(n,n')204Pb"
204Pb,361.03,91.65263002619461,"(n,n')204Pb"
204Pb,918.28,84.00926950316803,"(n,n')204Pb"
204Pb,452.0,80.9763053883197,"(n,n')204Pb"
204Pb,766.11,68.83347118940779,"(n,n')204Pb"
204Pb,1872.11,64.95915335361462,"(n,n')204Pb"
204Pb,1665.28,64.67057283302171,"(n,n')204Pb"
204Pb,861.91,60.93507578146297,"(n,n')204Pb"
204Pb,1933.29,51.661356366911846,"(n,n')204Pb"
204Pb,1761.08,47.33092696918257,"(n,n')204Pb"
204Pb,705.59,46.41746448610207,"(n,n')204Pb"
204Pb,1681.2,44.744126760097544,"(n,n')204Pb"
204Pb,1061.19,44.391153445114995,"(n,n')204Pb"
204Pb,782.03,42.016501797697146,"(n,n')204Pb"
204Pb,683.33,39.85768356815976,"(n,n')204Pb"
204Pb,1729.97,32.870876671306256,"(n,n')204Pb"
204Pb,1258.76,27.50360878450704,"(n,n')204Pb"
204Pb,791.2,26.493968923149463,"(n,n')204Pb"
204Pb,597.18,24.96954193869464,"(n,n')204Pb"
204Pb,2105.48,24.939983170664167,"(n,n')204Pb"
204Pb,1049.18,22.89963079285942,"(n,n')204Pb"
204Pb,377.6,20.248195611735657,"(n,n')204Pb"
204Pb,365.59,19.445640332847162,"(n,n')204Pb"
204Pb,438.2,18.271881391235212,"(n,n')204Pb"
204Pb,754.31,17.598028974719014,"(n,n')204Pb"
204Pb,609.19,17.266996657125464,"(n,n')204Pb"
204Pb,674.35,14.360688779772097,"(n,n')204Pb"
204Pb,813.03,13.89978559512668,"(n,n')204Pb"
204Pb,1206.31,13.33584299440767,"(n,n')204Pb"
204Pb,883.93,9.150499280106771,"(n,n')204Pb"
204Pb,409.91,8.568531755136993,"(n,n')204Pb"
204Pb,501.93,7.122963647465411,"(n,n')204Pb"
204Pb,1034.12,6.272827117066682,"(n,n')204Pb"
204Pb,1582.76,5.349207200359157,"(n,n')204Pb"
204Pb,212.69,4.077393388462069,"(n,n')204Pb"
204Pb,543.45,1.038665980041074,"(n,n')204Pb"
204Pb,1274.0,0.060466033766245125,"(n,n')204Pb"
205Tl,203.68,1069.9289859706428,"(n,n')205Tl"
205Tl,415.72,311.74047597916064,"(n,n')205Tl"
205Tl,720.06,284.3486841700597,"(n,n')205Tl"
205Tl,1219.15,122.75738569632702,"(n,n')205Tl"
205Tl,505.81,86.1254347668,"(n,n')205Tl"
205Tl,1553.0,69.67666,"(n,n')205Tl"
205Tl,1574.03,68.45313999999999,"(n,n')205Tl"
205Tl,937.05,66.91196128878727,"(n,n')205Tl"
205Tl,1644.0,62.503359999999994,"(n,n')205Tl"
205Tl,1136.59,56.222024693401494,"(n,n')205Tl"
205Tl,976.3,52.55446023696657,"(n,n')205Tl"
205Tl,1668.0,47.18278,"(n,n')205Tl"
205Tl,1848.0,45.6253,"(n,n')205Tl"
205Tl,1694.0,45.226820000000004,"(n,n')205Tl"
205Tl,646.95,44.14658,"(n,n')205Tl"
205Tl,1765.0,40.667399999999994,"(n,n')205Tl"
205Tl,54.38,38.2271968,"(n,n')205Tl"
205Tl,491.89,37.698542249999996,"(n,n')205Tl"
205Tl,1946.0,37.62186,"(n,n')205Tl"
205Tl,560.58,35.483033549919185,"(n,n')205Tl"
205Tl,1234.74,33.024947448,"(n,n')205Tl"
205Tl,1433.9,31.464382076000003,"(n,n')205Tl"
205Tl,2036.0,30.29306,"(n,n')205Tl"
205Tl,1383.03,29.73024678,"(n,n')205Tl"
205Tl,256.24,27.7586582312597,"(n,n')205Tl"
205Tl,2126.0,26.53446,"(n,n')205Tl"
205Tl,2112.0,24.16584,"(n,n')205Tl"
205Tl,630.87,23.866837952,"(n,n')205Tl"
205Tl,521.33,23.005205251440817,"(n,n')205Tl"
205Tl,1140.73,22.577724664861478,"(n,n')205Tl"
205Tl,619.4,20.924635512847296,"(n,n')205Tl"
205Tl,1829.0,20.510260000000002,"(n,n')205Tl"
205Tl,570.31,19.20491775,"(n,n')205Tl"
205Tl,2098.22,19.11445492,"(n,n')205Tl"
205Tl,1916.0,17.999219999999998,"(n,n')205Tl"
205Tl,1350.93,16.816756942,"(n,n')205Tl"
205Tl,810.15,16.5882620332,"(n,n')205Tl"
205Tl,720.87,13.896163498566807,"(n,n')205Tl"
205Tl,1015.47,13.579115521272957,"(n,n')205Tl"
205Tl,374.63,10.926264546,"(n,n')205Tl"
205Tl,1966.39,9.705445776000001,"(n,n')205Tl"
205Tl,1959.55,7.545391798800001,"(n,n')205Tl"
205Tl,2005.62,7.3840639999999995,"(n,n')205Tl"
205Tl,1478.82,6.15584508,"(n,n')205Tl"
205Tl,1001.35,5.859300735600001,"(n,n')205Tl"
205Tl,2286.0,5.1682019443060705,"(n,n')205Tl"
205Tl,1163.23,5.129965762309274,"(n,n')205Tl"
205Tl,1543.83,4.927087152,"(n,n')205Tl"
205Tl,1469.62,4.288982892194,"(n,n')205Tl"
205Tl,963.69,4.1315719923563226,"(n,n')205Tl"
205Tl,1340.27,3.994683800388005,"(n,n')205Tl"
205Tl,1885.34,3.8058780583460003,"(n,n')205Tl"
205Tl,1230.22,3.7858779240000007,"(n,n')205Tl"
205Tl,747.24,3.715538232,"(n,n')205Tl"
205Tl,2089.02,3.4637770494600004,"(n,n')205Tl"
205Tl,2220.5,3.4584879419999996,"(n,n')205Tl"
205Tl,2163.23,3.3194670492000005,"(n,n')205Tl"
205Tl,1078.69,3.29235322,"(n,n')205Tl"
205Tl,1601.1,2.8814633224,"(n,n')205Tl"
205Tl,1554.61,2.8309205599999996,"(n,n')205Tl"
205Tl,1762.71,2.3294959920000005,"(n,n')205Tl"
205Tl,1438.42,2.179132552,"(n,n')205Tl"
205Tl,1696.84,2.031221932287105,"(n,n')205Tl"
205Tl,1179.98,1.7635713076868187,"(n,n')205Tl"
205Tl,570.55,1.5297168000000003,"(n,n')205Tl"
205Tl,1175.51,1.3761676927802995,"(n,n')205Tl"
205Tl,2185.0,0.7904258399999999,"(n,n')205Tl"
205Tl,2112.56,0.548251917848087,"(n,n')205Tl"
206Pb,803.1,1723.8387084993594,"(n,n')206Pb"
206Pb,537.44,488.5589732622298,"(n,n')206Pb"
206Pb,663.7,234.21560085482554,"(n,n')206Pb"
206Pb,880.94,129.34317936107809,"(n,n')206Pb"
206Pb,1703.5,126.7242395928013,"(n,n')206Pb"
206Pb,981.1,119.49164026616923,"(n,n')206Pb"
206Pb,362.9,94.9463403581167,"(n,n')206Pb"
206Pb,343.5,76.99225191802563,"(n,n')206Pb"
206Pb,1344.8,74.84527733139429,"(n,n')206Pb"
206Pb,657.17,68.09690307377443,"(n,n')206Pb"
206Pb,1466.8,66.38263797970758,"(n,n')206Pb"
206Pb,317.4,45.62951096534986,"(n,n')206Pb"
206Pb,856.16,43.90125895232643,"(n,n')206Pb"
206Pb,1432.6,41.74512914015634,"(n,n')206Pb"
206Pb,1393.6,34.110347956455584,"(n,n')206Pb"
206Pb,313.67,22.45188436482532,"(n,n')206Pb"
206Pb,516.17,10.12246529699095,"(n,n')206Pb"
206Pb,2315.0,9.438331121614253,"(n,n')206Pb"
206Pb,1194.61,8.941150050631485,"(n,n')206Pb"
206Pb,1588.29,6.850650990728959,"(n,n')206Pb"
206Pb,183.98,6.563908546191251,"(n,n')206Pb"
206Pb,1784.2,6.132223337545229,"(n,n')206Pb"
206Pb,1620.0,3.2035949100163608,"(n,n')206Pb"
206Pb,202.5,0.22057583515457632,"(n,n')206Pb"
207Pb,569.7,1002.8517447439662,"(n,n')207Pb"
207Pb,897.8,510.6536922229826,"(n,n')207Pb"
207Pb,1063.67,72.47546000000001,"(n,n')207Pb"
207Pb,1770.25,36.57411359189324,"(n,n')207Pb"
207Pb,328.1,4.862863973728428,"(n,n')207Pb"
207Pb,1442.15,0.6919566504680865,"(n,n')207Pb"
225Ac,29.94,2280.6509925924533,"(n,n')225Ac"
225Ac,47.18,1391.964547628264,"(n,n')225Ac"
225Ac,49.74,596.8929342531598,"(n,n')225Ac"
225Ac,64.7,317.5476266991702,"(n,n')225Ac"
225Ac,71.85,260.82540650911835,"(n,n')225Ac"
225Ac,75.12,257.4742248863059,"(n,n')225Ac"
225Ac,67.83,223.81126525301477,"(n,n')225Ac"
225Ac,40.09,156.70566454693528,"(n,n')225Ac"
225Ac,158.38,114.33023179771628,"(n,n')225Ac"
225Ac,140.85,107.39283073786532,"(n,n')225Ac"
225Ac,93.67,50.46816363755447,"(n,n')225Ac"
225Ac,221.0,45.970578763311146,"(n,n')225Ac"
225Ac,156.3,45.970578763311146,"(n,n')225Ac"
225Ac,135.15,45.018604585354936,"(n,n')225Ac"
225Ac,94.79,27.90496996126453,"(n,n')225Ac"
225Ac,169.91,25.210425074106503,"(n,n')225Ac"
225Ac,79.05,22.50275768826062,"(n,n')225Ac"
225Ac,120.8,19.680426119757932,"(n,n')225Ac"
225Ac,34.76,15.877394852990776,"(n,n')225Ac"
225Ac,115.56,11.315660539442474,"(n,n')225Ac"
225Ac,122.73,10.803160900434465,"(n,n')225Ac"
225Ac,125.71,2.2063501719804566,"(n,n')225Ac"
225Ac,34.85,1.4710520645044298,"(n,n')225Ac"
225Ac,80.71,0.9841250316976209,"(n,n')225Ac"
225Ac,155.65,0.5658584217541665,"(n,n')225Ac"
226Ac,18.8,2157.829859171256,"(n,n')226Ac"
226Ac,26.2,1020.9760980913691,"(n,n')226Ac"
226Ac,5.1,933.7086842281492,"(n,n')226Ac"
226Ac,28.2,392.5247844564995,"(n,n')226Ac"
226Ac,14.5,392.5247844564995,"(n,n')226Ac"
226Ac,32.7,290.81271088210235,"(n,n')226Ac"
226Ac,58.3,199.4882180083158,"(n,n')226Ac"
226Ac,13.3,199.4882180083158,"(n,n')226Ac"
226Ac,12.0,111.4959348094704,"(n,n')226Ac"
226Ac,51.5,111.4959348094704,"(n,n')226Ac"
227Ac,27.37,264.16928339969905,"(n,n')227Ac"
227Ac,277.36,90.68068379726598,"(n,n')227Ac"
227Ac,142.45,86.78927010215142,"(n,n')227Ac"
227Ac,28.29,86.78927010215142,"(n,n')227Ac"
227Ac,42.86,83.88381729293405,"(n,n')227Ac"
227Ac,33.14,81.63073033013876,"(n,n')227Ac"
227Ac,113.65,81.63073033013876,"(n,n')227Ac"
227Ac,101.65,80.24128744528676,"(n,n')227Ac"
227Ac,118.02,80.24128744528676,"(n,n')227Ac"
227Ac,37.27,74.30805941825983,"(n,n')227Ac"
227Ac,258.38,62.57466736580827,"(n,n')227Ac"
227Ac,22.0,57.94564707040019,"(n,n')227Ac"
227Ac,273.14,50.90866776776364,"(n,n')227Ac"
227Ac,243.16,41.223985686811595,"(n,n')227Ac"
227Ac,124.57,30.815694377715847,"(n,n')227Ac"
227Ac,77.38,18.575586768679628,"(n,n')227Ac"
227Ac,300.06,15.291473761104468,"(n,n')227Ac"
227Ac,44.16,14.82926162846005,"(n,n')227Ac"
227Ac,96.88,14.22843976819944,"(n,n')227Ac"
227Ac,302.67,13.913071591585295,"(n,n')227Ac"
227Ac,52.72,12.665879056059236,"(n,n')227Ac"
227Ac,71.85,12.013874462514263,"(n,n')227Ac"
227Ac,283.69,10.551913485413884,"(n,n')227Ac"
227Ac,144.43,9.77019261116386,"(n,n')227Ac"
227Ac,245.77,9.162119382874758,"(n,n')227Ac"
227Ac,330.04,8.650665735482074,"(n,n')227Ac"
227Ac,18.98,8.247869005502302,"(n,n')227Ac"
227Ac,16.37,6.763228256444514,"(n,n')227Ac"
227Ac,220.18,6.529249274294167,"(n,n')227Ac"
227Ac,38.2,5.612907650294592,"(n,n')227Ac"
227Ac,74.14,5.485313307281665,"(n,n')227Ac"
227Ac,29.98,5.350155220324582,"(n,n')227Ac"
227Ac,46.35,4.94915822974951,"(n,n')227Ac"
227Ac,199.0,4.073061406203895,"(n,n')227Ac"
227Ac,102.77,3.530101070850794,"(n,n')227Ac"
227Ac,72.58,3.029762163194576,"(n,n')227Ac"
227Ac,54.57,2.6943018238320855,"(n,n')227Ac"
227Ac,226.79,2.4942720517060226,"(n,n')227Ac"
227Ac,100.84,1.7927158788171527,"(n,n')227Ac"
227Ac,60.46,1.6346979526378305,"(n,n')227Ac"
227Ac,25.39,1.5853645884456629,"(n,n')227Ac"
227Ac,57.18,0.9427371046988142,"(n,n')227Ac"
227Ac,255.9,0.691240998668085,"(n,n')227Ac"
227Ac,63.59,0.6656531025864846,"(n,n')227Ac"
227Ac,23.46,0.28687150446200255,"(n,n')227Ac"
227Ac,35.8,0.21876969110659772,"(n,n')227Ac"
227Ac,230.59,0.09068068379726597,"(n,n')227Ac"
227Ac,56.9,0.07340193215720639,"(n,n')227Ac"
227Ac,245.49,0.048923250149149305,"(n,n')227Ac"
227Th,9.29,2102.89473051665,"(n,n')227Th"
227Th,24.38,689.6610626367112,"(n,n')227Th"
227Th,77.49,630.3031195602114,"(n,n')227Th"
227Th,64.38,292.93435588711435,"(n,n')227Th"
227Th,102.92,149.5194438626113,"(n,n')227Th"
227Th,157.79,145.3443360047079,"(n,n')227Th"
227Th,68.33,116.64602312392834,"(n,n')227Th"
227Th,37.86,108.73055277055839,"(n,n')227Th"
227Th,28.57,104.38268161582616,"(n,n')227Th"
227Th,66.94,101.0989047357669,"(n,n')227Th"
227Th,53.24,96.81885869200251,"(n,n')227Th"
227Th,72.72,80.12194991925995,"(n,n')227Th"
227Th,129.48,74.51053928824852,"(n,n')227Th"
227Th,118.01,65.8024462561609,"(n,n')227Th"
227Th,190.73,48.87811724514924,"(n,n')227Th"
227Th,56.41,31.424697163247682,"(n,n')227Th"
227Th,51.85,25.27472878718277,"(n,n')227Th"
227Th,89.9,24.53516055745134,"(n,n')227Th"
227Th,204.1,22.979132680481428,"(n,n')227Th"
227Th,150.86,22.523379924455448,"(n,n')227Th"
227Th,61.33,19.630659008716314,"(n,n')227Th"
227Th,15.09,15.174665120058027,"(n,n')227Th"
227Th,219.19,15.16978563562681,"(n,n')227Th"
227Th,74.81,11.77835748512382,"(n,n')227Th"
227Th,39.76,9.329871521442781,"(n,n')227Th"
227Th,159.33,7.2261383682192495,"(n,n')227Th"
227Th,99.19,6.381517462720571,"(n,n')227Th"
227Th,129.29,5.5155415861619534,"(n,n')227Th"
227Th,190.62,1.838740292005833,"(n,n')227Th"
227Th,84.52,1.6968260058995577,"(n,n')227Th"
227Th,145.85,1.4456458479777254,"(n,n')227Th"
228Th,57.76,2558.7925325786496,"(n,n')228Th"
228Th,129.06,1052.1797560717655,"(n,n')228Th"
228Th,338.32,313.57309549723107,"(n,n')228Th"
228Th,270.24,193.63799341535713,"(n,n')228Th"
228Th,191.36,174.83621489003454,"(n,n')228Th"
228Th,328.0,172.89247333938187,"(n,n')228Th"
228Th,332.37,149.6362715765084,"(n,n')228Th"
228Th,209.26,108.1795924289346,"(n,n')228Th"
228Th,911.21,67.33640639271786,"(n,n')228Th"
228Th,964.77,58.09817827984568,"(n,n')228Th"
228Th,572.29,43.94201731621095,"(n,n')228Th"
228Th,968.97,41.148141421257506,"(n,n')228Th"
228Th,958.65,39.42670439599496,"(n,n')228Th"
228Th,904.19,36.86881113536096,"(n,n')228Th"
228Th,478.4,36.7189087591437,"(n,n')228Th"
228Th,794.95,35.974963615654836,"(n,n')228Th"
228Th,546.47,33.41788876926825,"(n,n')228Th"
228Th,944.2,31.387953544761316,"(n,n')228Th"
228Th,616.19,28.558461875520084,"(n,n')228Th"
228Th,503.82,28.17553098376593,"(n,n')228Th"
228Th,231.57,25.93864267000216,"(n,n')228Th"
228Th,987.68,25.18298603779572,"(n,n')228Th"
228Th,583.42,23.94660590830135,"(n,n')228Th"
228Th,317.42,21.659746488351516,"(n,n')228Th"
228Th,772.3,21.039102957653927,"(n,n')228Th"
228Th,873.11,20.162195504463845,"(n,n')228Th"
228Th,988.57,19.48238427183739,"(n,n')228Th"
228Th,651.5,19.472338119401,"(n,n')228Th"
228Th,835.7,18.822429799435525,"(n,n')228Th"
228Th,663.85,17.539437860162735,"(n,n')228Th"
228Th,792.68,17.329787974269067,"(n,n')228Th"
228Th,449.18,17.135079681759965,"(n,n')228Th"
228Th,141.01,15.111911188228575,"(n,n')228Th"
228Th,610.58,14.655692931357319,"(n,n')228Th"
228Th,321.64,14.282275467351464,"(n,n')228Th"
228Th,244.32,14.223428889052018,"(n,n')228Th"
228Th,1117.63,13.635843682331611,"(n,n')228Th"
228Th,840.37,13.023789278954265,"(n,n')228Th"
228Th,640.37,12.306446570253566,"(n,n')228Th"
228Th,687.65,11.752675230431349,"(n,n')228Th"
228Th,540.74,11.691317825700564,"(n,n')228Th"
228Th,620.33,11.19841865739932,"(n,n')228Th"
228Th,1013.72,10.633604210035383,"(n,n')228Th"
228Th,278.99,10.1390614681411,"(n,n')228Th"
228Th,1033.26,9.771049882693124,"(n,n')228Th"
228Th,688.4,9.465931793282582,"(n,n')228Th"
228Th,774.06,9.29692514076263,"(n,n')228Th"
228Th,1153.47,8.710352373181749,"(n,n')228Th"
228Th,874.47,8.446001204082364,"(n,n')228Th"
228Th,1095.71,7.8531254006259275,"(n,n')228Th"
228Th,231.19,6.232365068663007,"(n,n')228Th"
228Th,1175.39,6.0371739750213145,"(n,n')228Th"
228Th,153.98,6.005588741538189,"(n,n')228Th"
228Th,178.01,5.704963825249518,"(n,n')228Th"
228Th,979.5,5.647052278615471,"(n,n')228Th"
228Th,726.87,4.92741299373807,"(n,n')228Th"
228Th,816.71,4.517057661227374,"(n,n')228Th"
228Th,184.5,4.426615730502636,"(n,n')228Th"
228Th,199.41,4.376154840356345,"(n,n')228Th"
228Th,880.82,3.957070069736689,"(n,n')228Th"
228Th,1110.62,3.93434362187914,"(n,n')228Th"
228Th,921.74,3.6213941667638596,"(n,n')228Th"
228Th,1142.78,2.8533841476788977,"(n,n')228Th"
228Th,1016.41,2.680964364257262,"(n,n')228Th"
228Th,289.3,2.287937241063722,"(n,n')228Th"
228Th,173.97,2.213542754328927,"(n,n')228Th"
228Th,145.85,2.188305570288459,"(n,n')228Th"
228Th,298.3,1.4616800535292809,"(n,n')228Th"
228Th,782.14,1.2731884423439848,"(n,n')228Th"
228Th,1065.19,1.0864695025057107,"(n,n')228Th"
228Th,694.94,1.0690104534890645,"(n,n')228Th"
228Th,100.42,0.7913128196604876,"(n,n')228Th"
228Th,712.84,0.6636577679517074,"(n,n')228Th"
228Th,981.55,0.6313578100597427,"(n,n')228Th"
228Th,649.18,0.5681764315195363,"(n,n')228Th"
228Th,248.2,0.4922664085581711,"(n,n')228Th"
228Th,278.0,0.4316118939749622,"(n,n')228Th"
228Th,225.2,0.3595011297416201,"(n,n')228Th"
228Th,77.36,0.35764680834219714,"(n,n')228Th"
228Th,269.0,0.2891830319088545,"(n,n')228Th"
229Pa,73.0,759.581577262848,"(n,n')229Pa"
229Pa,93.86,420.79804711515226,"(n,n')229Pa"
229Pa,0.16,362.2281866340767,"(n,n')229Pa"
229Pa,122.51,231.5981308829143,"(n,n')229Pa"
229Pa,17.33,148.26413890021072,"(n,n')229Pa"
229Pa,114.71,146.43846684413742,"(n,n')229Pa"
229Pa,47.0,122.91101498050669,"(n,n')229Pa"
229Pa,30.0,47.284585449536706,"(n,n')229Pa"
229Pa,88.42,17.67475562087293,"(n,n')229Pa"
229Pa,211.09,17.67475562087293,"(n,n')229Pa"
229Pa,119.24,15.720478859451303,"(n,n')229Pa"
229Pa,241.91,15.720478859451303,"(n,n')229Pa"
229Th,21.0,937.8998251629828,"(n,n')229Th"
229Th,47.0,556.6739696036242,"(n,n')229Th"
229Th,71.82,552.6467325421464,"(n,n')229Th"
229Th,29.19,497.21764716407404,"(n,n')229Th"
229Th,42.44,452.83268470942744,"(n,n')229Th"
229Th,0.01,320.8054067191977,"(n,n')229Th"
229Th,7.0,246.57075382086384,"(n,n')229Th"
229Th,53.59,164.65854944049372,"(n,n')229Th"
229Th,97.13,137.10846970344363,"(n,n')229Th"
229Th,54.69,122.42409740639002,"(n,n')229Th"
229Th,118.97,120.67286724256309,"(n,n')229Th"
229Th,120.82,115.57007442820658,"(n,n')229Th"
229Th,101.78,93.30834007537804,"(n,n')229Th"
229Th,173.6,89.16406249398496,"(n,n')229Th"
229Th,127.0,86.26612391742104,"(n,n')229Th"
229Th,164.52,78.0466205725125,"(n,n')229Th"
229Th,146.34,73.85698611109274,"(n,n')229Th"
229Th,119.0,52.86328215334617,"(n,n')229Th"
229Th,96.22,51.05304750805257,"(n,n')229Th"
229Th,259.33,45.34312508163558,"(n,n')229Th"
229Th,86.93,44.45663857191986,"(n,n')229Th"
229Th,208.17,41.02944066241437,"(n,n')229Th"
229Th,216.1,40.963975444170515,"(n,n')229Th"
229Th,123.89,36.63748148960309,"(n,n')229Th"
229Th,131.16,34.52881239163086,"(n,n')229Th"
229Th,70.3,34.06825182924036,"(n,n')229Th"
229Th,212.34,33.784503651136255,"(n,n')229Th"
229Th,217.16,33.735343493312804,"(n,n')229Th"
229Th,261.92,30.728409564519314,"(n,n')229Th"
229Th,135.34,29.02788693412604,"(n,n')229Th"
229Th,317.16,28.78798750071533,"(n,n')229Th"
229Th,66.13,26.58852024622441,"(n,n')229Th"
229Th,117.16,25.848154476039902,"(n,n')229Th"
229Th,291.35,21.05646731343165,"(n,n')229Th"
229Th,187.97,19.906993026263187,"(n,n')229Th"
229Th,154.73,19.868097243766297,"(n,n')229Th"
229Th,74.53,16.99094363249345,"(n,n')229Th"
229Th,145.34,15.856990632919143,"(n,n')229Th"
229Th,114.32,15.564575533835995,"(n,n')229Th"
229Th,31.18,15.388247718940335,"(n,n')229Th"
229Th,260.45,13.908172559973808,"(n,n')229Th"
229Th,245.35,13.529149892550912,"(n,n')229Th"
229Th,72.0,11.98787643563641,"(n,n')229Th"
229Th,37.85,11.441801650915693,"(n,n')229Th"
229Th,320.54,11.371740685188977,"(n,n')229Th"
229Th,76.34,10.740103158825043,"(n,n')229Th"
229Th,72.83,9.843667052725317,"(n,n')229Th"
229Th,148.16,9.77439734721577,"(n,n')229Th"
229Th,302.89,9.140265220325002,"(n,n')229Th"
229Th,129.29,9.140265220325002,"(n,n')229Th"
229Th,111.95,8.082308238371581,"(n,n')229Th"
229Th,25.31,7.468627652504754,"(n,n')229Th"
229Th,139.76,6.428559581422403,"(n,n')229Th"
229Th,82.97,6.421494700001076,"(n,n')229Th"
229Th,165.54,6.154771287614834,"(n,n')229Th"
229Th,248.72,5.683482133012469,"(n,n')229Th"
229Th,91.01,5.37495271670286,"(n,n')229Th"
229Th,88.45,4.243626488701345,"(n,n')229Th"
229Th,278.1,4.2117621297208405,"(n,n')229Th"
229Th,287.98,3.5987422062876506,"(n,n')229Th"
229Th,32.62,3.5588292163739195,"(n,n')229Th"
229Th,153.27,3.114224887127712,"(n,n')229Th"
229Th,255.94,2.535776762954741,"(n,n')229Th"
229Th,125.41,2.470671557570524,"(n,n')229Th"
229Th,52.63,2.4292689938456724,"(n,n')229Th"
229Th,67.94,1.958728664655268,"(n,n')229Th"
229Th,274.73,1.4968974026924666,"(n,n')229Th"
229Th,86.64,1.2733071046285576,"(n,n')229Th"
229Th,69.0,1.045697656242392,"(n,n')229Th"
229Th,174.19,0.82115835787146,"(n,n')229Th"
229Th,226.75,0.5832602090723122,"(n,n')229Th"
229Th,63.76,0.5333756498936266,"(n,n')229Th"
229Th,170.82,0.4894641435648235,"(n,n')229Th"
229Th,103.38,0.36011250748589474,"(n,n')229Th"
229Th,169.01,0.23028531701126284,"(n,n')229Th"
229Th,156.01,0.2084737989002974,"(n,n')229Th"
229Th,100.01,0.18423733169214013,"(n,n')229Th"
229Th,172.38,0.12635789583509693,"(n,n')229Th"
229Th,223.41,0.11794625890209093,"(n,n')229Th"
230Pa,60.0,1117.5825403440992,"(n,n')230Pa"
230Th,53.2,2981.947633453755,"(n,n')230Th"
230Th,120.9,1421.0207809802478,"(n,n')230Th"
230Th,182.5,290.06094182323756,"(n,n')230Th"
230Th,518.57,116.86502936244538,"(n,n')230Th"
230Th,397.67,113.36580944341728,"(n,n')230Th"
230Th,454.96,107.27531001837777,"(n,n')230Th"
230Th,508.16,64.36504995651688,"(n,n')230Th"
230Th,677.6,56.67997460754703,"(n,n')230Th"
230Th,512.6,49.443165087750884,"(n,n')230Th"
230Th,624.4,46.48614615900132,"(n,n')230Th"
230Th,503.5,44.78471987034705,"(n,n')230Th"
230Th,581.7,37.01546775950071,"(n,n')230Th"
230Th,330.1,27.194997910230665,"(n,n')230Th"
230Th,237.5,18.691881289133864,"(n,n')230Th"
230Th,114.93,9.394778361478679,"(n,n')230Th"
230U,51.72,897.22858854578,"(n,n')230U"
230U,117.78,324.7910878173666,"(n,n')230U"
230U,177.6,77.97811152554743,"(n,n')230U"
230U,383.58,53.09692060006621,"(n,n')230U"
230U,314.84,30.54228857674934,"(n,n')230U"
230U,366.56,24.73783298727659,"(n,n')230U"
230U,265.8,20.710292670352125,"(n,n')230U"
230U,211.2,15.080365661229322,"(n,n')230U"
230U,388.8,15.080365661229322,"(n,n')230U"
230U,231.1,6.1433479253932575,"(n,n')230U"
230U,387.0,4.2820342305618055,"(n,n')230U"
231Pa,9.21,277.9826543610918,"(n,n')231Pa"
231Pa,68.48,276.92316668394244,"(n,n')231Pa"
231Pa,58.57,207.22433978073428,"(n,n')231Pa"
231Pa,115.51,59.05775,"(n,n')231Pa"
231Pa,25.65,9.416121299021547,"(n,n')231Pa"
231Pa,17.19,5.334130817263524,"(n,n')231Pa"
231Pa,89.94,2.6638261144065005,"(n,n')231Pa"
231Pa,84.22,2.651187811604555,"(n,n')231Pa"
231Pa,10.24,2.5317276970000004,"(n,n')231Pa"
231Pa,18.05,2.23310728699358,"(n,n')231Pa"
231Pa,44.08,1.5182545550000002,"(n,n')231Pa"
231Pa,22.35,1.2383245,"(n,n')231Pa"
231Pa,110.53,1.1822199999999998,"(n,n')231Pa"
231Pa,81.22,0.9901513633499999,"(n,n')231Pa"
231Pa,72.75,0.7713866916495001,"(n,n')231Pa"
231Pa,55.0,0.448437,"(n,n')231Pa"
231Pa,82.08,0.41882261355,"(n,n')231Pa"
231Pa,134.02,0.192319078,"(n,n')231Pa"
231Pa,116.83,0.17837697,"(n,n')231Pa"
231Pa,174.16,0.171906944085,"(n,n')231Pa"
231Pa,106.59,0.12035319700000001,"(n,n')231Pa"
231Pa,99.27,0.09560081396249999,"(n,n')231Pa"
231Pa,102.27,0.052001985448045004,"(n,n')231Pa"
231Pa,140.55,0.0410062,"(n,n')231Pa"
231Pa,42.84,0.031658154935977054,"(n,n')231Pa"
231Pa,115.59,0.027797718618000004,"(n,n')231Pa"
231Pa,164.95,0.022677086241,"(n,n')231Pa"
231Pa,124.92,0.008042608158749999,"(n,n')231Pa"
231Pa,93.06,0.005727090908375,"(n,n')231Pa"
231Pa,183.49,0.00409717774125,"(n,n')231Pa"
231Pa,105.8,0.0009104839424999999,"(n,n')231Pa"
231Th,41.95,1834.6386420621238,"(n,n')231Th"
231Th,119.99,552.5189183144714,"(n,n')231Th"
231Th,96.13,530.2896380147678,"(n,n')231Th"
231Th,54.18,185.64055579678208,"(n,n')231Th"
231Th,185.71,166.9533064987199,"(n,n')231Th"
231Th,221.4,134.55587476197314,"(n,n')231Th"
231Th,172.06,122.8951571307637,"(n,n')231Th"
231Th,163.36,119.18536234429334,"(n,n')231Th"
231Th,205.31,117.98453280293248,"(n,n')231Th"
231Th,194.94,112.23989196489688,"(n,n')231Th"
231Th,240.88,99.33599938521509,"(n,n')231Th"
231Th,272.18,81.09537671057083,"(n,n')231Th"
231Th,72.49,78.2503262047521,"(n,n')231Th"
231Th,233.47,68.70149250700587,"(n,n')231Th"
231Th,275.13,67.3823492505853,"(n,n')231Th"
231Th,198.93,64.5576966815459,"(n,n')231Th"
231Th,228.78,58.743947254932095,"(n,n')231Th"
231Th,289.56,57.20501204782147,"(n,n')231Th"
231Th,247.58,57.191241821462086,"(n,n')231Th"
231Th,301.74,48.26861959774335,"(n,n')231Th"
231Th,115.86,46.95020593613508,"(n,n')231Th"
231Th,202.11,43.39348002317699,"(n,n')231Th"
231Th,140.76,39.27644679485682,"(n,n')231Th"
231Th,282.96,36.41878716686129,"(n,n')231Th"
231Th,109.18,35.75278976463753,"(n,n')231Th"
231Th,309.56,32.69006508319732,"(n,n')231Th"
231Th,143.76,31.990147542837878,"(n,n')231Th"
231Th,136.7,29.295154084575714,"(n,n')231Th"
231Th,179.3,27.476033095714392,"(n,n')231Th"
231Th,255.38,25.82636215128418,"(n,n')231Th"
231Th,80.35,24.61265209423436,"(n,n')231Th"
231Th,172.27,24.31894891029842,"(n,n')231Th"
231Th,351.51,20.924815273700524,"(n,n')231Th"
231Th,40.91,19.55897791013933,"(n,n')231Th"
231Th,281.45,17.577126056217313,"(n,n')231Th"
231Th,259.79,17.374137443313398,"(n,n')231Th"
231Th,275.42,17.172523253624206,"(n,n')231Th"
231Th,182.52,13.883861073685313,"(n,n')231Th"
231Th,76.2,13.474756862102897,"(n,n')231Th"
231Th,343.74,13.157864311201237,"(n,n')231Th"
231Th,74.95,11.22398919648969,"(n,n')231Th"
231Th,230.23,4.459857085676046,"(n,n')231Th"
231Th,51.18,3.3670292502295047,"(n,n')231Th"
231Th,317.08,3.0996234079731275,"(n,n')231Th"
231Th,150.93,3.0374138791409955,"(n,n')231Th"
231Th,31.58,2.2441233104417706,"(n,n')231Th"
231Th,291.7,1.6490327503738174,"(n,n')231Th"
231Th,387.83,1.5183852673108733,"(n,n')231Th"
231Th,345.88,1.5183852673108733,"(n,n')231Th"
231U,45.1,812.5882560190673,"(n,n')231U"
231U,57.99,446.5540979644917,"(n,n')231U"
231U,40.0,401.0566326095341,"(n,n')231U"
231U,70.87,266.2285103968223,"(n,n')231U"
231U,103.09,202.79003279599675,"(n,n')231U"
232Pa,60.0,1682.8421282700028,"(n,n')232Pa"
232Th,49.37,1331.8872553572562,"(n,n')232Th"
232Th,112.75,494.9820708386004,"(n,n')232Th"
232Th,171.08,136.9853832039,"(n,n')232Th"
232Th,1243.83,54.68218,"(n,n')232Th"
232Th,680.98,47.592099999999995,"(n,n')232Th"
232Th,780.23,40.77447705,"(n,n')232Th"
232Th,1023.53,40.07575,"(n,n')232Th"
232Th,774.1,37.60594543793075,"(n,n')232Th"
232Th,727.98,35.69712275,"(n,n')232Th"
232Th,735.93,34.6540365948,"(n,n')232Th"
232Th,1072.43,26.236212517450006,"(n,n')232Th"
232Th,612.28,25.649219295000005,"(n,n')232Th"
232Th,539.8,24.446492895,"(n,n')232Th"
232Th,1029.33,24.086949999999995,"(n,n')232Th"
232Th,1004.23,22.753713239999996,"(n,n')232Th"
232Th,986.18,21.23960517,"(n,n')232Th"
232Th,823.63,19.912957105,"(n,n')232Th"
232Th,785.3,19.354806335200003,"(n,n')232Th"
232Th,664.88,18.57273642,"(n,n')232Th"
232Th,223.7,17.99501655063,"(n,n')232Th"
232Th,1053.6,17.95788676,"(n,n')232Th"
232Th,1077.5,17.3918,"(n,n')232Th"
232Th,611.98,16.329041077463398,"(n,n')232Th"
232Th,981.18,15.6622,"(n,n')232Th"
232Th,1133.13,15.417478470000002,"(n,n')232Th"
232Th,798.28,15.388922570000002,"(n,n')232Th"
232Th,884.9,15.2186,"(n,n')232Th"
232Th,1056.33,13.4558423202,"(n,n')232Th"
232Th,550.4,12.40707344,"(n,n')232Th"
232Th,1045.03,12.06231545,"(n,n')232Th"
232Th,1167.28,10.807799999999999,"(n,n')232Th"
232Th,667.48,10.25102295,"(n,n')232Th"
232Th,815.1,10.02729483,"(n,n')232Th"
232Th,76.8,9.70038,"(n,n')232Th"
232Th,860.98,9.67734261,"(n,n')232Th"
232Th,932.28,9.535384550000002,"(n,n')232Th"
232Th,1046.78,9.398195,"(n,n')232Th"
232Th,959.68,9.201043393750002,"(n,n')232Th"
232Th,627.2,8.07337743,"(n,n')232Th"
232Th,887.78,7.6057553449999995,"(n,n')232Th"
232Th,840.73,6.396594249999999,"(n,n')232Th"
232Th,331.6,6.079727516600001,"(n,n')232Th"
232Th,466.2,5.928757390000001,"(n,n')232Th"
232Th,1225.08,4.7167156575,"(n,n')232Th"
232Th,1020.38,4.607821530000001,"(n,n')232Th"
232Th,493.0,4.162394655,"(n,n')232Th"
232Th,812.8,3.3269200000000003,"(n,n')232Th"
232Th,714.25,2.96836358,"(n,n')232Th"
232Th,1337.83,2.9559193949999996,"(n,n')232Th"
232Th,888.9,2.6125100000000003,"(n,n')232Th"
232Th,486.0,2.3277202417300003,"(n,n')232Th"
232Th,725.03,2.0467307050000003,"(n,n')232Th"
232Th,556.9,1.808783,"(n,n')232Th"
232Th,943.58,1.7498344202799998,"(n,n')232Th"
232Th,1387.2,1.5703899475,"(n,n')232Th"
232Th,1121.8,1.3118087884200003,"(n,n')232Th"
232Th,36.6,1.2012850000000002,"(n,n')232Th"
232Th,724.73,0.6771910012058399,"(n,n')232Th"
232Th,623.18,0.276884755707,"(n,n')232Th"
232Th,721.48,0.22227655999999998,"(n,n')232Th"
232Th,206.7,0.0595603,"(n,n')232Th"
232Th,270.1,0.024234263900000004,"(n,n')232Th"
232Th,709.7,0.013815058270000001,"(n,n')232Th"
232Th,310.1,1.90639e-05,"(n,n')232Th"
232U,47.57,1114.5563615479102,"(n,n')232U"
232U,109.0,424.28653408944575,"(n,n')232U"
232U,166.03,94.89118968118333,"(n,n')232U"
232U,581.4,36.28691102358595,"(n,n')232U"
232U,676.5,30.426397195105068,"(n,n')232U"
232U,515.62,29.413321878709752,"(n,n')232U"
232U,863.85,25.26144135574379,"(n,n')232U"
232U,472.4,25.039553316918727,"(n,n')232U"
232U,686.99,21.746587194946677,"(n,n')232U"
232U,734.56,21.746587194946677,"(n,n')232U"
232U,563.19,19.70707927944267,"(n,n')232U"
232U,819.22,19.076106938727555,"(n,n')232U"
232U,814.11,16.61961081390723,"(n,n')232U"
232U,866.79,14.495766019279024,"(n,n')232U"
232U,424.3,12.720554146046112,"(n,n')232U"
232U,590.33,12.720554146046112,"(n,n')232U"
232U,969.28,12.052431719104947,"(n,n')232U"
232U,643.64,11.306658346643264,"(n,n')232U"
232U,218.4,10.21419837176311,"(n,n')232U"
232U,662.2,6.521378944305308,"(n,n')232U"
232U,754.85,6.062373767453762,"(n,n')232U"
232U,923.11,4.154908033316866,"(n,n')232U"
232U,150.06,3.13419945489127,"(n,n')232U"
232U,453.66,2.4944419595952283,"(n,n')232U"
232U,387.88,2.012708593766636,"(n,n')232U"
232U,374.1,1.764931642700863,"(n,n')232U"
232U,592.5,1.764931642700863,"(n,n')232U"
232U,264.8,1.612632019006868,"(n,n')232U"
232U,105.43,0.482139008142638,"(n,n')232U"
232U,710.22,0.4767289817429311,"(n,n')232U"
232U,132.23,0.32425935177172144,"(n,n')232U"
232U,175.58,0.2479894879045656,"(n,n')232U"
232U,911.42,0.15157509066384378,"(n,n')232U"
232U,176.86,0.05053543248287948,"(n,n')232U"
232U,1016.85,0.003977796373459871,"(n,n')232U"
232U,282.29,0.002770929305863188,"(n,n')232U"
233Pa,57.1,286.124960994975,"(n,n')233Pa"
233Pa,6.65,282.69460649999996,"(n,n')233Pa"
233Pa,63.84,281.5514413333333,"(n,n')233Pa"
233Pa,70.49,35.796892,"(n,n')233Pa"
233Pa,29.38,1.2470443283083334,"(n,n')233Pa"
233Pa,86.48,0.6089525883583333,"(n,n')233Pa"
233Th,6.04,2255.841271223037,"(n,n')233Th"
233Th,16.86,994.3128050998846,"(n,n')233Th"
233Th,0.02,860.2072800850525,"(n,n')233Th"
233Th,44.34,665.3083173816003,"(n,n')233Th"
233Th,138.04,390.87647700405046,"(n,n')233Th"
233Th,54.55,345.8547790019587,"(n,n')233Th"
233Th,48.51,345.8547790019587,"(n,n')233Th"
233Th,37.69,345.8547790019587,"(n,n')233Th"
233Th,103.45,294.32558604563695,"(n,n')233Th"
233Th,56.96,284.57443142283097,"(n,n')233Th"
233Th,76.76,157.41197336683413,"(n,n')233Th"
233Th,39.07,157.41197336683413,"(n,n')233Th"
233Th,256.18,114.55983778922385,"(n,n')233Th"
233Th,33.9,109.45970160192631,"(n,n')233Th"
233Th,229.02,89.25401352110072,"(n,n')233Th"
233Th,75.9,86.96501544700547,"(n,n')233Th"
233Th,331.31,82.04161127930321,"(n,n')233Th"
233Th,218.66,71.1092990498466,"(n,n')233Th"
233Th,309.5,63.84525328927604,"(n,n')233Th"
233Th,108.2,41.25509510240814,"(n,n')233Th"
233Th,335.93,37.73911415597239,"(n,n')233Th"
233Th,155.2,35.30944966274107,"(n,n')233Th"
233Th,319.07,35.06146751822675,"(n,n')233Th"
233Th,172.06,20.529563157547123,"(n,n')233Th"
233Th,174.6,19.823479263822144,"(n,n')233Th"
233Th,211.86,19.475335173872516,"(n,n')233Th"
233Th,329.89,9.808926108809414,"(n,n')233Th"
233Th,286.97,8.204161127930321,"(n,n')233Th"
233Th,281.38,7.547829800705434,"(n,n')233Th"
234Np,30.0,2038.595849079075,"(n,n')234Np"
234Np,40.0,494.97261538517455,"(n,n')234Np"
234Np,10.0,186.17862639566644,"(n,n')234Np"
234Th,49.55,3329.4355499207522,"(n,n')234Th"
234Th,113.45,1595.0841956821407,"(n,n')234Th"
234Th,173.5,347.11737525763414,"(n,n')234Th"
234Th,228.3,27.042144258334535,"(n,n')234Th"
235Np,34.23,1003.9068182263318,"(n,n')235Np"
235Np,44.87,553.611618109522,"(n,n')235Np"
235Np,53.9,252.39234308524777,"(n,n')235Np"
235Np,49.1,142.53418133811334,"(n,n')235Np"
235Np,57.37,108.40515783142466,"(n,n')235Np"
235Np,67.0,101.13960027706588,"(n,n')235Np"
235Np,67.7,80.95943545059207,"(n,n')235Np"
236Np,56.0,885.8012279805662,"(n,n')236Np"
236Np,60.0,381.24821681032154,"(n,n')236Np"
236Np,16.0,342.9271624676023,"(n,n')236Np"
236Np,64.0,329.7458078272958,"(n,n')236Np"
236Np,24.0,260.18844262822836,"(n,n')236Np"
236Np,32.0,123.90228017911997,"(n,n')236Np"
236Pu,44.63,1165.4538065022268,"(n,n')236Pu"
236Pu,102.82,457.67704570959444,"(n,n')236Pu"
236Pu,158.35,98.51732986745462,"(n,n')236Pu"
236Pu,209.9,6.217352944222141,"(n,n')236Pu"
236Pu,257.8,0.08866832297039644,"(n,n')236Pu"
237Np,33.19,488.1535181586717,"(n,n')237Np"
237Np,42.7,185.2054261094311,"(n,n')237Np"
237Np,59.54,22.547974693161514,"(n,n')237Np"
237Np,75.89,20.372802450265983,"(n,n')237Np"
237Np,43.42,9.734547328146407,"(n,n')237Np"
237Np,96.81,3.683110470712,"(n,n')237Np"
237Np,98.97,3.5474557058463625,"(n,n')237Np"
237Np,55.55,3.157208874371419,"(n,n')237Np"
237Np,221.46,2.9515310137373048,"(n,n')237Np"
237Np,102.96,2.5990678261506748,"(n,n')237Np"
237Np,208.0,2.531389946144739,"(n,n')237Np"
237Np,300.16,2.4175064000000006,"(n,n')237Np"
237Np,161.58,2.1946014000000003,"(n,n')237Np"
237Np,115.61,2.13340019555,"(n,n')237Np"
237Np,123.0,1.8284671338712946,"(n,n')237Np"
237Np,335.4,1.823309478408,"(n,n')237Np"
237Np,166.94,1.717804595558,"(n,n')237Np"
237Np,221.81,1.6177970503129433,"(n,n')237Np"
237Np,146.55,1.616738190588,"(n,n')237Np"
237Np,165.91,1.614490392088872,"(n,n')237Np"
237Np,26.34,1.5129510080950106,"(n,n')237Np"
237Np,370.93,1.4084806814319997,"(n,n')237Np"
237Np,383.79,1.3488812,"(n,n')237Np"
237Np,322.53,1.1780787898880003,"(n,n')237Np"
237Np,426.49,1.1762244064,"(n,n')237Np"
237Np,512.41,1.0988909008699999,"(n,n')237Np"
237Np,376.64,1.0539151202580002,"(n,n')237Np"
237Np,275.61,0.8682104107980001,"(n,n')237Np"
237Np,454.66,0.8645158643280001,"(n,n')237Np"
237Np,368.59,0.7967825740799999,"(n,n')237Np"
237Np,67.45,0.7679370742868429,"(n,n')237Np"
237Np,169.56,0.7380513858240001,"(n,n')237Np"
237Np,125.32,0.7130664875439336,"(n,n')237Np"
237Np,545.6,0.7032857370419999,"(n,n')237Np"
237Np,337.74,0.6597425185679999,"(n,n')237Np"
237Np,109.7,0.642481814478,"(n,n')237Np"
237Np,264.88,0.6257456473500737,"(n,n')237Np"
237Np,157.0,0.531149024976,"(n,n')237Np"
237Np,64.82,0.5219734158337,"(n,n')237Np"
237Np,51.01,0.48752351833612,"(n,n')237Np"
237Np,275.7,0.417580762088,"(n,n')237Np"
237Np,232.85,0.40972499967600007,"(n,n')237Np"
237Np,69.77,0.3893259376314935,"(n,n')237Np"
237Np,191.94,0.35051140000000003,"(n,n')237Np"
237Np,13.81,0.34621626769917646,"(n,n')237Np"
237Np,514.2,0.23354077755000005,"(n,n')237Np"
237Np,419.34,0.22106342858599998,"(n,n')237Np"
237Np,164.58,0.21770974716114827,"(n,n')237Np"
237Np,291.23,0.21547956252349504,"(n,n')237Np"
237Np,244.3,0.21305629347,"(n,n')237Np"
237Np,316.8,0.19279369999999996,"(n,n')237Np"
237Np,459.68,0.17265679360000002,"(n,n')237Np"
237Np,184.5,0.17045654000000002,"(n,n')237Np"
237Np,358.23,0.156284703312,"(n,n')237Np"
237Np,332.36,0.13884458066432,"(n,n')237Np"
237Np,150.07,0.1353013776658627,"(n,n')237Np"
237Np,304.12,0.130225271412,"(n,n')237Np"
237Np,267.54,0.08504154032431564,"(n,n')237Np"
237Np,175.06,0.063059609412,"(n,n')237Np"
237Np,292.7,0.052154988384,"(n,n')237Np"
237Np,165.7,0.04506586497600001,"(n,n')237Np"
237Np,198.4,0.03924092,"(n,n')237Np"
237Np,248.53,0.03839097452722266,"(n,n')237Np"
237Np,452.53,0.01848190487,"(n,n')237Np"
237Np,204.02,0.012397414176000002,"(n,n')237Np"
237Np,261.03,0.009253356398,"(n,n')237Np"
237Np,309.05,0.005113759128,"(n,n')237Np"
237Np,234.35,0.0024678499026736024,"(n,n')237Np"
237Pu,47.71,790.2158926051534,"(n,n')237Pu"
237Pu,58.29,382.9777871833036,"(n,n')237Pu"
237Pu,69.0,214.17088321407815,"(n,n')237Pu"
237Pu,145.54,200.95960050008324,"(n,n')237Pu"
237Pu,9.91,129.58934499761875,"(n,n')237Pu"
237Pu,82.0,92.5667109342374,"(n,n')237Pu"
237Pu,68.8,54.284793741937655,"(n,n')237Pu"
237Pu,55.64,43.43265389721786,"(n,n')237Pu"
237Pu,256.29,40.586133432143505,"(n,n')237Pu"
237Pu,323.29,32.90934098999129,"(n,n')237Pu"
237Pu,280.22,29.561321599863625,"(n,n')237Pu"
237Pu,438.29,22.89038399612646,"(n,n')237Pu"
237Pu,465.29,21.15131941733981,"(n,n')237Pu"
237Pu,438.41,20.203523152197697,"(n,n')237Pu"
237Pu,45.73,19.98192798904291,"(n,n')237Pu"
237Pu,320.97,19.740286357025877,"(n,n')237Pu"
237Pu,473.5,13.227624062189756,"(n,n')237Pu"
237Pu,541.0,12.994301518368806,"(n,n')237Pu"
237Pu,635.0,12.103696223450125,"(n,n')237Pu"
237Pu,380.82,11.846180914155795,"(n,n')237Pu"
237Pu,655.0,11.626298853312498,"(n,n')237Pu"
237Pu,691.0,10.758135317923646,"(n,n')237Pu"
237Pu,273.26,10.6616019696539,"(n,n')237Pu"
237Pu,655.3,9.493866391457978,"(n,n')237Pu"
237Pu,500.0,9.177097928458318,"(n,n')237Pu"
237Pu,248.74,8.762997335470358,"(n,n')237Pu"
237Pu,435.55,8.603916564759073,"(n,n')237Pu"
237Pu,407.83,7.842386033685273,"(n,n')237Pu"
237Pu,224.86,7.814025514515584,"(n,n')237Pu"
237Pu,214.95,7.814025514515584,"(n,n')237Pu"
237Pu,252.02,7.750055696391969,"(n,n')237Pu"
237Pu,228.95,7.750055696391969,"(n,n')237Pu"
237Pu,203.01,6.2220013947540025,"(n,n')237Pu"
237Pu,425.79,5.952227906449315,"(n,n')237Pu"
237Pu,648.49,5.904773094652693,"(n,n')237Pu"
237Pu,399.46,5.475553998396353,"(n,n')237Pu"
237Pu,453.2,5.192220229175737,"(n,n')237Pu"
237Pu,696.2,4.546170143295984,"(n,n')237Pu"
237Pu,206.65,4.078722091227283,"(n,n')237Pu"
237Pu,179.94,3.592712357915468,"(n,n')237Pu"
237Pu,252.38,3.3726673417822903,"(n,n')237Pu"
237Pu,183.58,2.3534733641108954,"(n,n')237Pu"
237Pu,390.7,1.3333772207054795,"(n,n')237Pu"
237Pu,127.61,1.3333197854536547,"(n,n')237Pu"
237Pu,123.97,0.6133732689603787,"(n,n')237Pu"
237Pu,40.75,0.39480679504224725,"(n,n')237Pu"
237Pu,193.28,0.2778616864826334,"(n,n')237Pu"
237Pu,124.77,0.17441178345232142,"(n,n')237Pu"
237Pu,158.19,0.16163248097993976,"(n,n')237Pu"
237Pu,79.04,0.12415771133511813,"(n,n')237Pu"
238Np,26.43,1218.0193905373278,"(n,n')238Np"
238Np,62.33,353.6217740851355,"(n,n')238Np"
238Np,35.9,293.56282214907003,"(n,n')238Np"
238Np,86.67,290.8667298861216,"(n,n')238Np"
238Np,43.82,283.944272050161,"(n,n')238Np"
238Np,55.53,156.63451863097825,"(n,n')238Np"
238Np,121.64,126.46467488163219,"(n,n')238Np"
238Np,243.96,118.95580132772838,"(n,n')238Np"
238Np,34.97,117.6196805376469,"(n,n')238Np"
238Np,49.37,116.97193307443484,"(n,n')238Np"
238Np,139.1,112.51127501152709,"(n,n')238Np"
238Np,43.89,112.51127501152709,"(n,n')238Np"
238Np,79.73,90.8503286320553,"(n,n')238Np"
238Np,60.25,86.10012419244298,"(n,n')238Np"
238Np,182.88,75.21684257437941,"(n,n')238Np"
238Np,53.17,65.86167864117033,"(n,n')238Np"
238Np,95.22,65.77303408856226,"(n,n')238Np"
238Np,111.18,64.13481141859015,"(n,n')238Np"
238Np,152.73,57.54525077216711,"(n,n')238Np"
238Np,215.52,43.40134796069902,"(n,n')238Np"
238Np,153.87,42.171390741227455,"(n,n')238Np"
238Np,92.48,33.06960700847136,"(n,n')238Np"
238Np,108.79,32.46342402077718,"(n,n')238Np"
238Np,2.44,29.456951244889524,"(n,n')238Np"
238Np,250.33,28.800890647287456,"(n,n')238Np"
238Np,131.5,28.03896296601533,"(n,n')238Np"
238Np,163.07,26.580390404774658,"(n,n')238Np"
238Np,250.39,24.33356527444413,"(n,n')238Np"
238Np,189.1,23.44174008478073,"(n,n')238Np"
238Np,277.64,23.343793269682237,"(n,n')238Np"
238Np,153.19,23.000205702452643,"(n,n')238Np"
238Np,156.45,22.865065532162514,"(n,n')238Np"
238Np,152.7,22.62885452426253,"(n,n')238Np"
238Np,217.95,22.36172845141654,"(n,n')238Np"
238Np,41.84,22.147839202616773,"(n,n')238Np"
238Np,82.24,21.47836601097714,"(n,n')238Np"
238Np,236.04,21.40481014976432,"(n,n')238Np"
238Np,116.91,20.45809801777042,"(n,n')238Np"
238Np,135.21,20.33444646077203,"(n,n')238Np"
238Np,61.44,19.968039411099788,"(n,n')238Np"
238Np,232.43,19.849945493206288,"(n,n')238Np"
238Np,90.04,17.33271862022887,"(n,n')238Np"
238Np,223.96,16.43985343875531,"(n,n')238Np"
238Np,236.9,16.071884743622945,"(n,n')238Np"
238Np,271.94,15.410359243668251,"(n,n')238Np"
238Np,251.21,14.240807988042478,"(n,n')238Np"
238Np,151.02,14.021125908675694,"(n,n')238Np"
238Np,272.8,13.019401851745497,"(n,n')238Np"
238Np,53.67,12.82868602845307,"(n,n')238Np"
238Np,67.92,11.998439924772958,"(n,n')238Np"
238Np,59.32,11.76196805376469,"(n,n')238Np"
238Np,109.62,11.69719330744348,"(n,n')238Np"
238Np,250.37,11.266050957030458,"(n,n')238Np"
238Np,190.88,10.936531481988895,"(n,n')238Np"
238Np,96.78,10.904383051052985,"(n,n')238Np"
238Np,107.26,10.748116271090185,"(n,n')238Np"
238Np,299.23,9.64543383607942,"(n,n')238Np"
238Np,136.04,9.240935616602478,"(n,n')238Np"
238Np,79.48,9.11480523012023,"(n,n')238Np"
238Np,43.11,7.605908568815863,"(n,n')238Np"
238Np,135.91,7.51671547126333,"(n,n')238Np"
238Np,142.33,7.309885378010109,"(n,n')238Np"
238Np,179.02,7.087291876535935,"(n,n')238Np"
238Np,117.8,6.786239222576054,"(n,n')238Np"
238Np,85.16,6.786239222576054,"(n,n')238Np"
238Np,164.64,6.786239222576054,"(n,n')238Np"
238Np,73.72,6.6675881459704724,"(n,n')238Np"
238Np,176.66,4.673700205311362,"(n,n')238Np"
238Np,194.59,4.269818413272609,"(n,n')238Np"
238Np,196.52,3.3744450539199193,"(n,n')238Np"
238Np,298.37,1.9692090475572606,"(n,n')238Np"
238Np,97.18,1.495648220316914,"(n,n')238Np"
238Np,32.65,1.388843622910435,"(n,n')238Np"
238Np,122.81,1.3099121317997848,"(n,n')238Np"
238Np,24.34,0.8145349011221252,"(n,n')238Np"
238Np,35.07,0.8050053095159589,"(n,n')238Np"
238Np,46.83,0.601773959099389,"(n,n')238Np"
238Np,53.85,0.4673700205311363,"(n,n')238Np"
238Np,75.98,0.4366699423203574,"(n,n')238Np"
238Np,139.06,0.426981841327261,"(n,n')238Np"
238Np,43.33,0.31559624849945694,"(n,n')238Np"
238Np,54.41,0.14125832172047464,"(n,n')238Np"
239Np,71.21,1125.4169070527626,"(n,n')239Np"
239Np,31.13,823.7849575051498,"(n,n')239Np"
239Np,51.29,567.6686132060725,"(n,n')239Np"
239Np,57.5,221.42258767439913,"(n,n')239Np"
239Np,74.66,199.09039198106157,"(n,n')239Np"
239Np,141.89,119.28568155847711,"(n,n')239Np"
239Np,117.84,118.65355776697157,"(n,n')239Np"
239Np,170.15,103.66489310760892,"(n,n')239Np"
239Np,235.87,98.92693750133238,"(n,n')239Np"
239Np,220.2,87.82447066200356,"(n,n')239Np"
239Np,284.37,79.60213750274825,"(n,n')239Np"
239Np,194.9,75.6308295093383,"(n,n')239Np"
239Np,258.3,75.41795707201109,"(n,n')239Np"
239Np,325.0,71.07840510799335,"(n,n')239Np"
239Np,275.79,70.99535244594159,"(n,n')239Np"
239Np,260.8,67.83306956055091,"(n,n')239Np"
239Np,287.79,67.81307863498934,"(n,n')239Np"
239Np,86.71,53.38486780284085,"(n,n')239Np"
239Np,298.1,45.618010652599615,"(n,n')239Np"
239Np,231.0,41.547797831830394,"(n,n')239Np"
239Np,50.7,39.27597356130474,"(n,n')239Np"
239Np,43.53,17.320866439049507,"(n,n')239Np"
239Np,43.18,13.64423547117071,"(n,n')239Np"
239Np,55.18,10.378556428449771,"(n,n')239Np"
239Np,98.36,9.423786189256603,"(n,n')239Np"
239Np,186.14,4.748169270942062,"(n,n')239Np"
239Np,50.52,2.982140275962933,"(n,n')239Np"
240Am,41.0,1074.8422240026773,"(n,n')240Am"
240Am,55.0,662.0016848563935,"(n,n')240Am"
240Am,62.0,336.0303162865423,"(n,n')240Am"
240Am,53.0,190.35300434973442,"(n,n')240Am"
240Am,75.0,153.25345075582337,"(n,n')240Am"
240Am,87.0,103.97731087549963,"(n,n')240Am"
240Am,89.0,97.91244632036253,"(n,n')240Am"
240Am,90.0,79.1361658665812,"(n,n')240Am"
240Am,160.0,70.184993292337,"(n,n')240Am"
240Am,94.0,55.05680041969687,"(n,n')240Am"
240Am,185.0,51.011026581302495,"(n,n')240Am"
240Am,83.0,37.99715549641849,"(n,n')240Am"
240Am,96.0,31.348743433309355,"(n,n')240Am"
240Am,398.0,28.292201021194,"(n,n')240Am"
240Am,293.0,22.2445109629455,"(n,n')240Am"
240Cm,38.0,1182.703194359026,"(n,n')240Cm"
240Cm,89.0,475.54546921637814,"(n,n')240Cm"
240Cm,139.0,110.3441040835914,"(n,n')240Cm"
240Cm,190.0,11.522977859594912,"(n,n')240Cm"
241Cm,5.5,1205.8472121059676,"(n,n')241Cm"
241Cm,57.1,503.00345620609613,"(n,n')241Cm"
241Cm,51.6,503.00345620609613,"(n,n')241Cm"
241Cm,23.9,281.1494676281668,"(n,n')241Cm"
241Cm,75.5,281.1494676281668,"(n,n')241Cm"
241Cm,82.0,137.7645779809656,"(n,n')241Cm"
241Cm,105.9,137.7645779809656,"(n,n')241Cm"
242Cm,42.13,1315.4622141405446,"(n,n')242Cm"
242Cm,94.87,520.1251300310964,"(n,n')242Cm"
242Cm,151.0,103.78564444941969,"(n,n')242Cm"
242Pu,44.54,2257.199309699027,"(n,n')242Pu"
242Pu,102.76,899.0537972551725,"(n,n')242Pu"
242Pu,159.1,165.22169049019007,"(n,n')242Pu"
242Pu,32.7,103.42274644460153,"(n,n')242Pu"
242Pu,685.0,101.1465288059745,"(n,n')242Pu"
242Pu,787.76,101.1465288059745,"(n,n')242Pu"
242Pu,779.7,67.73621468366237,"(n,n')242Pu"
242Pu,947.96,63.86435125783686,"(n,n')242Pu"
242Pu,974.96,59.93804385711721,"(n,n')242Pu"
242Pu,735.91,49.71188623612844,"(n,n')242Pu"
242Pu,1057.46,48.77336350369483,"(n,n')242Pu"
242Pu,1039.2,45.34263044434488,"(n,n')242Pu"
242Pu,916.7,42.655476387514426,"(n,n')242Pu"
242Pu,1106.46,40.10554724229175,"(n,n')242Pu"
242Pu,1109.96,29.56094417966055,"(n,n')242Pu"
242Pu,780.45,26.34668040363347,"(n,n')242Pu"
242Pu,195.0,23.918504445312145,"(n,n')242Pu"
242Pu,956.0,16.47522468322946,"(n,n')242Pu"
242Pu,1007.2,12.711213940028252,"(n,n')242Pu"
242Pu,211.7,11.167363180730025,"(n,n')242Pu"
242Pu,785.7,8.292970740602666,"(n,n')242Pu"
242Pu,944.8,5.224507467121378,"(n,n')242Pu"
242Pu,260.5,0.13383336613101554,"(n,n')242Pu"
242Pu,305.8,0.00019134940624655078,"(n,n')242Pu"
243Cm,42.0,982.5264320795193,"(n,n')243Cm"
243Cm,52.0,412.98052304559917,"(n,n')243Cm"
243Cm,57.0,115.19923909363088,"(n,n')243Cm"
243Cm,88.0,93.81289641696348,"(n,n')243Cm"
243Cm,130.0,93.81289641696348,"(n,n')243Cm"
243Cm,87.4,81.72527609831765,"(n,n')243Cm"
243Cm,6.6,52.09358343873362,"(n,n')243Cm"
243Cm,32.0,46.8197841853322,"(n,n')243Cm"
243Cm,125.0,46.8197841853322,"(n,n')243Cm"
243Cm,122.0,31.448498926418935,"(n,n')243Cm"
243Cm,164.0,31.448498926418935,"(n,n')243Cm"
243Cm,59.0,27.510972780631445,"(n,n')243Cm"
243Cm,111.0,27.510972780631445,"(n,n')243Cm"
243Cm,186.0,26.431174271860144,"(n,n')243Cm"
243Cm,228.0,26.431174271860144,"(n,n')243Cm"
244Cm,42.96,1562.9147938680026,"(n,n')244Cm"
244Cm,99.38,607.9015326539493,"(n,n')244Cm"
244Cm,153.86,128.81117155231902,"(n,n')244Cm"
244Cm,827.65,52.29815034882414,"(n,n')244Cm"
244Cm,927.04,52.29815034882414,"(n,n')244Cm"
244Cm,977.8,50.3897373727402,"(n,n')244Cm"
244Cm,68.0,48.41478848087043,"(n,n')244Cm"
244Cm,1062.94,32.656272962995025,"(n,n')244Cm"
244Cm,1084.18,28.46811670978318,"(n,n')244Cm"
244Cm,1041.22,15.087760653811557,"(n,n')244Cm"
244Cm,743.98,9.040656288368584,"(n,n')244Cm"
244Cm,205.58,8.331369045703413,"(n,n')244Cm"
244Cm,984.91,6.4807665292988546,"(n,n')244Cm"
244Cm,941.95,6.4807665292988546,"(n,n')244Cm"
244Cm,1105.91,4.8969388810661965,"(n,n')244Cm"
244Cm,897.84,3.7969988187317583,"(n,n')244Cm"
244Cm,538.4,0.09040656288368581,"(n,n')244Cm"
244Pu,44.2,2396.5462282533153,"(n,n')244Pu"
244Pu,110.8,906.3379353120785,"(n,n')244Pu"
244Pu,162.9,208.30224295568965,"(n,n')244Pu"
244Pu,663.8,168.94601432475628,"(n,n')244Pu"
244Pu,912.8,91.81821210043998,"(n,n')244Pu"
244Pu,217.1,13.936189772177638,"(n,n')244Pu"
244Pu,267.4,0.20097961925234392,"(n,n')244Pu"
245Bk,29.9,1429.7630419091658,"(n,n')245Bk"
245Bk,41.7,830.9456397467791,"(n,n')245Bk"
245Bk,40.8,732.8891834042134,"(n,n')245Bk"
245Bk,53.9,319.1615753086617,"(n,n')245Bk"
245Bk,61.0,306.2609274653948,"(n,n')245Bk"
245Cm,54.81,751.6528215821589,"(n,n')245Cm"
245Cm,252.8,405.1383707718762,"(n,n')245Cm"
245Cm,121.6,401.6790697017617,"(n,n')245Cm"
245Cm,103.1,279.3251996645942,"(n,n')245Cm"
245Cm,66.79,257.0272232706688,"(n,n')245Cm"
245Cm,5.5,247.54991734035406,"(n,n')245Cm"
245Cm,57.3,192.56619482132413,"(n,n')245Cm"
245Cm,75.8,189.67851961427604,"(n,n')245Cm"
245Cm,229.04,158.76311780707198,"(n,n')245Cm"
245Cm,12.3,126.60064332057979,"(n,n')245Cm"
245Cm,65.96,115.54218607846927,"(n,n')245Cm"
245Cm,388.18,108.43970381719224,"(n,n')245Cm"
245Cm,101.0,70.93079221231378,"(n,n')245Cm"
245Cm,240.91,68.85187299817466,"(n,n')245Cm"
245Cm,321.24,55.78168395777685,"(n,n')245Cm"
245Cm,295.72,44.76174222382962,"(n,n')245Cm"
245Cm,81.4,40.393678119534925,"(n,n')245Cm"
245Cm,66.16,36.71670331339683,"(n,n')245Cm"
245Cm,120.82,36.71670331339683,"(n,n')245Cm"
245Cm,23.0,33.32626480810407,"(n,n')245Cm"
245Cm,54.92,31.76025409272085,"(n,n')245Cm"
245Cm,54.66,31.241207861233427,"(n,n')245Cm"
245Cm,79.0,29.6271199789935,"(n,n')245Cm"
245Cm,333.37,22.87975782422195,"(n,n')245Cm"
245Cm,545.0,17.935439063076622,"(n,n')245Cm"
245Cm,128.4,17.935439063076622,"(n,n')245Cm"
245Cm,42.92,12.049964071474712,"(n,n')245Cm"
245Cm,139.3,11.844988930588736,"(n,n')245Cm"
245Cm,305.2,11.844988930588736,"(n,n')245Cm"
245Cm,197.99,2.187812756741886,"(n,n')245Cm"
245Cm,266.58,1.1386660410396454,"(n,n')245Cm"
245Cm,92.46,0.5356789082439121,"(n,n')245Cm"
245Cm,37.54,0.024289800965493432,"(n,n')245Cm"
246Bk,48.0,1708.3782053347138,"(n,n')246Bk"
246Bk,64.0,772.4840839245521,"(n,n')246Bk"
246Cf,44.0,1125.0311361361687,"(n,n')246Cf"
246Cf,103.0,447.97911097235425,"(n,n')246Cf"
246Cf,161.0,107.62806438584391,"(n,n')246Cf"
246Cf,220.0,10.443738442621395,"(n,n')246Cf"
246Cm,42.85,2111.284377551716,"(n,n')246Cm"
246Cm,99.16,792.1192656376084,"(n,n')246Cm"
246Cm,152.89,185.28117677955487,"(n,n')246Cm"
246Cm,798.83,87.65659066939016,"(n,n')246Cm"
246Cm,1062.01,81.96858845021683,"(n,n')246Cm"
246Cm,781.3,80.24818157970347,"(n,n')246Cm"
246Cm,833.6,53.39489559572762,"(n,n')246Cm"
246Cm,1078.85,40.51825696888517,"(n,n')246Cm"
246Cm,734.44,34.7116023922666,"(n,n')246Cm"
246Cm,1274.72,34.52761130282671,"(n,n')246Cm"
246Cm,1122.64,33.95390676713771,"(n,n')246Cm"
246Cm,1085.17,32.216450787287386,"(n,n')246Cm"
246Cm,1167.68,29.10230496380673,"(n,n')246Cm"
246Cm,1257.6,28.472029200669244,"(n,n')246Cm"
246Cm,1081.43,27.768606811816962,"(n,n')246Cm"
246Cm,838.99,26.128125815647905,"(n,n')246Cm"
246Cm,686.1,26.128125815647905,"(n,n')246Cm"
246Cm,925.08,24.03160856575316,"(n,n')246Cm"
246Cm,1178.15,21.788157936453057,"(n,n')246Cm"
246Cm,116.14,21.788157936453057,"(n,n')246Cm"
246Cm,1198.19,21.168465609509038,"(n,n')246Cm"
246Cm,1124.28,21.103547042492004,"(n,n')246Cm"
246Cm,986.01,20.198919317880534,"(n,n')246Cm"
246Cm,1036.0,18.514341013858694,"(n,n')246Cm"
246Cm,1336.38,17.049360517738272,"(n,n')246Cm"
246Cm,78.0,16.82377538687618,"(n,n')246Cm"
246Cm,135.69,16.82377538687618,"(n,n')246Cm"
246Cm,1023.48,13.579607051255673,"(n,n')246Cm"
246Cm,1210.53,13.093292712495256,"(n,n')246Cm"
246Cm,1131.89,11.902383535120862,"(n,n')246Cm"
246Cm,756.2,11.714932526256302,"(n,n')246Cm"
246Cm,270.01,11.61238056451551,"(n,n')246Cm"
246Cm,96.55,11.60433827139055,"(n,n')246Cm"
246Cm,204.9,11.000921527942845,"(n,n')246Cm"
246Cm,1206.92,10.41821622413152,"(n,n')246Cm"
246Cm,1249.77,10.41821622413152,"(n,n')246Cm"
246Cm,1289.3,9.952411205134172,"(n,n')246Cm"
246Cm,1177.13,9.853913555366962,"(n,n')246Cm"
246Cm,1158.44,9.11310482260009,"(n,n')246Cm"
246Cm,261.77,7.7804190915839655,"(n,n')246Cm"
246Cm,244.0,7.779703846069746,"(n,n')246Cm"
246Cm,238.61,7.3147862767784,"(n,n')246Cm"
246Cm,1297.35,7.196093275175408,"(n,n')246Cm"
246Cm,1237.22,6.650071764672845,"(n,n')246Cm"
246Cm,287.78,6.457977575671647,"(n,n')246Cm"
246Cm,524.95,3.6400999783068024,"(n,n')246Cm"
246Cm,170.92,3.4374833208402995,"(n,n')246Cm"
246Cm,833.9,2.912620833719306,"(n,n')246Cm"
246Cm,424.0,2.847202920066924,"(n,n')246Cm"
246Cm,127.79,2.81071329351588,"(n,n')246Cm"
246Cm,377.14,1.9931683504481974,"(n,n')246Cm"
246Cm,289.04,1.6298456002379433,"(n,n')246Cm"
246Cm,373.32,1.4585525008511024,"(n,n')246Cm"
246Cm,629.0,1.4560925288793825,"(n,n')246Cm"
246Cm,1348.86,1.358587373425034,"(n,n')246Cm"
246Cm,81.63,1.2836101767977035,"(n,n')246Cm"
246Cm,1323.78,1.2447629175847772,"(n,n')246Cm"
246Cm,678.8,1.1538101524503048,"(n,n')246Cm"
246Cm,982.27,1.0549260298641632,"(n,n')246Cm"
246Cm,507.18,0.7663101138868083,"(n,n')246Cm"
246Cm,408.09,0.708386178161493,"(n,n')246Cm"
246Cm,472.41,0.41450704383464915,"(n,n')246Cm"
246Cm,237.17,0.21067835038862381,"(n,n')246Cm"
246Cm,443.32,0.1711747489415252,"(n,n')246Cm"
246Cm,263.18,0.15983072884771948,"(n,n')246Cm"
246Cm,34.77,0.1068251829166881,"(n,n')246Cm"
246Cm,46.86,0.07221835941557193,"(n,n')246Cm"
246Cm,1306.01,0.0708226646735815,"(n,n')246Cm"
246Cm,127.5,0.06922379936739781,"(n,n')246Cm"
246Cm,251.57,0.05798854891730851,"(n,n')246Cm"
246Cm,962.85,0.0024590598598200892,"(n,n')246Cm"
246Pu,46.0,2814.4399718122413,"(n,n')246Pu"
246Pu,109.0,1338.473371817736,"(n,n')246Pu"
246Pu,162.9,396.29964448982867,"(n,n')246Pu"
246Pu,583.1,141.95177152975307,"(n,n')246Pu"
246Pu,769.0,135.04465553472488,"(n,n')246Pu"
246Pu,885.0,86.79445163566805,"(n,n')246Pu"
246Pu,991.0,24.804358672330736,"(n,n')246Pu"
246Pu,217.1,17.527688538934143,"(n,n')246Pu"
246Pu,403.0,0.1294212327085237,"(n,n')246Pu"
247Bk,71.6,502.1842702968904,"(n,n')247Bk"
247Bk,125.5,279.78913107479264,"(n,n')247Bk"
247Bk,137.0,168.47937815551384,"(n,n')247Bk"
247Bk,196.0,99.3154329826856,"(n,n')247Bk"
247Bk,265.0,43.82348885523507,"(n,n')247Bk"
247Bk,29.9,3.333003259168597,"(n,n')247Bk"
247Bk,42.0,2.5079092712971796,"(n,n')247Bk"
247Cm,61.67,782.0369704153705,"(n,n')247Cm"
247Cm,134.65,324.9045699459906,"(n,n')247Cm"
247Cm,227.38,236.1602695410096,"(n,n')247Cm"
247Cm,84.35,191.21884475674216,"(n,n')247Cm"
247Cm,265.86,143.79077236890575,"(n,n')247Cm"
247Cm,285.41,102.03338074285092,"(n,n')247Cm"
247Cm,157.33,95.59501236827322,"(n,n')247Cm"
247Cm,72.98,94.21898830413028,"(n,n')247Cm"
247Cm,256.63,83.8734041592548,"(n,n')247Cm"
247Cm,177.52,76.32659110820518,"(n,n')247Cm"
247Cm,62.7,71.00306023454198,"(n,n')247Cm"
247Cm,308.33,68.68153311615256,"(n,n')247Cm"
247Cm,151.0,68.68153311615256,"(n,n')247Cm"
247Cm,28.1,56.370575585831006,"(n,n')247Cm"
247Cm,289.32,53.74163902425475,"(n,n')247Cm"
247Cm,284.23,39.94972109763577,"(n,n')247Cm"
247Cm,398.0,38.73771504345443,"(n,n')247Cm"
247Cm,28.0,38.73771504345443,"(n,n')247Cm"
247Cm,50.59,37.25463877057615,"(n,n')247Cm"
247Cm,336.0,37.25463877057615,"(n,n')247Cm"
247Cm,43.14,33.002889977813005,"(n,n')247Cm"
247Cm,247.33,33.002889977813005,"(n,n')247Cm"
247Cm,318.3,31.867170656444543,"(n,n')247Cm"
247Cm,52.44,31.030471406487663,"(n,n')247Cm"
247Cm,15.0,28.808770789576684,"(n,n')247Cm"
247Cm,69.0,27.369785636916554,"(n,n')247Cm"
247Cm,220.0,27.369785636916554,"(n,n')247Cm"
247Cm,33.3,27.099851106062523,"(n,n')247Cm"
247Cm,315.84,23.931953115186243,"(n,n')247Cm"
247Cm,81.0,22.007037901074394,"(n,n')247Cm"
247Cm,19.0,22.007037901074394,"(n,n')247Cm"
247Cm,22.3,19.595308368376678,"(n,n')247Cm"
247Cm,291.2,14.926865863878175,"(n,n')247Cm"
247Cm,345.9,14.383044961683483,"(n,n')247Cm"
247Cm,354.32,12.92044677705928,"(n,n')247Cm"
247Cm,38.48,12.653463939168725,"(n,n')247Cm"
247Cm,273.7,11.725416594328665,"(n,n')247Cm"
247Cm,211.0,11.725416594328665,"(n,n')247Cm"
247Cm,73.0,4.602587957852443,"(n,n')247Cm"
247Cm,101.1,4.602587957852443,"(n,n')247Cm"
247Cm,165.71,4.157494453566764,"(n,n')247Cm"
247Cm,60.49,3.3158860567821438,"(n,n')247Cm"
247Cm,58.03,2.1429713961164962,"(n,n')247Cm"
247Cm,113.68,1.1941147521584579,"(n,n')247Cm"
248Bk,171.5,187.45654653094394,"(n,n')248Bk"
248Bk,64.42,161.75562619133993,"(n,n')248Bk"
248Bk,144.0,132.84525413672338,"(n,n')248Bk"
248Bk,50.0,127.84840199100806,"(n,n')248Bk"
248Bk,178.0,126.04243037236526,"(n,n')248Bk"
248Bk,70.64,10.012060468496074,"(n,n')248Bk"
248Bk,151.32,9.997592166371934,"(n,n')248Bk"
248Bk,80.68,4.398573335728164,"(n,n')248Bk"
248Cf,285.0,152.6021194128204,"(n,n')248Cf"
248Cf,550.67,138.88053620350874,"(n,n')248Cf"
248Cf,630.0,137.13094093317585,"(n,n')248Cf"
248Cf,677.0,95.77534493458904,"(n,n')248Cf"
248Cf,735.0,56.69279277417905,"(n,n')248Cf"
248Cf,806.0,25.02624410659341,"(n,n')248Cf"
248Cf,96.28,16.919782875114226,"(n,n')248Cf"
248Cf,41.53,0.9858113769790836,"(n,n')248Cf"
248Cm,43.4,2059.03716176939,"(n,n')248Cm"
248Cm,100.2,1003.9402902709488,"(n,n')248Cm"
248Cm,905.4,202.43711096441336,"(n,n')248Cm"
248Cm,1049.0,202.43711096441336,"(n,n')248Cm"
248Cm,154.5,190.47508756235874,"(n,n')248Cm"
248Cm,42.0,141.8049425209939,"(n,n')248Cm"
248Cm,45.0,123.690114715324,"(n,n')248Cm"
248Cm,1084.0,80.1215611294734,"(n,n')248Cm"
248Cm,35.0,80.1215611294734,"(n,n')248Cm"
248Cm,94.0,57.91335706370248,"(n,n')248Cm"
248Cm,96.0,47.31723313377449,"(n,n')248Cm"
248Cm,78.0,29.574866262930467,"(n,n')248Cm"
248Cm,109.0,24.409799479038682,"(n,n')248Cm"
248Cm,141.0,24.409799479038682,"(n,n')248Cm"
248Cm,206.9,14.312522017112487,"(n,n')248Cm"
248Cm,255.7,0.1855720552521037,"(n,n')248Cm"
248Cm,300.6,0.0004379693170058866,"(n,n')248Cm"
249Bk,51.95,8.395943114564762,"(n,n')249Bk"
249Bk,41.79,8.174278099485795,"(n,n')249Bk"
249Bk,62.09,7.189869079801412,"(n,n')249Bk"
249Bk,73.42,5.427315552622185,"(n,n')249Bk"
249Bk,55.12,4.41914702636852,"(n,n')249Bk"
249Bk,114.04,3.8096107199931493,"(n,n')249Bk"
249Bk,66.84,3.2484022301808455,"(n,n')249Bk"
249Bk,42.97,3.112546881190633,"(n,n')249Bk"
249Bk,78.58,2.810816587283994,"(n,n')249Bk"
249Bk,145.42,2.810816587283994,"(n,n')249Bk"
249Bk,98.09,2.253446135214056,"(n,n')249Bk"
249Bk,121.96,2.2422461538612604,"(n,n')249Bk"
249Bk,135.51,2.0617402763953097,"(n,n')249Bk"
249Bk,30.86,1.873069985420482,"(n,n')249Bk"
249Bk,93.74,1.175784685026987,"(n,n')249Bk"
249Bk,73.83,0.2863595400233896,"(n,n')249Bk"
249Bk,162.78,0.04547772604385737,"(n,n')249Bk"
249Bk,8.78,0.0002543158838175901,"(n,n')249Bk"
249Cf,315.0,180.93050500683566,"(n,n')249Cf"
249Cf,220.0,155.02894092497522,"(n,n')249Cf"
249Cf,379.52,88.93350292289011,"(n,n')249Cf"
249Cf,384.0,69.79223703156319,"(n,n')249Cf"
249Cf,425.0,42.90112114641445,"(n,n')249Cf"
249Cf,500.7,38.76719204670758,"(n,n')249Cf"
249Cf,460.0,32.94599717003644,"(n,n')249Cf"
249Cf,440.0,26.98472787313937,"(n,n')249Cf"
249Cf,375.07,18.58842946163642,"(n,n')249Cf"
249Cf,136.2,18.088650786154655,"(n,n')249Cf"
249Cf,271.84,11.991332503614624,"(n,n')249Cf"
249Cf,62.49,10.30768458612469,"(n,n')249Cf"
249Cf,298.02,5.804164654697135,"(n,n')249Cf"
249Cf,144.96,5.235982828779934,"(n,n')249Cf"
249Cf,73.71,5.155851610013497,"(n,n')249Cf"
249Cf,437.56,4.219236872169707,"(n,n')249Cf"
249Cf,42.98,2.0664983600828073,"(n,n')249Cf"
249Cf,55.13,1.9613276435740945,"(n,n')249Cf"
249Cf,255.04,1.160832930939427,"(n,n')249Cf"
249Cf,191.58,0.8803825178411518,"(n,n')249Cf"
249Cf,63.46,0.6035313594738672,"(n,n')249Cf"
249Cf,234.56,0.5691496309858933,"(n,n')249Cf"
249Cf,442.98,0.31916607581047923,"(n,n')249Cf"
249Cf,58.04,0.24718069477841437,"(n,n')249Cf"
249Cf,136.45,0.14223725195485462,"(n,n')249Cf"
249Cm,26.23,2378.0532475769223,"(n,n')249Cm"
249Cm,21.98,691.4561310848296,"(n,n')249Cm"
249Cm,83.93,688.1832735860946,"(n,n')249Cm"
249Cm,22.53,587.785132264923,"(n,n')249Cm"
249Cm,35.85,425.42159111844904,"(n,n')249Cm"
249Cm,61.24,253.5442590786411,"(n,n')249Cm"
249Cm,96.17,103.85360681182758,"(n,n')249Cm"
249Cm,110.0,79.20452423888888,"(n,n')249Cm"
249Cm,74.0,79.20452423888888,"(n,n')249Cm"
249Cm,193.8,59.33015849956534,"(n,n')249Cm"
249Cm,80.0,55.6044843559784,"(n,n')249Cm"
249Cm,240.8,54.594093197385774,"(n,n')249Cm"
249Cm,193.25,40.933196322636036,"(n,n')249Cm"
249Cm,208.0,39.47819191871389,"(n,n')249Cm"
249Cm,240.25,34.39381183723348,"(n,n')249Cm"
249Cm,181.77,25.66392448065211,"(n,n')249Cm"
249Cm,159.24,24.873132563221777,"(n,n')249Cm"
249Cm,159.8,22.50068767006515,"(n,n')249Cm"
249Cm,242.01,20.76920768794361,"(n,n')249Cm"
249Cm,97.85,11.053876009834545,"(n,n')249Cm"
24Mg,1368.6,642.3386999999999,"(n,n')24Mg"
250Bk,80.26,362.73767983664317,"(n,n')250Bk"
250Bk,78.33,273.59211062088565,"(n,n')250Bk"
250Bk,137.32,183.77470547747316,"(n,n')250Bk"
250Bk,61.91,142.63278386069035,"(n,n')250Bk"
250Bk,115.44,134.6440256737671,"(n,n')250Bk"
250Bk,148.6,106.31711472037082,"(n,n')250Bk"
250Bk,157.39,99.42641159611131,"(n,n')250Bk"
250Bk,130.49,97.26137321065876,"(n,n')250Bk"
250Bk,146.47,96.84759182338173,"(n,n')250Bk"
250Bk,179.99,86.28782622912738,"(n,n')250Bk"
250Bk,203.64,72.8818330100365,"(n,n')250Bk"
250Bk,157.0,55.6884112765046,"(n,n')250Bk"
250Bk,191.0,45.68554121948997,"(n,n')250Bk"
250Bk,71.3,31.549742167957906,"(n,n')250Bk"
250Bk,103.83,15.442139137765626,"(n,n')250Bk"
250Bk,90.54,7.647481017696702,"(n,n')250Bk"
250Bk,50.12,6.938740364857581,"(n,n')250Bk"
250Bk,125.01,5.735942115919103,"(n,n')250Bk"
250Bk,69.6,2.934151573750264,"(n,n')250Bk"
250Bk,175.12,2.05082172778915,"(n,n')250Bk"
250Bk,34.47,0.37915947641316844,"(n,n')250Bk"
250Bk,8.07,0.00011425655288520258,"(n,n')250Bk"
250Bk,35.59,3.342220327380745e-05,"(n,n')250Bk"
250Cf,154.34,35.00775554394867,"(n,n')250Cf"
250Cf,99.16,26.683565497114746,"(n,n')250Cf"
250Cf,500.0,17.812868183671377,"(n,n')250Cf"
250Cf,42.72,1.2132094307965189,"(n,n')250Cf"
250Cm,43.0,2659.701038072758,"(n,n')250Cm"
250Cm,100.6,1202.63194841841,"(n,n')250Cm"
250Cm,154.5,276.4817601637782,"(n,n')250Cm"
250Cm,206.9,20.31579668569472,"(n,n')250Cm"
250Cm,255.7,0.3493692517511553,"(n,n')250Cm"
251Cf,98.63,13.086902222577393,"(n,n')251Cf"
251Cf,149.24,12.864450198681013,"(n,n')251Cf"
251Cf,132.03,12.470724687254224,"(n,n')251Cf"
251Cf,163.89,9.333277366307938,"(n,n')251Cf"
251Cf,177.69,7.829297913563486,"(n,n')251Cf"
251Cf,210.61,6.734423979597453,"(n,n')251Cf"
251Cf,172.83,5.88944461055447,"(n,n')251Cf"
251Cf,233.62,5.858940600315304,"(n,n')251Cf"
251Cf,60.01,5.689596819264276,"(n,n')251Cf"
251Cf,81.48,4.951062556388009,"(n,n')251Cf"
251Cf,80.9,4.890390067455191,"(n,n')251Cf"
251Cf,186.9,4.666651501974856,"(n,n')251Cf"
251Cf,23.0,4.563014692578253,"(n,n')251Cf"
251Cf,129.86,4.541473350041447,"(n,n')251Cf"
251Cf,152.71,4.511610323700873,"(n,n')251Cf"
251Cf,73.03,4.127637834742107,"(n,n')251Cf"
251Cf,58.48,4.109423075759741,"(n,n')251Cf"
251Cf,152.86,3.014175097317017,"(n,n')251Cf"
251Cf,24.82,2.022635194206434,"(n,n')251Cf"
251Cf,57.9,2.0052190201475795,"(n,n')251Cf"
251Cf,86.01,1.986293511113245,"(n,n')251Cf"
251Cf,213.56,1.9436110289875153,"(n,n')251Cf"
251Cf,133.04,1.1974774506188617,"(n,n')251Cf"
251Cf,159.04,1.0925977444062314,"(n,n')251Cf"
251Cf,47.83,0.5795537805581099,"(n,n')251Cf"
251Es,31.7,934.551997711387,"(n,n')251Es"
251Es,8.4,885.8695773196446,"(n,n')251Es"
251Es,44.5,404.51753977153436,"(n,n')251Es"
251Es,58.3,209.6164894472679,"(n,n')251Es"
251Es,47.4,4.394020859246709,"(n,n')251Es"
252Cf,167.47,94.78811915534342,"(n,n')252Cf"
252Cf,785.09,28.801959541349436,"(n,n')252Cf"
252Cf,800.0,25.908747094128536,"(n,n')252Cf"
252Cf,106.01,21.29954414698881,"(n,n')252Cf"
252Cf,715.78,20.225555562162633,"(n,n')252Cf"
252Cf,765.3,20.11572886504471,"(n,n')252Cf"
252Cf,759.1,19.612716501054365,"(n,n')252Cf"
252Cf,748.57,16.365144236709945,"(n,n')252Cf"
252Cf,804.82,15.10038728150753,"(n,n')252Cf"
252Cf,228.0,13.769314265841327,"(n,n')252Cf"
252Cf,821.79,8.091352997984053,"(n,n')252Cf"
252Cf,693.99,8.031550084454894,"(n,n')252Cf"
252Cf,854.58,7.364053150063285,"(n,n')252Cf"
252Cf,45.72,1.1956571284855508,"(n,n')252Cf"
252Es,60.0,1162.6757772943724,"(n,n')252Es"
252Es,70.0,592.3551412271504,"(n,n')252Es"
252Es,92.0,377.43844918507983,"(n,n')252Es"
252Es,80.0,217.02048586709722,"(n,n')252Es"
252Es,65.0,102.60895442975244,"(n,n')252Es"
252Es,157.0,102.60895442975244,"(n,n')252Es"
252Es,142.0,35.904604547749585,"(n,n')252Es"
252Es,77.0,35.904604547749585,"(n,n')252Es"
253Cf,89.28,546.3800163350353,"(n,n')253Cf"
253Cf,103.1,203.53620170059432,"(n,n')253Cf"
253Cf,241.01,50.52252074120184,"(n,n')253Cf"
253Cf,75.01,47.73469160264561,"(n,n')253Cf"
253Cf,61.61,40.94696928407595,"(n,n')253Cf"
253Cf,179.4,39.921606484181936,"(n,n')253Cf"
253Cf,136.62,14.315028074805758,"(n,n')253Cf"
253Cf,80.2,4.229027286416745,"(n,n')253Cf"
253Cf,104.39,2.830002975259653,"(n,n')253Cf"
253Es,46.4,1409.323657980884,"(n,n')253Es"
253Es,33.6,680.3631796316292,"(n,n')253Es"
253Es,33.0,182.31486299737287,"(n,n')253Es"
253Es,181.3,163.7967272372926,"(n,n')253Es"
253Es,106.0,5.569912214525839,"(n,n')253Es"
254Cf,167.47,155.8681403467572,"(n,n')254Cf"
254Cf,106.01,33.54563579758262,"(n,n')254Cf"
254Cf,228.0,17.420574598271397,"(n,n')254Cf"
254Cf,45.72,1.6319142326162714,"(n,n')254Cf"
254Es,80.1,1175.6808104978709,"(n,n')254Es"
254Es,114.2,886.1274085801399,"(n,n')254Es"
254Es,154.2,645.9259880559295,"(n,n')254Es"
254Es,204.2,402.4151715658897,"(n,n')254Es"
254Es,84.2,329.838671138728,"(n,n')254Es"
254Es,4.1,329.838671138728,"(n,n')254Es"
254Es,171.1,282.1695817325092,"(n,n')254Es"
254Es,214.7,121.24952965666526,"(n,n')254Es"
254Es,130.5,121.24952965666526,"(n,n')254Es"
254Es,91.0,73.34201330003333,"(n,n')254Es"
255Es,46.4,1822.5108395907625,"(n,n')255Es"
255Es,33.6,736.8934440850899,"(n,n')255Es"
255Fm,60.0,766.0818289946159,"(n,n')255Fm"
255Fm,84.0,411.3527968547902,"(n,n')255Fm"
255Fm,73.0,385.37487906156946,"(n,n')255Fm"
255Fm,81.0,226.10904790698942,"(n,n')255Fm"
255Fm,272.0,163.41161156612853,"(n,n')255Fm"
255Fm,46.0,65.31077149774583,"(n,n')255Fm"
25Mg,585.1,235.83159934996652,"(n,n')25Mg"
25Mg,1611.8,210.6647023327276,"(n,n')25Mg"
25Mg,974.8,102.50511920143114,"(n,n')25Mg"
25Mg,389.7,98.48531060529656,"(n,n')25Mg"
25Mg,1379.6,48.29410976064808,"(n,n')25Mg"
25Mg,989.9,27.743424756116983,"(n,n')25Mg"
25Mg,1964.7,26.715890505890425,"(n,n')25Mg"
26Mg,1808.7,369.70860000000005,"(n,n')26Mg"
27Al,1014.45,219.62493155309033,"(n,n')27Al"
27Al,843.75,106.43888243606169,"(n,n')27Al"
27Al,2211.1,103.75524131840027,"(n,n')27Al"
27Al,170.7,6.559343583290904,"(n,n')27Al"
27Al,1367.35,0.20750860757219944,"(n,n')27Al"
28Si,1779.0,626.4591896551724,"(n,n')28Si"
29Si,1273.0,413.37991999999997,"(n,n')29Si"
29Si,2028.0,182.95408,"(n,n')29Si"
29Si,755.0,11.67792,"(n,n')29Si"
30Si,2235.0,199.7563751317176,"(n,n')30Si"
32S,2230.0,147.58651811979746,"(n,n')32S"
33S,840.0,84.38698369568326,"(n,n')33S"
33S,1966.0,72.53423505319982,"(n,n')33S"
33S,1473.0,4.23130740200333,"(n,n')33S"
33S,2313.0,2.0702255540476413,"(n,n')33S"
33S,1126.0,0.36449364348341623,"(n,n')33S"
33S,347.0,0.18820232309524015,"(n,n')33S"
34S,2127.0,93.08733891392085,"(n,n')34S"
35Cl,1763.15,197.97046083037066,"(n,n')35Cl"
35Cl,1219.44,113.63631331375677,"(n,n')35Cl"
35Cl,543.71,0.3959393315621017,"(n,n')35Cl"
37Cl,1726.58,107.91192,"(n,n')37Cl"
40K,30.0,268.7408366238481,"(n,n')40K"
40K,892.0,179.5848865569736,"(n,n')40K"
40K,770.0,74.13857703811522,"(n,n')40K"
40K,1159.0,9.797726193672693,"(n,n')40K"
40K,1929.0,2.2982320701207546,"(n,n')40K"
40K,800.0,2.2142314460405164,"(n,n')40K"
40K,862.0,1.8139887531007435,"(n,n')40K"
40K,1614.0,1.5242245513517068,"(n,n')40K"
40K,844.0,0.2903284859717537,"(n,n')40K"
41K,1294.0,121.67254999999999,"(n,n')41K"
41K,980.0,114.49270000286664,"(n,n')41K"
42Ca,1524.73,715.092263189812,"(n,n')42Ca"
42Ca,312.57,124.39675864160097,"(n,n')42Ca"
43Ca,372.76,486.8613276236138,"(n,n')43Ca"
43Ca,1677.8,180.63036158137328,"(n,n')43Ca"
43Ca,593.39,98.59158625082765,"(n,n')43Ca"
43Ca,2093.9,92.58394877975294,"(n,n')43Ca"
43Ca,617.5,91.66804532925967,"(n,n')43Ca"
43Ca,1021.71,80.24954401178779,"(n,n')43Ca"
43Ca,1901.8,61.89532137150441,"(n,n')43Ca"
43Ca,2067.3,55.46939236272926,"(n,n')43Ca"
43Ca,2249.0,50.193877605385474,"(n,n')43Ca"
43Ca,220.63,42.01307931417215,"(n,n')43Ca"
43Ca,1931.3,30.867970597067217,"(n,n')43Ca"
43Ca,1558.54,18.58151907265216,"(n,n')43Ca"
43Ca,1694.54,15.536106565248346,"(n,n')43Ca"
43Ca,404.21,15.023005152332074,"(n,n')43Ca"
43Ca,507.33,14.86478756305524,"(n,n')43Ca"
43Ca,1282.44,13.920953038737236,"(n,n')43Ca"
43Ca,396.86,13.664844079965473,"(n,n')43Ca"
43Ca,2046.25,12.109063414486942,"(n,n')43Ca"
43Ca,911.54,11.76425191841793,"(n,n')43Ca"
43Ca,1729.94,7.421344429485056,"(n,n')43Ca"
43Ca,1876.24,6.326907947901962,"(n,n')43Ca"
43Ca,1630.61,6.196393648665473,"(n,n')43Ca"
43Ca,801.08,5.938759918527052,"(n,n')43Ca"
43Ca,1394.47,5.296308138901589,"(n,n')43Ca"
43Ca,1851.24,4.6156618194065615,"(n,n')43Ca"
43Ca,1364.01,4.07467311768787,"(n,n')43Ca"
43Ca,1673.49,3.875937581960236,"(n,n')43Ca"
43Ca,1509.31,3.710712840019953,"(n,n')43Ca"
43Ca,2102.7,3.7106315894651027,"(n,n')43Ca"
43Ca,1337.91,3.6733399689542963,"(n,n')43Ca"
43Ca,878.23,2.6458076587202064,"(n,n')43Ca"
43Ca,1452.86,1.5742613416468603,"(n,n')43Ca"
43Ca,1055.99,1.3320399571954038,"(n,n')43Ca"
43Ca,571.2,1.1548433529912348,"(n,n')43Ca"
43Ca,967.14,1.1493188915818573,"(n,n')43Ca"
43Ca,651.78,0.36335500019816636,"(n,n')43Ca"
43Ca,990.26,0.32998483307956017,"(n,n')43Ca"
44Ca,1157.05,865.9183999999998,"(n,n')44Ca"
44Ca,726.46,107.83800000000002,"(n,n')44Ca"
44Ca,1126.09,20.163625,"(n,n')44Ca"
46Ca,1346.0,726.3822341066981,"(n,n')46Ca"
46Ti,889.3,978.9979202937212,"(n,n')46Ti"
46Ti,1120.5,50.81992029372118,"(n,n')46Ti"
46Ti,2009.8,6.606589638183754e-06,"(n,n')46Ti"
47Ti,159.4,705.6794328324336,"(n,n')47Ti"
47Ti,1252.1,215.45679568618155,"(n,n')47Ti"
47Ti,1284.8,110.13802205959327,"(n,n')47Ti"
47Ti,1094.6,67.1637400316338,"(n,n')47Ti"
47Ti,1390.5,61.04369105430561,"(n,n')47Ti"
47Ti,1825.0,57.37876477232062,"(n,n')47Ti"
47Ti,1549.9,51.21024615478894,"(n,n')47Ti"
47Ti,2007.3,49.050833088409576,"(n,n')47Ti"
47Ti,2163.0,39.27556665637743,"(n,n')47Ti"
47Ti,1670.0,36.76474242711543,"(n,n')47Ti"
47Ti,2259.5,31.636705529158565,"(n,n')47Ti"
47Ti,2344.0,26.68773671486134,"(n,n')47Ti"
47Ti,2297.1,23.135429050523822,"(n,n')47Ti"
47Ti,1794.1,20.63304243063048,"(n,n')47Ti"
47Ti,244.2,10.148760389943114,"(n,n')47Ti"
47Ti,2100.1,6.958762970485897,"(n,n')47Ti"
47Ti,190.2,6.852331165509172,"(n,n')47Ti"
47Ti,2137.7,6.47981550979853,"(n,n')47Ti"
47Ti,1254.0,4.029539628779386,"(n,n')47Ti"
47Ti,539.9,3.611491342597929,"(n,n')47Ti"
47Ti,2003.6,2.1206652976333764,"(n,n')47Ti"
48Ti,983.5,934.883276439364,"(n,n')48Ti"
48Ti,1312.1,19.005249494659207,"(n,n')48Ti"
49Ti,1542.1,274.63369078604893,"(n,n')49Ti"
49Ti,1622.9,184.44922076296783,"(n,n')49Ti"
49Ti,1762.0,140.0357820594177,"(n,n')49Ti"
49Ti,1381.8,131.64116217401835,"(n,n')49Ti"
49Ti,1586.0,84.34465181065632,"(n,n')49Ti"
49Ti,638.4,35.812293641676824,"(n,n')49Ti"
49Ti,2261.3,26.136717634909314,"(n,n')49Ti"
49Ti,341.7,21.585672845543577,"(n,n')49Ti"
49Ti,499.3,12.535792470661834,"(n,n')49Ti"
49Ti,137.5,0.4740684686469455,"(n,n')49Ti"
50Cr,783.0,951.6913999999999,"(n,n')50Cr"
50Cr,1098.0,92.8594,"(n,n')50Cr"
50Ti,1553.8,695.2724328242964,"(n,n')50Ti"
50V,226.2,661.9344106705367,"(n,n')50V"
50V,910.0,415.6735424111866,"(n,n')50V"
50V,93.96,317.454878011071,"(n,n')50V"
50V,683.9,127.71583496534876,"(n,n')50V"
50V,814.6,114.80989853794463,"(n,n')50V"
50V,836.3,101.06998575532273,"(n,n')50V"
50V,516.14,97.02797682910558,"(n,n')50V"
50V,35.24,71.9862191230237,"(n,n')50V"
50V,1724.6,63.36553071068829,"(n,n')50V"
50V,793.0,54.01391935876488,"(n,n')50V"
50V,588.0,51.75508129782248,"(n,n')50V"
50V,1761.5,46.9535217576471,"(n,n')50V"
50V,851.5,46.94845106125627,"(n,n')50V"
50V,1046.1,46.68741344594772,"(n,n')50V"
50V,33.0,29.09132298933907,"(n,n')50V"
50V,1380.04,27.856433649112123,"(n,n')50V"
50V,1499.0,19.82763942885072,"(n,n')50V"
50V,1013.5,10.026942660040856,"(n,n')50V"
50V,926.0,8.190178880835393,"(n,n')50V"
50V,2162.0,8.126987,"(n,n')50V"
50V,913.0,7.378244473210614,"(n,n')50V"
50V,375.8,5.317848275367899,"(n,n')50V"
50V,1330.5,5.02032408318468,"(n,n')50V"
50V,320.16,4.824864261373761,"(n,n')50V"
50V,2038.01,4.264658,"(n,n')50V"
50V,1363.5,3.9661200270659753,"(n,n')50V"
50V,946.0,3.6149076395419595,"(n,n')50V"
50V,2111.0,3.5712650000000004,"(n,n')50V"
50V,2133.0,3.40253,"(n,n')50V"
50V,2038.0,2.9964499999999994,"(n,n')50V"
50V,1130.0,2.8465840455157068,"(n,n')50V"
50V,1046.5,2.80684434921145,"(n,n')50V"
50V,1431.34,2.795996820877245,"(n,n')50V"
50V,1525.3,2.795996820877245,"(n,n')50V"
50V,1396.1,2.795996820877245,"(n,n')50V"
50V,1081.74,2.4061162099045617,"(n,n')50V"
50V,491.8,2.1059980516313854,"(n,n')50V"
50V,1405.04,1.9827639428850719,"(n,n')50V"
50V,1321.8,1.9678557920182116,"(n,n')50V"
50V,2344.0,1.846037,"(n,n')50V"
50V,1206.3,1.6052246109086825,"(n,n')50V"
50V,1173.3,1.5410483437849865,"(n,n')50V"
50V,1288.8,1.4894284745084532,"(n,n')50V"
50V,2399.0,1.07727,"(n,n')50V"
50V,275.3,1.0631728420450148,"(n,n')50V"
50V,943.1,1.0224191227985904,"(n,n')50V"
50V,1106.9,0.652286230088241,"(n,n')50V"
50V,1163.0,0.6262053659527248,"(n,n')50V"
50V,129.2,0.5039632279961093,"(n,n')50V"
50V,1455.4,0.3769939437562992,"(n,n')50V"
50V,1422.4,0.376992730439389,"(n,n')50V"
50V,1490.64,0.376992123780934,"(n,n')50V"
50V,509.4,0.3768525923362688,"(n,n')50V"
50V,1936.0,0.19707430000000004,"(n,n')50V"
50V,1954.0,0.18345610000000004,"(n,n')50V"
50V,1139.9,0.09132482694724117,"(n,n')50V"
50V,2308.0,0.08717169999999999,"(n,n')50V"
51V,320.08,481.84319232536006,"(n,n')51V"
51V,1609.24,245.762743268422,"(n,n')51V"
51V,1813.25,149.93786247299997,"(n,n')51V"
51V,928.64,147.24534993,"(n,n')51V"
51V,1493.17,48.27659225536,"(n,n')51V"
51V,608.56,24.01000007,"(n,n')51V"
51V,204.01,2.107343268422,"(n,n')51V"
52Cr,1434.0,796.8305,"(n,n')52Cr"
52Cr,936.0,11.6025,"(n,n')52Cr"
53Cr,1006.0,509.45428511893095,"(n,n')53Cr"
53Cr,1290.0,354.63945374521154,"(n,n')53Cr"
53Cr,564.0,201.906,"(n,n')53Cr"
53Cr,531.0,131.7380534298441,"(n,n')53Cr"
53Cr,1974.0,116.4024,"(n,n')53Cr"
53Cr,247.0,73.95820543429843,"(n,n')53Cr"
53Cr,2321.0,43.21969139465875,"(n,n')53Cr"
53Cr,284.0,35.07423168908686,"(n,n')53Cr"
53Cr,696.0,31.143391982182628,"(n,n')53Cr"
53Cr,1537.0,25.423133118040084,"(n,n')53Cr"
53Cr,684.0,20.5416,"(n,n')53Cr"
53Cr,882.0,12.98188,"(n,n')53Cr"
54Cr,835.0,941.956,"(n,n')54Cr"
54Cr,989.0,124.57600000000001,"(n,n')54Cr"
54Fe,1408.0,695.064,"(n,n')54Fe"
55Mn,125.95,788.5159065715542,"(n,n')55Mn"
55Mn,858.31,382.83761913636175,"(n,n')55Mn"
55Mn,304.84,121.27722375,"(n,n')55Mn"
55Mn,1528.36,111.5134431078,"(n,n')55Mn"
55Mn,1166.17,65.98078325055002,"(n,n')55Mn"
55Mn,1030.94,65.741636,"(n,n')55Mn"
55Mn,1884.08,56.741888,"(n,n')55Mn"
55Mn,1293.0,54.9639,"(n,n')55Mn"
55Mn,2215.0,47.77455,"(n,n')55Mn"
55Mn,2198.43,32.160053999999995,"(n,n')55Mn"
55Mn,1758.13,31.917312000000003,"(n,n')55Mn"
55Mn,2252.45,28.159899999999997,"(n,n')55Mn"
55Mn,2266.89,26.555501999999997,"(n,n')55Mn"
55Mn,307.86,22.028798249450006,"(n,n')55Mn"
55Mn,984.26,20.149348375597988,"(n,n')55Mn"
55Mn,1214.17,17.398062,"(n,n')55Mn"
55Mn,1163.15,13.460276250000001,"(n,n')55Mn"
55Mn,2239.85,12.51561331452999,"(n,n')55Mn"
55Mn,2281.0,11.8796,"(n,n')55Mn"
55Mn,738.53,9.821898,"(n,n')55Mn"
55Mn,2380.0,6.1770666631718285,"(n,n')55Mn"
55Mn,2015.2,5.716664000000001,"(n,n')55Mn"
55Mn,2365.8,4.397377651051077,"(n,n')55Mn"
55Mn,1402.41,3.9129548922,"(n,n')55Mn"
55Mn,2072.48,3.1632839999999995,"(n,n')55Mn"
55Mn,1019.33,2.0079315,"(n,n')55Mn"
55Mn,2272.46,1.8290637279124315,"(n,n')55Mn"
55Mn,1414.15,0.6426440125097733,"(n,n')55Mn"
55Mn,1327.19,0.22310350000000004,"(n,n')55Mn"
56Fe,847.0,999.6563343852486,"(n,n')56Fe"
56Fe,1238.0,42.26966771858177,"(n,n')56Fe"
57Fe,14.0,764.8000888915999,"(n,n')57Fe"
57Fe,123.0,252.27427221159996,"(n,n')57Fe"
57Fe,353.0,146.03852468,"(n,n')57Fe"
57Fe,692.0,135.49169999999998,"(n,n')57Fe"
57Fe,870.0,61.159935999999995,"(n,n')57Fe"
57Fe,993.0,31.535592,"(n,n')57Fe"
57Fe,137.0,31.179966228399998,"(n,n')57Fe"
57Fe,367.0,25.880244880000003,"(n,n')57Fe"
57Fe,569.0,14.346179999999999,"(n,n')57Fe"
57Fe,230.0,12.940122440000001,"(n,n')57Fe"
57Fe,706.0,7.970099999999999,"(n,n')57Fe"
57Fe,640.0,2.8668719999999994,"(n,n')57Fe"
57Fe,339.0,1.5940199999999998,"(n,n')57Fe"
58Co,53.15,246.3747608810957,"(n,n')58Co"
58Co,24.95,217.73030114657672,"(n,n')58Co"
58Co,365.66,191.45813070505693,"(n,n')58Co"
58Co,111.76,163.00217645308715,"(n,n')58Co"
58Co,58.61,117.6006406463915,"(n,n')58Co"
58Co,432.55,109.58636045265774,"(n,n')58Co"
58Co,320.78,81.01016765815272,"(n,n')58Co"
58Co,1050.19,62.316969294252395,"(n,n')58Co"
58Co,1133.0,50.03385999999999,"(n,n')58Co"
58Co,1044.26,49.573248539702995,"(n,n')58Co"
58Co,773.87,43.459991001758674,"(n,n')58Co"
58Co,1369.0,42.15932,"(n,n')58Co"
58Co,1424.0,40.18684,"(n,n')58Co"
58Co,894.01,37.442247884000004,"(n,n')58Co"
58Co,938.43,36.7748819945416,"(n,n')58Co"
58Co,1236.55,35.379082874,"(n,n')58Co"
58Co,28.2,35.09988881740276,"(n,n')58Co"
58Co,619.71,30.81586,"(n,n')58Co"
58Co,1434.9,29.669120000000003,"(n,n')58Co"
58Co,582.62,26.51466167992215,"(n,n')58Co"
58Co,1493.86,24.672687372,"(n,n')58Co"
58Co,987.81,24.5584256,"(n,n')58Co"
58Co,1843.0,24.19542,"(n,n')58Co"
58Co,1828.0,23.642840000000007,"(n,n')58Co"
58Co,1865.8,23.34568,"(n,n')58Co"
58Co,345.74,21.385636650987937,"(n,n')58Co"
58Co,1778.0,21.218559999999997,"(n,n')58Co"
58Co,1376.88,20.6038284,"(n,n')58Co"
58Co,1524.4,20.008378839999995,"(n,n')58Co"
58Co,519.97,20.002763104922998,"(n,n')58Co"
58Co,1044.19,19.42184,"(n,n')58Co"
58Co,1410.81,19.386845303999994,"(n,n')58Co"
58Co,504.55,18.995669784,"(n,n')58Co"
58Co,332.62,18.371746989999995,"(n,n')58Co"
58Co,1040.12,17.49426907542705,"(n,n')58Co"
58Co,701.57,17.406500175999998,"(n,n')58Co"
58Co,1158.74,16.41022116,"(n,n')58Co"
58Co,727.13,16.35499404,"(n,n')58Co"
58Co,1363.58,16.060316296,"(n,n')58Co"
58Co,1645.44,15.609081501999997,"(n,n')58Co"
58Co,1156.91,15.313074696,"(n,n')58Co"
58Co,1147.66,14.562443894399998,"(n,n')58Co"
58Co,1488.37,13.832847917279999,"(n,n')58Co"
58Co,674.46,13.5190833039308,"(n,n')58Co"
58Co,860.68,12.60635380824496,"(n,n')58Co"
58Co,1124.79,12.026897125999998,"(n,n')58Co"
58Co,1628.74,11.976040000000001,"(n,n')58Co"
58Co,663.18,11.200639824,"(n,n')58Co"
58Co,932.5,10.904058450297,"(n,n')58Co"
58Co,707.01,10.770978498,"(n,n')58Co"
58Co,1867.7,10.616173104,"(n,n')58Co"
58Co,1241.71,10.314538752000002,"(n,n')58Co"
58Co,863.72,10.2292905,"(n,n')58Co"
58Co,1605.62,8.637272627999998,"(n,n')58Co"
58Co,1353.47,8.593275648,"(n,n')58Co"
58Co,1050.67,7.523793599400001,"(n,n')58Co"
58Co,1554.74,7.401870216,"(n,n')58Co"
58Co,1814.55,7.112906895999999,"(n,n')58Co"
58Co,1813.3,6.8545799999999995,"(n,n')58Co"
58Co,1749.35,6.4424646,"(n,n')58Co"
58Co,473.31,5.602000176,"(n,n')58Co"
58Co,1696.2,5.4217449,"(n,n')58Co"
58Co,832.48,5.218122010168384,"(n,n')58Co"
58Co,348.98,4.94226487039128,"(n,n')58Co"
58Co,1131.48,4.90626108,"(n,n')58Co"
58Co,473.2,4.80869405928,"(n,n')58Co"
58Co,1139.39,3.640607289144,"(n,n')58Co"
58Co,1355.31,3.3721714640000005,"(n,n')58Co"
58Co,684.53,3.1173816032059998,"(n,n')58Co"
58Co,465.88,2.9965121160000003,"(n,n')58Co"
58Co,326.69,2.90212461,"(n,n')58Co"
58Co,1159.68,2.45194488,"(n,n')58Co"
58Co,1729.24,2.08743224,"(n,n')58Co"
58Co,91.84,1.7231399924905955,"(n,n')58Co"
58Co,253.9,1.7192789458934583,"(n,n')58Co"
58Co,404.35,0.8816065077858862,"(n,n')58Co"
58Co,1399.65,0.8723604006000002,"(n,n')58Co"
58Fe,811.0,700.7266599999999,"(n,n')58Fe"
58Fe,864.0,170.85065999999998,"(n,n')58Fe"
58Fe,1675.0,128.88734,"(n,n')58Fe"
58Ni,1454.0,687.33,"(n,n')58Ni"
60Ni,1333.0,878.5226359773371,"(n,n')60Ni"
60Ni,826.0,180.9055,"(n,n')60Ni"
60Ni,952.0,36.72513597733711,"(n,n')60Ni"
60Ni,2159.0,31.924499999999995,"(n,n')60Ni"
61Ni,67.0,300.10636159999996,"(n,n')61Ni"
61Ni,283.0,167.67198080000003,"(n,n')61Ni"
61Ni,1015.0,141.17,"(n,n')61Ni"
61Ni,909.0,122.92160000000003,"(n,n')61Ni"
61Ni,1185.0,99.22528,"(n,n')61Ni"
61Ni,1132.0,85.40747999999999,"(n,n')61Ni"
61Ni,656.0,65.05209760000001,"(n,n')61Ni"
61Ni,817.0,60.33402,"(n,n')61Ni"
61Ni,1065.0,52.34651999999999,"(n,n')61Ni"
61Ni,1100.0,47.320800000000006,"(n,n')61Ni"
61Ni,842.0,27.65736,"(n,n')61Ni"
61Ni,373.0,14.944400800000004,"(n,n')61Ni"
61Ni,1033.0,10.647179999999999,"(n,n')61Ni"
61Ni,529.0,10.148039999999998,"(n,n')61Ni"
61Ni,589.0,7.911741600000001,"(n,n')61Ni"
61Ni,626.0,3.07304,"(n,n')61Ni"
61Ni,902.0,2.25512,"(n,n')61Ni"
61Ni,1118.0,1.12756,"(n,n')61Ni"
62Ni,1173.0,807.6017392024507,"(n,n')62Ni"
62Ni,876.0,82.694,"(n,n')62Ni"
62Ni,1129.0,59.59837412308574,"(n,n')62Ni"
62Ni,2302.0,48.76230610070651,"(n,n')62Ni"
62Ni,1163.0,22.033365079365076,"(n,n')62Ni"
63Cu,962.0,467.33884677560485,"(n,n')63Cu"
63Cu,1327.0,210.60110781182271,"(n,n')63Cu"
63Cu,669.0,165.03907806470573,"(n,n')63Cu"
63Cu,1412.0,122.0775034696957,"(n,n')63Cu"
63Cu,1547.0,112.58613333333335,"(n,n')63Cu"
63Cu,1861.0,53.89541741035856,"(n,n')63Cu"
63Cu,899.0,40.65794646746348,"(n,n')63Cu"
63Cu,365.0,40.114496726061475,"(n,n')63Cu"
63Cu,450.0,37.30145939351813,"(n,n')63Cu"
63Cu,2011.0,36.35445333333333,"(n,n')63Cu"
63Cu,1131.0,25.939243373493973,"(n,n')63Cu"
63Cu,585.0,25.331879999999998,"(n,n')63Cu"
63Cu,2081.0,23.9733,"(n,n')63Cu"
63Cu,766.0,23.731648192771083,"(n,n')63Cu"
63Cu,754.0,20.8998,"(n,n')63Cu"
63Cu,1049.0,20.124786666666665,"(n,n')63Cu"
63Cu,1393.0,15.464000000000002,"(n,n')63Cu"
63Cu,881.0,14.929064146531566,"(n,n')63Cu"
63Cu,2337.0,11.689445418326693,"(n,n')63Cu"
63Cu,1119.0,11.6793,"(n,n')63Cu"
63Cu,1246.0,11.262276461418551,"(n,n')63Cu"
63Cu,743.0,10.173125289141307,"(n,n')63Cu"
63Cu,515.0,9.278400000000001,"(n,n')63Cu"
63Cu,1342.0,8.439426666666666,"(n,n')63Cu"
63Cu,2062.0,6.185600000000001,"(n,n')63Cu"
63Cu,2093.0,5.518987951807229,"(n,n')63Cu"
63Cu,534.0,4.9176,"(n,n')63Cu"
63Cu,1375.0,4.713486055776893,"(n,n')63Cu"
63Cu,878.0,2.8146533333333332,"(n,n')63Cu"
63Cu,925.0,1.3197760956175302,"(n,n')63Cu"
63Cu,1443.0,0.9906382978723406,"(n,n')63Cu"
63Cu,476.0,0.9426972111553786,"(n,n')63Cu"
63Cu,1078.0,0.6604255319148936,"(n,n')63Cu"
63Cu,993.0,0.48431205673758865,"(n,n')63Cu"
63Cu,1668.0,0.18853944223107572,"(n,n')63Cu"
63Cu,2405.0,0.06604255319148937,"(n,n')63Cu"
64Ni,1346.0,726.9518487439873,"(n,n')64Ni"
64Ni,931.0,40.38184874398718,"(n,n')64Ni"
64Zn,991.55,1153.3096067115478,"(n,n')64Zn"
64Zn,807.8,289.10724730747444,"(n,n')64Zn"
64Zn,918.76,105.1825272016871,"(n,n')64Zn"
64Zn,1799.35,86.74335030103565,"(n,n')64Zn"
64Zn,1315.16,26.80448662469794,"(n,n')64Zn"
64Zn,110.96,2.840281179595115,"(n,n')64Zn"
65Cu,1116.0,513.8772673916328,"(n,n')65Cu"
65Cu,771.0,189.69151842105265,"(n,n')65Cu"
65Cu,1482.0,189.25831913669066,"(n,n')65Cu"
65Cu,1725.0,97.266675,"(n,n')65Cu"
65Cu,1623.0,92.0678,"(n,n')65Cu"
65Cu,507.0,58.58859999999999,"(n,n')65Cu"
65Cu,366.0,47.314579784172665,"(n,n')65Cu"
65Cu,978.0,41.72240251798561,"(n,n')65Cu"
65Cu,1162.0,33.15880814576634,"(n,n')65Cu"
65Cu,609.0,32.422225,"(n,n')65Cu"
65Cu,992.0,29.095200000000002,"(n,n')65Cu"
65Cu,2094.0,22.757674100719424,"(n,n')65Cu"
65Cu,626.0,21.821399999999997,"(n,n')65Cu"
65Cu,852.0,16.7396,"(n,n')65Cu"
65Cu,1442.0,13.59,"(n,n')65Cu"
65Cu,612.0,11.378837050359712,"(n,n')65Cu"
65Cu,2108.0,10.910699999999999,"(n,n')65Cu"
65Cu,1556.0,9.802118421052633,"(n,n')65Cu"
65Cu,2213.0,9.06,"(n,n')65Cu"
65Cu,2327.0,8.712994152046784,"(n,n')65Cu"
65Cu,1337.0,7.2738000000000005,"(n,n')65Cu"
65Cu,383.0,3.6369000000000002,"(n,n')65Cu"
65Cu,1211.0,3.267372807017544,"(n,n')65Cu"
65Cu,2278.0,1.7452004287245444,"(n,n')65Cu"
65Cu,925.0,0.5966618705035972,"(n,n')65Cu"
65Cu,1291.0,0.5220791366906474,"(n,n')65Cu"
65Cu,313.0,0.3729136690647482,"(n,n')65Cu"
65Zn,864.21,330.7628253537073,"(n,n')65Zn"
65Zn,115.13,306.5485990904131,"(n,n')65Zn"
65Zn,153.01,142.2701057425081,"(n,n')65Zn"
65Zn,201.3,132.1563161747761,"(n,n')65Zn"
65Zn,1263.42,94.91049818901718,"(n,n')65Zn"
65Zn,768.7,66.55321952155019,"(n,n')65Zn"
65Zn,61.2,64.69312410345559,"(n,n')65Zn"
65Zn,749.08,60.195961402007526,"(n,n')65Zn"
65Zn,932.26,48.87225347556926,"(n,n')65Zn"
65Zn,1603.0,46.13749093842348,"(n,n')65Zn"
65Zn,1045.72,43.35075715541869,"(n,n')65Zn"
65Zn,53.93,42.079005436470304,"(n,n')65Zn"
65Zn,206.94,41.26653378845668,"(n,n')65Zn"
65Zn,653.57,39.26588564736189,"(n,n')65Zn"
65Zn,855.16,38.51081296900666,"(n,n')65Zn"
65Zn,197.89,38.229197921332236,"(n,n')65Zn"
65Zn,1228.72,37.79159831826901,"(n,n')65Zn"
65Zn,1588.08,37.61478786132473,"(n,n')65Zn"
65Zn,1253.95,36.802718527929,"(n,n')65Zn"
65Zn,909.65,26.854526979573095,"(n,n')65Zn"
65Zn,751.79,26.683883919802096,"(n,n')65Zn"
65Zn,1047.39,25.900166086996286,"(n,n')65Zn"
65Zn,1369.08,21.710637356480888,"(n,n')65Zn"
65Zn,1354.6,20.001114669208377,"(n,n')65Zn"
65Zn,1577.05,18.812321920792055,"(n,n')65Zn"
65Zn,1137.53,16.47589753362343,"(n,n')65Zn"
65Zn,794.52,13.963058466150718,"(n,n')65Zn"
65Zn,1065.51,13.082612489433048,"(n,n')65Zn"
65Zn,1472.95,12.412293840816554,"(n,n')65Zn"
65Zn,483.96,12.137575475521135,"(n,n')65Zn"
65Zn,1523.12,12.037664684702913,"(n,n')65Zn"
65Zn,1343.85,10.581895117702446,"(n,n')65Zn"
65Zn,855.72,9.130117644412772,"(n,n')65Zn"
65Zn,714.77,8.519278765484124,"(n,n')65Zn"
65Zn,1252.66,7.759440275059096,"(n,n')65Zn"
65Zn,1136.91,7.711119666262141,"(n,n')65Zn"
65Zn,91.81,6.402349776542996,"(n,n')65Zn"
65Zn,1415.8,5.801083732750591,"(n,n')65Zn"
65Zn,819.38,5.529420826131736,"(n,n')65Zn"
65Zn,399.21,4.270827063162394,"(n,n')65Zn"
65Zn,702.71,4.216527445551449,"(n,n')65Zn"
65Zn,657.27,2.348430026582446,"(n,n')65Zn"
65Zn,560.08,2.06030230897016,"(n,n')65Zn"
65Zn,1262.79,1.9402649647941441,"(n,n')65Zn"
65Zn,602.81,1.680134964489325,"(n,n')65Zn"
65Zn,1469.73,1.680134964489325,"(n,n')65Zn"
65Zn,575.15,1.5117825424557079,"(n,n')65Zn"
65Zn,993.46,1.4663150470639996,"(n,n')65Zn"
65Zn,479.64,1.435986835237948,"(n,n')65Zn"
65Zn,422.34,1.4200050202216778,"(n,n')65Zn"
65Zn,140.95,1.0207186400046782,"(n,n')65Zn"
65Zn,1289.92,0.6421954151639212,"(n,n')65Zn"
65Zn,561.76,0.445946800126463,"(n,n')65Zn"
65Zn,866.92,0.42705380191361275,"(n,n')65Zn"
65Zn,659.98,0.41616835111418643,"(n,n')65Zn"
65Zn,278.69,0.38608711074579255,"(n,n')65Zn"
65Zn,812.99,0.3734630550323389,"(n,n')65Zn"
66Zn,1039.39,1120.4136246675203,"(n,n')66Zn"
66Zn,833.55,346.82165345233983,"(n,n')66Zn"
66Zn,1333.14,15.136664113771936,"(n,n')66Zn"
67Zn,604.49,366.2227041803013,"(n,n')67Zn"
67Zn,814.77,236.77118524431813,"(n,n')67Zn"
67Zn,184.58,181.81697237739684,"(n,n')67Zn"
67Zn,93.31,146.72783110230813,"(n,n')67Zn"
67Zn,300.22,144.0718604197605,"(n,n')67Zn"
67Zn,870.91,91.71294558670321,"(n,n')67Zn"
67Zn,586.31,57.280608965766895,"(n,n')67Zn"
67Zn,1060.0,51.61417665096643,"(n,n')67Zn"
67Zn,887.7,44.17717520594029,"(n,n')67Zn"
67Zn,393.53,40.33026806520225,"(n,n')67Zn"
67Zn,979.84,27.492648954273704,"(n,n')67Zn"
67Zn,990.0,26.6001954960807,"(n,n')67Zn"
67Zn,91.27,26.36453496094188,"(n,n')67Zn"
67Zn,494.17,22.5349911849025,"(n,n')67Zn"
67Zn,208.95,20.169234906525265,"(n,n')67Zn"
67Zn,794.39,19.000087634215372,"(n,n')67Zn"
67Zn,630.19,12.785188721754015,"(n,n')67Zn"
67Zn,958.23,10.884172781888514,"(n,n')67Zn"
67Zn,749.28,10.665841645825756,"(n,n')67Zn"
67Zn,703.12,4.41771752059403,"(n,n')67Zn"
67Zn,375.35,3.4370109712673753,"(n,n')67Zn"
67Zn,1142.81,2.1765959369298735,"(n,n')67Zn"
67Zn,421.24,1.7522130483431442,"(n,n')67Zn"
68Zn,1077.37,948.3019389889893,"(n,n')68Zn"
68Zn,1883.14,162.58314567975955,"(n,n')68Zn"
68Zn,578.57,125.13403280312701,"(n,n')68Zn"
68Zn,805.77,105.68699620299373,"(n,n')68Zn"
68Zn,1260.92,48.550924430049875,"(n,n')68Zn"
68Zn,1292.93,24.881792321729097,"(n,n')68Zn"
68Zn,2338.29,0.8252313592210874,"(n,n')68Zn"
68Zn,227.2,0.06502800244338323,"(n,n')68Zn"
70Ge,1039.2,1188.08172914645,"(n,n')70Ge"
70Ge,176.2,206.11150987565003,"(n,n')70Ge"
70Ge,668.7,178.81231664580002,"(n,n')70Ge"
70Ge,1707.9,151.86845922855002,"(n,n')70Ge"
70Ge,1118.2,89.903117125,"(n,n')70Ge"
70Ge,1114.3,59.52062,"(n,n')70Ge"
70Ge,942.0,39.55909025,"(n,n')70Ge"
70Ge,1267.7,12.8011655,"(n,n')70Ge"
70Ge,2157.4,10.784936625000002,"(n,n')70Ge"
70Ge,599.0,10.5075845,"(n,n')70Ge"
70Ge,492.5,8.235669625649999,"(n,n')70Ge"
70Ge,449.5,2.979106,"(n,n')70Ge"
70Ge,445.6,0.480005,"(n,n')70Ge"
70Zn,884.8,1139.6602954305467,"(n,n')70Zn"
70Zn,1072.9,168.77340300776157,"(n,n')70Zn"
70Zn,874.3,162.4640814657496,"(n,n')70Zn"
70Zn,1554.0,133.9572621860156,"(n,n')70Zn"
70Zn,183.5,132.21702149366894,"(n,n')70Zn"
70Zn,901.7,104.3892102773166,"(n,n')70Zn"
70Zn,1759.1,66.61273621755126,"(n,n')70Zn"
70Zn,1255.6,27.20509756470222,"(n,n')70Zn"
70Zn,2375.0,19.43981340092572,"(n,n')70Zn"
70Zn,353.9,14.689976562784153,"(n,n')70Zn"
72Ge,834.0,1148.462537024742,"(n,n')72Ge"
72Ge,630.0,377.1442152919529,"(n,n')72Ge"
72Ge,691.4,294.3078214589127,"(n,n')72Ge"
72Ge,894.3,113.77821700000003,"(n,n')72Ge"
72Ge,600.9,88.92138937499999,"(n,n')72Ge"
72Ge,1337.6,57.94950000000001,"(n,n')72Ge"
72Ge,1357.6,56.64490000000001,"(n,n')72Ge"
72Ge,1464.0,53.50817093601388,"(n,n')72Ge"
72Ge,1230.9,23.275643625,"(n,n')72Ge"
72Ge,1710.9,3.2946599714651543,"(n,n')72Ge"
72Ge,932.1,2.3512954785672346,"(n,n')72Ge"
72Ge,336.6,1.731717,"(n,n')72Ge"
72Ge,1568.3,1.7035688472654105,"(n,n')72Ge"
72Ge,938.3,0.6526051223705871,"(n,n')72Ge"
72Ge,772.6,0.5174037479711254,"(n,n')72Ge"
72Ge,2402.3,0.20738080190232303,"(n,n')72Ge"
72Ge,142.6,0.11485773947642183,"(n,n')72Ge"
73Ge,68.8,257.45884119825,"(n,n')73Ge"
73Ge,284.8,117.02834681825,"(n,n')73Ge"
73Ge,825.8,105.16227499999998,"(n,n')73Ge"
73Ge,13.3,101.48846156674999,"(n,n')73Ge"
73Ge,659.0,65.8192,"(n,n')73Ge"
73Ge,53.4,52.46390626750137,"(n,n')73Ge"
73Ge,868.0,50.34311981250001,"(n,n')73Ge"
73Ge,430.3,47.432893157500004,"(n,n')73Ge"
73Ge,776.9,47.230050000000006,"(n,n')73Ge"
73Ge,551.0,39.12735,"(n,n')73Ge"
73Ge,388.1,34.6233,"(n,n')73Ge"
73Ge,799.2,31.7157551875,"(n,n')73Ge"
73Ge,1133.0,26.290925,"(n,n')73Ge"
73Ge,432.6,21.4321813575,"(n,n')73Ge"
73Ge,297.3,20.03035997510995,"(n,n')73Ge"
73Ge,325.8,16.656019052815626,"(n,n')73Ge"
73Ge,820.0,15.26455,"(n,n')73Ge"
73Ge,809.0,15.264000000000001,"(n,n')73Ge"
73Ge,561.9,14.137496818250002,"(n,n')73Ge"
73Ge,1039.0,12.71325,"(n,n')73Ge"
73Ge,488.1,11.9981436425,"(n,n')73Ge"
73Ge,993.7,11.8041603225,"(n,n')73Ge"
73Ge,1132.0,11.703209999999999,"(n,n')73Ge"
73Ge,1153.0,11.520520000000001,"(n,n')73Ge"
73Ge,530.9,10.036816065,"(n,n')73Ge"
73Ge,233.6,7.777908935,"(n,n')73Ge"
73Ge,777.0,6.08472,"(n,n')73Ge"
73Ge,485.8,5.9350822425,"(n,n')73Ge"
73Ge,501.6,5.4252424999999995,"(n,n')73Ge"
73Ge,904.0,5.376219999999999,"(n,n')73Ge"
73Ge,1026.0,4.7877225,"(n,n')73Ge"
73Ge,1192.0,4.05977,"(n,n')73Ge"
73Ge,1318.0,3.5041525,"(n,n')73Ge"
73Ge,650.7,2.9485265625,"(n,n')73Ge"
73Ge,488.2,2.1354406460758,"(n,n')73Ge"
73Ge,975.9,1.82648173,"(n,n')73Ge"
73Ge,541.6,1.7957829291741998,"(n,n')73Ge"
73Ge,679.2,1.7691159374999998,"(n,n')73Ge"
73Ge,785.0,1.5894182700000001,"(n,n')73Ge"
73Ge,924.9,1.4158646775000001,"(n,n')73Ge"
73Ge,1251.1,1.0711525000000002,"(n,n')73Ge"
73Ge,1311.0,1.0110685,"(n,n')73Ge"
73Ge,499.1,0.9709746000000001,"(n,n')73Ge"
73Ge,739.4,0.7342442812500001,"(n,n')73Ge"
73Ge,379.2,0.7247792909343749,"(n,n')73Ge"
73Ge,767.9,0.24958056675,"(n,n')73Ge"
73Ge,1065.2,0.22171052850000003,"(n,n')73Ge"
73Ge,350.7,0.05221469414004999,"(n,n')73Ge"
73Ge,577.0,0.026370305250000003,"(n,n')73Ge"
73Ge,216.4,0.01787181825,"(n,n')73Ge"
74As,183.07,192.00037431497714,"(n,n')74As"
74As,76.22,125.60323379617712,"(n,n')74As"
74As,19.07,91.91666579617713,"(n,n')74As"
74As,206.48,77.90780964601,"(n,n')74As"
74As,147.56,48.00826770180323,"(n,n')74As"
74As,306.08,29.805960000000002,"(n,n')74As"
74As,173.07,29.06745442296966,"(n,n')74As"
74As,385.05,26.981874912780803,"(n,n')74As"
74As,616.9,26.0426,"(n,n')74As"
74As,271.66,22.5046246812,"(n,n')74As"
74As,202.11,19.72854,"(n,n')74As"
74As,332.1,19.624180000000003,"(n,n')74As"
74As,55.95,18.107033,"(n,n')74As"
74As,373.0,17.711440000000003,"(n,n')74As"
74As,63.84,17.6787145,"(n,n')74As"
74As,507.58,17.06152,"(n,n')74As"
74As,350.33,16.838720000000002,"(n,n')74As"
74As,753.5,15.73043,"(n,n')74As"
74As,354.74,15.5929205,"(n,n')74As"
74As,267.36,15.321114718,"(n,n')74As"
74As,526.16,15.050880000000001,"(n,n')74As"
74As,514.03,14.6236731825,"(n,n')74As"
74As,626.2,14.235834999999998,"(n,n')74As"
74As,447.7,14.220096999999999,"(n,n')74As"
74As,345.51,13.669587814999998,"(n,n')74As"
74As,88.59,12.353839818800001,"(n,n')74As"
74As,495.02,11.840064532499998,"(n,n')74As"
74As,215.64,11.65664748785999,"(n,n')74As"
74As,168.4,10.2972539815,"(n,n')74As"
74As,240.28,10.089311018500002,"(n,n')74As"
74As,716.3,8.324061410699999,"(n,n')74As"
74As,201.2,7.804702000000001,"(n,n')74As"
74As,586.07,7.6886756505000005,"(n,n')74As"
74As,211.6,7.486508000000001,"(n,n')74As"
74As,533.23,6.5775880893,"(n,n')74As"
74As,379.59,6.0765604065000005,"(n,n')74As"
74As,307.55,5.1403773825000005,"(n,n')74As"
74As,683.0,4.924075,"(n,n')74As"
74As,84.29,4.915465282,"(n,n')74As"
74As,373.55,4.796847373500001,"(n,n')74As"
74As,358.35,4.5710275392807995,"(n,n')74As"
74As,528.43,4.3681004675,"(n,n')74As"
74As,258.81,3.890272,"(n,n')74As"
74As,758.6,3.5919463853,"(n,n')74As"
74As,575.53,3.5883532412,"(n,n')74As"
74As,278.36,3.3633858221261037,"(n,n')74As"
74As,425.92,3.248996508940725,"(n,n')74As"
74As,570.33,3.0714003453236,"(n,n')74As"
74As,443.44,3.0056860031499997,"(n,n')74As"
74As,551.99,2.8327380974999996,"(n,n')74As"
74As,224.0,2.6878061092500003,"(n,n')74As"
74As,743.4,2.6632541153955995,"(n,n')74As"
74As,413.0,2.6180489430000002,"(n,n')74As"
74As,79.28,2.248915,"(n,n')74As"
74As,249.05,2.23188758644001,"(n,n')74As"
74As,153.0,2.0512930000000003,"(n,n')74As"
74As,235.67,1.788894435,"(n,n')74As"
74As,227.8,1.6379925743,"(n,n')74As"
74As,476.85,1.5914241822,"(n,n')74As"
74As,252.85,1.4007018985060502,"(n,n')74As"
74As,649.92,1.2006546311,"(n,n')74As"
74As,368.92,1.0813990875,"(n,n')74As"
74Ge,595.8,1472.7313987744656,"(n,n')74Ge"
74Ge,608.4,340.55196150312617,"(n,n')74Ge"
74Ge,1204.2,156.45907396553434,"(n,n')74Ge"
74Ge,868.0,148.78305550119876,"(n,n')74Ge"
74Ge,1101.3,110.54724306264075,"(n,n')74Ge"
74Ge,887.0,95.64311245,"(n,n')74Ge"
74Ge,1569.2,74.13882500000001,"(n,n')74Ge"
74Ge,520.7,68.23355,"(n,n')74Ge"
74Ge,492.9,64.24816530616049,"(n,n')74Ge"
74Ge,1913.0,52.574774999999995,"(n,n')74Ge"
74Ge,1704.2,32.24765,"(n,n')74Ge"
74Ge,993.7,27.437483412499994,"(n,n')74Ge"
74Ge,1632.0,22.912025000000003,"(n,n')74Ge"
74Ge,2197.9,22.48535226,"(n,n')74Ge"
74Ge,961.1,21.52108675,"(n,n')74Ge"
74Ge,1602.1,12.337026257499998,"(n,n')74Ge"
74Ge,715.1,9.60508745,"(n,n')74Ge"
74Ge,701.5,9.1962494575,"(n,n')74Ge"
74Ge,734.1,6.865275619999999,"(n,n')74Ge"
74Ge,233.3,2.3920304236987495,"(n,n')74Ge"
74Ge,468.2,1.4036887925000001,"(n,n')74Ge"
75As,279.54,466.6833587857594,"(n,n')75As"
75As,264.66,175.04356886088783,"(n,n')75As"
75As,572.37,85.67029132989349,"(n,n')75As"
75As,24.38,75.80899428200236,"(n,n')75As"
75As,136.0,71.76832158642145,"(n,n')75As"
75As,198.61,60.47685784542747,"(n,n')75As"
75As,468.75,54.258819133171066,"(n,n')75As"
75As,821.66,49.94470014655138,"(n,n')75As"
75As,816.76,46.822555,"(n,n')75As"
75As,642.74,39.84816355975296,"(n,n')75As"
75As,1264.0,34.583957999999996,"(n,n')75As"
75As,865.0,30.92053905599151,"(n,n')75As"
75As,1074.5,28.778732601707997,"(n,n')75As"
75As,1128.9,24.966603467200002,"(n,n')75As"
75As,1022.76,24.455923131200002,"(n,n')75As"
75As,585.0,21.630045,"(n,n')75As"
75As,121.12,21.429542669598746,"(n,n')75As"
75As,1126.7,20.8558852754338,"(n,n')75As"
75As,606.86,20.853282844907095,"(n,n')75As"
75As,816.14,20.262808642999996,"(n,n')75As"
75As,1203.6,19.8039685302589,"(n,n')75As"
75As,303.92,18.739514425907796,"(n,n')75As"
75As,194.4,17.675421356999998,"(n,n')75As"
75As,599.63,17.57520129865507,"(n,n')75As"
75As,1349.3,16.8618062664,"(n,n')75As"
75As,783.76,16.502782763256803,"(n,n')75As"
75As,739.48,16.339320309047036,"(n,n')75As"
75As,892.46,15.598074085744834,"(n,n')75As"
75As,1044.74,14.044688715926002,"(n,n')75As"
75As,400.66,13.754829908416177,"(n,n')75As"
75As,419.08,13.368523204213501,"(n,n')75As"
75As,1140.66,13.238929780011,"(n,n')75As"
75As,248.2,11.8612533843999,"(n,n')75As"
75As,1370.8,11.5445985576,"(n,n')75As"
75As,798.64,9.900427310768,"(n,n')75As"
75As,241.9,9.664097467200001,"(n,n')75As"
75As,796.28,9.663374394300002,"(n,n')75As"
75As,1430.5,9.299403844084601,"(n,n')75As"
75As,314.03,8.059239746824,"(n,n')75As"
75As,258.9,7.858985868800001,"(n,n')75As"
75As,96.73,7.7779611808007285,"(n,n')75As"
75As,459.14,6.7563200864,"(n,n')75As"
75As,1309.4,6.459660159571,"(n,n')75As"
75As,303.8,6.2615412754338,"(n,n')75As"
75As,734.85,6.1428601318734,"(n,n')75As"
75As,373.76,6.027583416162438,"(n,n')75As"
75As,617.69,6.007992479131801,"(n,n')75As"
75As,621.74,5.825579765268899,"(n,n')75As"
75As,859.8,5.523326354,"(n,n')75As"
75As,1100.2,5.201068605700001,"(n,n')75As"
75As,542.12,4.797956502680992,"(n,n')75As"
75As,948.64,4.7211047496,"(n,n')75As"
75As,1029.84,4.5567938529762,"(n,n')75As"
75As,737.03,4.494573898931001,"(n,n')75As"
75As,1005.48,4.494573898931001,"(n,n')75As"
75As,66.05,4.282390061166747,"(n,n')75As"
75As,1420.2,3.9694772736333,"(n,n')75As"
75As,880.55,3.5427129839999996,"(n,n')75As"
75As,549.14,3.4697959752000003,"(n,n')75As"
75As,249.29,3.2206019586592736,"(n,n')75As"
75As,490.93,3.1398401413748003,"(n,n')75As"
75As,908.74,2.8085932749611002,"(n,n')75As"
75As,580.26,2.635935968,"(n,n')75As"
75As,661.19,2.4261015915999997,"(n,n')75As"
75As,1155.54,2.38263024743289,"(n,n')75As"
75As,924.06,2.17897090038368,"(n,n')75As"
75As,666.39,2.1652987371000916,"(n,n')75As"
75As,444.4,2.1103166104389,"(n,n')75As"
75As,875.89,2.01475763003156,"(n,n')75As"
75As,561.08,1.5525769248314023,"(n,n')75As"
75As,585.46,1.5469626630898363,"(n,n')75As"
75As,1231.89,1.48803437933218,"(n,n')75As"
75As,353.03,1.4856741155215,"(n,n')75As"
75As,1063.3,1.4845989921117202,"(n,n')75As"
75As,292.63,1.243034977994286,"(n,n')75As"
75As,14.88,1.2265364387658395,"(n,n')75As"
75As,292.83,0.8689680853591408,"(n,n')75As"
75As,270.14,0.8178477796355742,"(n,n')75As"
75As,80.94,0.3930630461853729,"(n,n')75As"
75As,307.71,0.35253045213507206,"(n,n')75As"
75As,557.0,0.35005023333418156,"(n,n')75As"
75As,338.15,0.33643898914691,"(n,n')75As"
76Ge,562.9,1429.17611375758,"(n,n')76Ge"
76Ge,545.5,374.05588930758,"(n,n')76Ge"
76Ge,1108.4,253.97616124242,"(n,n')76Ge"
76Ge,431.1,148.99755055,"(n,n')76Ge"
76Ge,847.2,140.01175,"(n,n')76Ge"
76Ge,1642.0,85.748375,"(n,n')76Ge"
76Ge,976.6,74.25319945,"(n,n')76Ge"
76Ge,1348.2,73.01964999999998,"(n,n')76Ge"
76Ge,911.5,55.462875000000004,"(n,n')76Ge"
76Ge,1175.8,43.730875,"(n,n')76Ge"
78Kr,455.04,1577.144605943317,"(n,n')78Kr"
78Kr,692.88,175.2151767665044,"(n,n')78Kr"
78Kr,664.43,170.96104937878047,"(n,n')78Kr"
78Kr,562.14,114.25548420867287,"(n,n')78Kr"
78Kr,1147.92,110.37761617139117,"(n,n')78Kr"
78Kr,1109.72,106.95462122964979,"(n,n')78Kr"
78Kr,1317.89,102.1458981765114,"(n,n')78Kr"
78Kr,1198.86,91.48429042077026,"(n,n')78Kr"
78Kr,1300.82,66.68047812181497,"(n,n')78Kr"
78Kr,738.68,34.52373150770133,"(n,n')78Kr"
78Kr,859.5,33.44025112690351,"(n,n')78Kr"
78Kr,724.98,28.371235391999996,"(n,n')78Kr"
78Kr,1772.93,24.5016052925,"(n,n')78Kr"
78Kr,534.43,22.0557127,"(n,n')78Kr"
78Kr,416.84,18.587859772262227,"(n,n')78Kr"
78Kr,2240.69,18.465986825,"(n,n')78Kr"
78Kr,753.43,17.588314271999995,"(n,n')78Kr"
78Kr,1755.86,16.933989625000002,"(n,n')78Kr"
78Kr,1785.65,11.632419975000001,"(n,n')78Kr"
78Kr,636.39,7.956248212500001,"(n,n')78Kr"
78Kr,445.29,5.716595124717994,"(n,n')78Kr"
78Kr,675.93,4.8023432,"(n,n')78Kr"
78Kr,1417.86,4.248450335999999,"(n,n')78Kr"
78Kr,607.94,3.1430560000000005,"(n,n')78Kr"
78Kr,735.02,3.036526807975,"(n,n')78Kr"
78Kr,1943.99,3.016135593220339,"(n,n')78Kr"
78Kr,1779.16,2.218075,"(n,n')78Kr"
78Kr,1180.31,1.3644981920250001,"(n,n')78Kr"
78Kr,858.35,1.132175,"(n,n')78Kr"
78Kr,1265.52,0.0003820345021890291,"(n,n')78Kr"
78Kr,848.68,0.00020247361009528714,"(n,n')78Kr"
7Li,477.61,185.98999999999998,"(n,n')7Li"
84Sr,793.3,1583.7985578722958,"(n,n')84Sr"
84Sr,660.91,581.7180983340461,"(n,n')84Sr"
84Sr,974.62,210.97070000000002,"(n,n')84Sr"
84Sr,602.5,186.13533085182647,"(n,n')84Sr"
84Sr,708.7,117.59070000000001,"(n,n')84Sr"
84Sr,1454.21,75.51622358895256,"(n,n')84Sr"
84Sr,1281.7,59.52988792181173,"(n,n')84Sr"
84Sr,844.01,51.94399107117223,"(n,n')84Sr"
84Sr,1263.41,20.429235624509637,"(n,n')84Sr"
84Sr,1596.7,16.597435991928236,"(n,n')84Sr"
85Kr,304.87,193.06662494124998,"(n,n')85Kr"
85Kr,861.82,109.47532026125,"(n,n')85Kr"
85Kr,1140.73,87.02992395999999,"(n,n')85Kr"
85Kr,1416.57,46.73819359875001,"(n,n')85Kr"
85Kr,919.11,42.7328875,"(n,n')85Kr"
85Kr,1037.74,18.49263416,"(n,n')85Kr"
85Kr,249.88,14.606068901250001,"(n,n')85Kr"
85Kr,175.92,10.64430136,"(n,n')85Kr"
85Kr,802.45,7.784313020000001,"(n,n')85Kr"
85Kr,201.88,4.355123959999999,"(n,n')85Kr"
85Kr,235.29,1.54514052,"(n,n')85Kr"
86Rb,557.0,215.66865259135076,"(n,n')86Rb"
86Rb,421.7,107.767293424947,"(n,n')86Rb"
86Rb,873.2,71.64657494609627,"(n,n')86Rb"
86Rb,1032.7,71.016480555053,"(n,n')86Rb"
86Rb,556.05,53.46263852,"(n,n')86Rb"
86Rb,488.2,43.190003635000004,"(n,n')86Rb"
86Rb,1122.0,35.737575,"(n,n')86Rb"
86Rb,1105.6,34.5913783875,"(n,n')86Rb"
86Rb,60.1,31.70455347,"(n,n')86Rb"
86Rb,54.0,31.180210414946995,"(n,n')86Rb"
86Rb,1027.2,18.763058864999998,"(n,n')86Rb"
86Rb,224.25,12.634212499999999,"(n,n')86Rb"
86Rb,539.0,7.704791135,"(n,n')86Rb"
86Rb,536.75,6.14448852,"(n,n')86Rb"
86Rb,114.1,4.12150801,"(n,n')86Rb"
86Rb,316.2,2.8843466664037503,"(n,n')86Rb"
86Rb,232.4,1.4976966125000004,"(n,n')86Rb"
89Y,1507.26,525.0912134135235,"(n,n')89Y"
89Y,1744.57,509.89016666666663,"(n,n')89Y"
89Y,908.96,334.86108611104066,"(n,n')89Y"
89Y,1313.43,82.740919444374,"(n,n')89Y"
89Y,715.13,38.06638008019018,"(n,n')89Y"
90Y,202.53,278.7219317287218,"(n,n')90Y"
90Y,776.77,89.7697060510976,"(n,n')90Y"
90Y,1211.69,70.20412901,"(n,n')90Y"
90Y,479.5,63.91984587772001,"(n,n')90Y"
90Y,1371.25,58.13359490999999,"(n,n')90Y"
90Y,953.67,48.71465065290062,"(n,n')90Y"
90Y,176.9,36.92299833397625,"(n,n')90Y"
90Y,616.17,30.762199795,"(n,n')90Y"
90Y,574.24,22.456454782878648,"(n,n')90Y"
90Y,365.48,22.367321229999998,"(n,n')90Y"
90Y,236.24,14.78514476875,"(n,n')90Y"
90Y,1168.72,5.990226079999999,"(n,n')90Y"
90Y,751.14,2.821858281873125,"(n,n')90Y"
90Y,250.69,1.557825205,"(n,n')90Y"
90Y,987.38,0.8706717062499999,"(n,n')90Y"
90Y,142.4,0.618421025,"(n,n')90Y"
90Y,159.56,0.42602900999999993,"(n,n')90Y"
90Y,682.03,0.20520014728000002,"(n,n')90Y"
90Zr,2186.27,593.7643960213613,"(n,n')90Zr"
90Zr,1760.71,250.2841827736385,"(n,n')90Zr"
90Zr,2319.0,24.314271205,"(n,n')90Zr"
90Zr,132.73,4.899078794999999,"(n,n')90Zr"
90Zr,425.56,0.17818277363849996,"(n,n')90Zr"
91Zr,1882.2,274.46950000000004,"(n,n')91Zr"
91Zr,1466.5,266.8715,"(n,n')91Zr"
91Zr,2131.49,193.315127625,"(n,n')91Zr"
91Zr,2200.5,116.6437,"(n,n')91Zr"
91Zr,2042.35,105.04450000000001,"(n,n')91Zr"
91Zr,1204.78,103.9323,"(n,n')91Zr"
91Zr,2189.5,83.28505000000001,"(n,n')91Zr"
91Zr,2170.15,70.24412237499999,"(n,n')91Zr"
91Zr,89.77,17.108249999999998,"(n,n')91Zr"
91Zr,38.66,4.843127625,"(n,n')91Zr"
92Zr,934.47,1437.8857974049176,"(n,n')92Zr"
92Zr,560.99,262.0157446659628,"(n,n')92Zr"
92Zr,1132.21,249.94393415680796,"(n,n')92Zr"
92Zr,912.81,219.25143819335224,"(n,n')92Zr"
92Zr,2182.0,167.4345,"(n,n')92Zr"
92Zr,448.34,125.58049999999999,"(n,n')92Zr"
92Zr,1847.28,109.95492546032979,"(n,n')92Zr"
92Zr,1405.25,35.639893504999996,"(n,n')92Zr"
92Zr,844.26,9.37814731,"(n,n')92Zr"
92Zr,902.85,7.435555971452832,"(n,n')92Zr"
92Zr,492.44,3.7111646549999997,"(n,n')92Zr"
92Zr,1463.84,2.600286883794613,"(n,n')92Zr"
92Zr,219.4,2.105698998682,"(n,n')92Zr"
92Zr,571.22,1.6490413845099998,"(n,n')92Zr"
92Zr,2339.72,0.10756999,"(n,n')92Zr"
92Zr,273.04,0.05867454,"(n,n')92Zr"
93Zr,266.88,264.256358618751,"(n,n')93Zr"
93Zr,1463.0,201.09900000000002,"(n,n')93Zr"
93Zr,2040.0,163.9875,"(n,n')93Zr"
93Zr,1598.0,161.2545,"(n,n')93Zr"
93Zr,1425.41,112.18340899999997,"(n,n')93Zr"
93Zr,2078.0,105.34649999999998,"(n,n')93Zr"
93Zr,1642.0,64.85687499999999,"(n,n')93Zr"
93Zr,1735.0,61.17379999999999,"(n,n')93Zr"
93Zr,2025.0,56.70295,"(n,n')93Zr"
93Zr,2075.0,49.956,"(n,n')93Zr"
93Zr,1018.0,40.03515000000001,"(n,n')93Zr"
93Zr,947.14,39.875508185877,"(n,n')93Zr"
93Zr,2047.0,38.99225,"(n,n')93Zr"
93Zr,1168.6,37.1732,"(n,n')93Zr"
93Zr,1222.0,36.133225,"(n,n')93Zr"
93Zr,1450.45,34.61878569,"(n,n')93Zr"
93Zr,2276.0,30.399349999999995,"(n,n')93Zr"
93Zr,1917.74,26.400836799999993,"(n,n')93Zr"
93Zr,1203.27,24.536689334628,"(n,n')93Zr"
93Zr,1651.68,21.630095620000002,"(n,n')93Zr"
93Zr,1642.68,18.277975209999997,"(n,n')93Zr"
93Zr,1827.81,16.86045,"(n,n')93Zr"
93Zr,1470.15,14.968526145372001,"(n,n')93Zr"
93Zr,2302.0,14.067815000000001,"(n,n')93Zr"
93Zr,1158.53,13.794590999999999,"(n,n')93Zr"
93Zr,680.26,12.530206344123,"(n,n')93Zr"
93Zr,2363.0,8.94175,"(n,n')93Zr"
93Zr,971.42,6.27610438,"(n,n')93Zr"
93Zr,1183.57,5.09076431,"(n,n')93Zr"
93Zr,962.42,4.2069247899999995,"(n,n')93Zr"
93Zr,2184.62,2.6669623599999994,"(n,n')93Zr"
93Zr,2391.0,1.454943007153007,"(n,n')93Zr"
93Zr,1237.48,0.5017353599999999,"(n,n')93Zr"
93Zr,714.47,0.2956654799999999,"(n,n')93Zr"
94Zr,918.75,1527.6349831535524,"(n,n')94Zr"
94Zr,550.87,234.23155132278052,"(n,n')94Zr"
94Zr,1232.56,222.90349999999998,"(n,n')94Zr"
94Zr,752.65,221.70290327755237,"(n,n')94Zr"
94Zr,1671.4,157.21164684644756,"(n,n')94Zr"
94Zr,1138.89,136.50049896221952,"(n,n')94Zr"
94Zr,381.44,133.217150821,"(n,n')94Zr"
94Zr,1411.45,38.879000000000005,"(n,n')94Zr"
94Zr,694.72,20.017550124000003,"(n,n')94Zr"
94Zr,2401.0,15.31784599035664,"(n,n')94Zr"
94Zr,1447.37,12.792878770000002,"(n,n')94Zr"
94Zr,588.02,3.8310513227805,"(n,n')94Zr"
94Zr,308.48,3.674550285,"(n,n')94Zr"
94Zr,1065.93,2.399150821,"(n,n')94Zr"
95Mo,204.12,347.38517492484834,"(n,n')95Mo"
95Mo,765.8,268.35006433029525,"(n,n')95Mo"
95Mo,947.68,207.62894774770194,"(n,n')95Mo"
95Mo,820.63,135.57227401344775,"(n,n')95Mo"
95Mo,1073.72,63.55746343036747,"(n,n')95Mo"
95Mo,604.04,62.771387144384136,"(n,n')95Mo"
95Mo,1376.01,59.623990000000006,"(n,n')95Mo"
95Mo,1666.0,54.803050000000006,"(n,n')95Mo"
95Mo,1683.0,54.218799999999995,"(n,n')95Mo"
95Mo,852.64,52.622539249114084,"(n,n')95Mo"
95Mo,1222.01,50.28364600097144,"(n,n')95Mo"
95Mo,593.11,49.474722399154345,"(n,n')95Mo"
95Mo,1092.0,47.87031,"(n,n')95Mo"
95Mo,327.28,42.66295,"(n,n')95Mo"
95Mo,774.99,38.544260364108645,"(n,n')95Mo"
95Mo,236.13,37.70981622560659,"(n,n')95Mo"
95Mo,987.61,37.48129917,"(n,n')95Mo"
95Mo,616.51,36.91153516396669,"(n,n')95Mo"
95Mo,1660.29,34.778290000000005,"(n,n')95Mo"
95Mo,582.08,32.684273800479644,"(n,n')95Mo"
95Mo,785.92,30.099441100466564,"(n,n')95Mo"
95Mo,1440.98,29.853550290999998,"(n,n')95Mo"
95Mo,1236.38,27.729449288735765,"(n,n')95Mo"
95Mo,1369.73,26.37879096,"(n,n')95Mo"
95Mo,1620.22,26.164779509999992,"(n,n')95Mo"
95Mo,1645.1,25.667279709,"(n,n')95Mo"
95Mo,977.46,24.852513190499998,"(n,n')95Mo"
95Mo,835.15,22.86077603475981,"(n,n')95Mo"
95Mo,1056.76,22.30150421944476,"(n,n')95Mo"
95Mo,674.7,21.90283384763808,"(n,n')95Mo"
95Mo,253.09,21.213287635863068,"(n,n')95Mo"
95Mo,202.47,20.354208303019497,"(n,n')95Mo"
95Mo,267.24,19.779949002336735,"(n,n')95Mo"
95Mo,976.03,19.698091706327638,"(n,n')95Mo"
95Mo,255.87,17.63010936687236,"(n,n')95Mo"
95Mo,245.83,17.17278992073342,"(n,n')95Mo"
95Mo,558.2,16.940900609177923,"(n,n')95Mo"
95Mo,1698.0,16.244020000000003,"(n,n')95Mo"
95Mo,386.17,16.056178962600004,"(n,n')95Mo"
95Mo,1165.61,14.77376904,"(n,n')95Mo"
95Mo,1440.5,12.751179830410777,"(n,n')95Mo"
95Mo,267.45,11.64229083,"(n,n')95Mo"
95Mo,111.22,9.995371630501321,"(n,n')95Mo"
95Mo,250.28,9.974025275965834,"(n,n')95Mo"
95Mo,639.93,9.973366115762113,"(n,n')95Mo"
95Mo,786.2,9.434635736220928,"(n,n')95Mo"
95Mo,563.46,6.560827385999999,"(n,n')95Mo"
95Mo,869.6,5.383432511820235,"(n,n')95Mo"
95Mo,467.07,4.564575641544608,"(n,n')95Mo"
95Mo,419.26,4.498304887480499,"(n,n')95Mo"
95Mo,1551.72,4.1930697316162,"(n,n')95Mo"
95Mo,125.59,3.2524621972266203,"(n,n')95Mo"
95Mo,516.39,2.95888462518078,"(n,n')95Mo"
95Mo,478.0,2.6971637733098803,"(n,n')95Mo"
95Mo,1039.27,2.3774587542924324,"(n,n')95Mo"
95Mo,141.23,2.0621110732000005,"(n,n')95Mo"
95Mo,100.29,1.716431336283303,"(n,n')95Mo"
95Mo,1416.1,1.2600500909999997,"(n,n')95Mo"
95Mo,194.63,1.2401363810000001,"(n,n')95Mo"
95Mo,263.32,1.1675244114270658,"(n,n')95Mo"
95Mo,397.1,1.1396955832000002,"(n,n')95Mo"
95Mo,799.59,0.9959036129999997,"(n,n')95Mo"
95Mo,126.04,0.7965282798101367,"(n,n')95Mo"
95Mo,317.63,0.7139093999999999,"(n,n')95Mo"
95Mo,307.92,0.6042628329594141,"(n,n')95Mo"
95Mo,253.07,0.5369287957576829,"(n,n')95Mo"
95Mo,181.88,0.4160900756466973,"(n,n')95Mo"
95Mo,494.96,0.31731338509528,"(n,n')95Mo"
95Mo,1302.59,0.179785762798602,"(n,n')95Mo"
95Mo,1098.47,0.179785762798602,"(n,n')95Mo"
95Mo,1426.13,0.15102008049306656,"(n,n')95Mo"
95Mo,218.64,0.0387208266171406,"(n,n')95Mo"
95Mo,561.68,0.026837690202049735,"(n,n')95Mo"
95Zr,1618.0,305.1275,"(n,n')95Zr"
95Zr,1323.77,249.423693900584,"(n,n')95Zr"
95Zr,1140.0,149.99450000000002,"(n,n')95Zr"
95Zr,2250.0,135.39900000000003,"(n,n')95Zr"
95Zr,2025.0,104.9825,"(n,n')95Zr"
95Zr,1618.26,70.28505,"(n,n')95Zr"
95Zr,953.95,67.342288821592,"(n,n')95Zr"
95Zr,1788.0,64.277,"(n,n')95Zr"
95Zr,23.0,63.1758,"(n,n')95Zr"
95Zr,1940.25,61.181807039238,"(n,n')95Zr"
95Zr,1721.67,61.150664400000004,"(n,n')95Zr"
95Zr,397.9,55.95133560000001,"(n,n')95Zr"
95Zr,1955.92,47.3159263,"(n,n')95Zr"
95Zr,1892.67,38.272533839999994,"(n,n')95Zr"
95Zr,2120.0,37.918,"(n,n')95Zr"
95Zr,2285.0,36.6095,"(n,n')95Zr"
95Zr,632.15,29.85867983,"(n,n')95Zr"
95Zr,1001.97,24.14429387,"(n,n')95Zr"
95Zr,2317.0,15.478755,"(n,n')95Zr"
95Zr,1903.94,15.284516025,"(n,n')95Zr"
95Zr,568.9,11.87491616,"(n,n')95Zr"
95Zr,2254.1,10.920589999999999,"(n,n')95Zr"
95Zr,580.17,10.573233975,"(n,n')95Zr"
95Zr,431.99,3.074057039238,"(n,n')95Zr"
95Zr,1048.47,1.714528335584,"(n,n')95Zr"
95Zr,2372.24,1.499678673586,"(n,n')95Zr"
95Zr,1418.29,0.826669951592,"(n,n')95Zr"
96Zr,1750.5,957.5419691285,"(n,n')96Zr"
96Zr,146.66,219.7319148785,"(n,n')96Zr"
96Zr,1581.65,216.87747575,"(n,n')96Zr"
96Zr,2225.84,147.10123374999998,"(n,n')96Zr"
96Zr,475.34,84.27155425,"(n,n')96Zr"
96Zr,644.19,41.270475749999996,"(n,n')96Zr"
96Zr,1897.16,40.2443213715,"(n,n')96Zr"
96Zr,328.68,20.679236249999995,"(n,n')96Zr"
99Tc,140.51,184.0537929383833,"(n,n')99Tc"
99Tc,142.68,124.84731109555132,"(n,n')99Tc"
99Tc,391.75,57.10570507250001,"(n,n')99Tc"
99Tc,621.18,53.984399963685235,"(n,n')99Tc"
99Tc,536.9,53.06333333333333,"(n,n')99Tc"
99Tc,181.09,52.363451791638035,"(n,n')99Tc"
99Tc,469.81,39.61470980128003,"(n,n')99Tc"
99Tc,761.91,38.04097350999999,"(n,n')99Tc"
99Tc,40.58,37.53088604808391,"(n,n')99Tc"
99Tc,726.7,33.78070775166667,"(n,n')99Tc"
99Tc,625.41,29.013116,"(n,n')99Tc"
99Tc,538.71,25.061666666666667,"(n,n')99Tc"
99Tc,1081.47,20.703143596666667,"(n,n')99Tc"
99Tc,1008.91,19.956666666666667,"(n,n')99Tc"
99Tc,564.25,19.542579525000004,"(n,n')99Tc"
99Tc,366.43,13.389671589654304,"(n,n')99Tc"
99Tc,410.27,12.925,"(n,n')99Tc"
99Tc,537.78,12.704679166666667,"(n,n')99Tc"
99Tc,652.77,12.605,"(n,n')99Tc"
99Tc,373.66,12.318196232652502,"(n,n')99Tc"
99Tc,960.77,12.048594398999999,"(n,n')99Tc"
99Tc,940.96,11.182232893333333,"(n,n')99Tc"
99Tc,876.95,9.884475,"(n,n')99Tc"
99Tc,1072.21,9.753654166666667,"(n,n')99Tc"
99Tc,761.69,9.70718010367032,"(n,n')99Tc"
99Tc,580.6,8.85834596904444,"(n,n')99Tc"
99Tc,836.37,8.698858333333334,"(n,n')99Tc"
99Tc,528.86,8.530139805197981,"(n,n')99Tc"
99Tc,484.9,7.266884,"(n,n')99Tc"
99Tc,845.64,6.577640909014168,"(n,n')99Tc"
99Tc,586.19,5.312808915,"(n,n')99Tc"
99Tc,103.38,5.152732623039136,"(n,n')99Tc"
99Tc,822.97,4.166971163000001,"(n,n')99Tc"
99Tc,1205.0,3.7030016666666663,"(n,n')99Tc"
99Tc,457.6,2.5969122135,"(n,n')99Tc"
99Tc,739.51,1.7669470303441663,"(n,n')99Tc"
99Tc,1056.2,1.6341293010000002,"(n,n')99Tc"
99Tc,319.56,1.4745068433333335,"(n,n')99Tc"
99Tc,190.59,1.464170475,"(n,n')99Tc"
99Tc,1017.79,1.404620945,"(n,n')99Tc"
99Tc,380.17,1.2036063699,"(n,n')99Tc"
99Tc,620.03,0.8804175540000001,"(n,n')99Tc"
99Tc,689.77,0.687034754,"(n,n')99Tc"
99Tc,777.92,0.623028695419,"(n,n')99Tc"
99Tc,1001.35,0.5177985425999999,"(n,n')99Tc"
99Tc,986.46,0.5173052324999999,"(n,n')99Tc"
99Tc,861.38,0.196071598,"(n,n')99Tc"
99Tc,469.63,0.08769257250000001,"(n,n')99Tc"
99Tc,242.37,0.04631966650000001,"(n,n')99Tc"
99Tc,411.49,0.0021533252818349996,"(n,n')99Tc"
99Tc,249.06,0.0002392583646483333,"(n,n')99Tc"
