Isotope,Energy (keV),XS (mb),Info
00C,4439.0,210.2906976744186,"(n,n')00C"
101Ru,306.85,22.33150567768471,"(n,n')101Ru"
101Ru,720.0,6.5906672111999995,"(n,n')101Ru"
101Ru,174.92,1.0111064376,"(n,n')101Ru"
101Ru,545.08,0.7748039120483639,"(n,n')101Ru"
101Ru,413.15,0.5307469008000001,"(n,n')101Ru"
101Ru,127.23,0.4483939115976594,"(n,n')101Ru"
101Ru,408.67,0.26537345040000004,"(n,n')101Ru"
101Ru,184.1,0.25777993993090265,"(n,n')101Ru"
101Ru,238.23,0.19880768612465197,"(n,n')101Ru"
101Ru,179.62,0.18690250824120494,"(n,n')101Ru"
101Ru,311.33,0.041963210971016726,"(n,n')101Ru"
101Ru,233.75,0.03417955132763599,"(n,n')101Ru"
101Ru,417.85,0.0034377618878399996,"(n,n')101Ru"
101Ru,220.65,0.00012406046,"(n,n')101Ru"
101Ru,684.0,0.0001046891,"(n,n')101Ru"
101Ru,344.0,0.00010464354,"(n,n')101Ru"
101Ru,598.3,7.769452585599998e-05,"(n,n')101Ru"
101Ru,535.0,7.686614e-05,"(n,n')101Ru"
101Ru,623.0,7.658824000000001e-05,"(n,n')101Ru"
101Ru,823.0,7.595284000000001e-05,"(n,n')101Ru"
101Ru,908.0,7.460954e-05,"(n,n')101Ru"
101Ru,531.45,6.403391168399998e-05,"(n,n')101Ru"
101Ru,489.07,5.895851728e-05,"(n,n')101Ru"
101Ru,715.55,4.2810481936e-05,"(n,n')101Ru"
101Ru,718.0,3.9556819999999995e-05,"(n,n')101Ru"
101Ru,197.57,3.865083398537601e-05,"(n,n')101Ru"
101Ru,295.07,3.7682403519999996e-05,"(n,n')101Ru"
101Ru,422.3,2.9844772459999995e-05,"(n,n')101Ru"
101Ru,623.5,2.3570533454e-05,"(n,n')101Ru"
101Ru,286.97,1.7974878983999997e-05,"(n,n')101Ru"
101Ru,616.3,1.7650782720000002e-05,"(n,n')101Ru"
101Ru,496.27,1.6769246546e-05,"(n,n')101Ru"
101Ru,842.78,1.4363086379999997e-05,"(n,n')101Ru"
101Ru,291.45,7.81291516e-06,"(n,n')101Ru"
101Ru,324.8,6.3434808360000015e-06,"(n,n')101Ru"
101Ru,97.5,4.94195456e-06,"(n,n')101Ru"
101Ru,110.97,2.7412404199999998e-06,"(n,n')101Ru"
101Ru,115.45,2.0076690399999998e-06,"(n,n')101Ru"
102Pd,556.53,120.46777809066317,"(n,n')102Pd"
102Pd,1555.25,31.23640676455107,"(n,n')102Pd"
102Pd,1534.57,4.562616275699745,"(n,n')102Pd"
102Pd,978.04,4.425741511133364,"(n,n')102Pd"
102Pd,719.51,3.872488832442351,"(n,n')102Pd"
102Pd,1593.01,1.9342038,"(n,n')102Pd"
102Pd,384.43,0.3979755180830697,"(n,n')102Pd"
102Pd,438.96,0.38875182112481405,"(n,n')102Pd"
102Pd,1692.17,0.37992543999999995,"(n,n')102Pd"
102Pd,835.48,0.35462822453717396,"(n,n')102Pd"
102Pd,1581.57,0.33724708322058056,"(n,n')102Pd"
102Pd,1387.85,0.30389881202237456,"(n,n')102Pd"
102Pd,1834.67,0.24089044,"(n,n')102Pd"
102Pd,1786.48,0.2374811,"(n,n')102Pd"
102Pd,1875.07,0.1824100332930492,"(n,n')102Pd"
102Pd,1101.67,0.15817105999999997,"(n,n')102Pd"
102Pd,1744.83,0.11401483162167685,"(n,n')102Pd"
102Pd,1018.63,0.09566564764097184,"(n,n')102Pd"
102Pd,1944.38,0.0698967843691651,"(n,n')102Pd"
102Pd,336.37,0.05943302987514095,"(n,n')102Pd"
102Pd,182.89,0.059312764551066266,"(n,n')102Pd"
102Pd,603.53,0.05598298522558949,"(n,n')102Pd"
102Pd,897.03,0.05107483884914982,"(n,n')102Pd"
102Pd,179.8,0.041008827711094285,"(n,n')102Pd"
102Pd,1923.77,0.034666156000000004,"(n,n')102Pd"
102Pd,1025.32,0.027477531209748458,"(n,n')102Pd"
102Pd,1198.43,0.023832628591400874,"(n,n')102Pd"
102Pd,156.57,0.020089773235403244,"(n,n')102Pd"
102Pd,173.11,0.01604688848240752,"(n,n')102Pd"
103Rh,357.41,47.813379868141226,"(n,n')103Rh"
103Rh,294.98,38.10846006980356,"(n,n')103Rh"
103Rh,62.43,5.121914015958179,"(n,n')103Rh"
103Rh,490.17,1.687677216161249,"(n,n')103Rh"
103Rh,552.6,0.337130481692679,"(n,n')103Rh"
103Rh,39.76,0.03388917032253959,"(n,n')103Rh"
103Rh,317.65,0.03177986422874999,"(n,n')103Rh"
103Rh,53.28,0.0008367357001324079,"(n,n')103Rh"
103Rh,564.68,0.000318717428752752,"(n,n')103Rh"
103Rh,497.08,0.00031367876291936566,"(n,n')103Rh"
103Rh,610.33,0.00023431322520801922,"(n,n')103Rh"
103Rh,612.04,0.00014550886383615997,"(n,n')103Rh"
103Rh,728.42,0.000129336993757248,"(n,n')103Rh"
103Rh,1071.69,0.0001264438,"(n,n')103Rh"
103Rh,1287.14,0.00011836219999999999,"(n,n')103Rh"
103Rh,562.69,0.000109192626072,"(n,n')103Rh"
103Rh,514.41,0.0001077660425910558,"(n,n')103Rh"
103Rh,1440.24,0.00010227582000000001,"(n,n')103Rh"
103Rh,691.78,0.00010124382,"(n,n')103Rh"
103Rh,1196.24,8.9079268752e-05,"(n,n')103Rh"
103Rh,993.77,8.5227453234e-05,"(n,n')103Rh"
103Rh,603.91,8.45934632e-05,"(n,n')103Rh"
103Rh,808.06,8.169627748999998e-05,"(n,n')103Rh"
103Rh,840.92,7.295544764e-05,"(n,n')103Rh"
103Rh,427.66,7.2194712768e-05,"(n,n')103Rh"
103Rh,998.47,7.064894676e-05,"(n,n')103Rh"
103Rh,1398.37,6.8451862856e-05,"(n,n')103Rh"
103Rh,687.46,6.5607334164e-05,"(n,n')103Rh"
103Rh,1124.57,6.3864256708e-05,"(n,n')103Rh"
103Rh,1277.04,6.0557237729999995e-05,"(n,n')103Rh"
103Rh,740.74,6.0342625836e-05,"(n,n')103Rh"
103Rh,1045.89,6.0148008691999995e-05,"(n,n')103Rh"
103Rh,703.19,5.817012864e-05,"(n,n')103Rh"
103Rh,1108.32,5.7835531308e-05,"(n,n')103Rh"
103Rh,749.29,5.6015730668000006e-05,"(n,n')103Rh"
103Rh,1212.0,5.4841105800000006e-05,"(n,n')103Rh"
103Rh,523.06,5.45320908e-05,"(n,n')103Rh"
103Rh,601.67,5.2690474200000005e-05,"(n,n')103Rh"
103Rh,803.07,4.895920352437401e-05,"(n,n')103Rh"
103Rh,585.49,4.46696723e-05,"(n,n')103Rh"
103Rh,1158.59,4.151035999999999e-05,"(n,n')103Rh"
103Rh,687.18,4.087878251e-05,"(n,n')103Rh"
103Rh,788.04,3.8353977143999995e-05,"(n,n')103Rh"
103Rh,1410.89,3.8012267762e-05,"(n,n')103Rh"
103Rh,1147.92,3.7945796032000004e-05,"(n,n')103Rh"
103Rh,567.69,3.5520811006944204e-05,"(n,n')103Rh"
103Rh,1109.29,3.437656689600001e-05,"(n,n')103Rh"
103Rh,557.05,3.4007139730168e-05,"(n,n')103Rh"
103Rh,163.74,3.3720234882752004e-05,"(n,n')103Rh"
103Rh,811.72,3.248307037e-05,"(n,n')103Rh"
103Rh,1133.81,2.8470571247999997e-05,"(n,n')103Rh"
103Rh,984.71,2.7258407952000003e-05,"(n,n')103Rh"
103Rh,1293.45,2.6831568078000003e-05,"(n,n')103Rh"
103Rh,1437.57,2.3010071744e-05,"(n,n')103Rh"
103Rh,866.93,2.208667136e-05,"(n,n')103Rh"
103Rh,1115.91,2.2050163341999998e-05,"(n,n')103Rh"
103Rh,72.52,2.0197853927999997e-05,"(n,n')103Rh"
103Rh,540.91,2.0153759280000003e-05,"(n,n')103Rh"
103Rh,1053.48,2.0149148896e-05,"(n,n')103Rh"
103Rh,678.91,2.0043512524000004e-05,"(n,n')103Rh"
103Rh,499.25,1.9597938962000002e-05,"(n,n')103Rh"
103Rh,874.53,1.7924374636e-05,"(n,n')103Rh"
103Rh,114.96,1.7893923061759996e-05,"(n,n')103Rh"
103Rh,508.09,1.7684190478453203e-05,"(n,n')103Rh"
103Rh,1490.85,1.3637855022e-05,"(n,n')103Rh"
103Rh,1187.0,1.1529119224e-05,"(n,n')103Rh"
103Rh,960.73,1.0120266756e-05,"(n,n')103Rh"
103Rh,936.04,9.888705161999999e-06,"(n,n')103Rh"
103Rh,880.47,9.7752369e-06,"(n,n')103Rh"
103Rh,982.06,9.089629296e-06,"(n,n')103Rh"
103Rh,1481.98,8.943266444000002e-06,"(n,n')103Rh"
103Rh,1255.71,8.449030044e-06,"(n,n')103Rh"
103Rh,1135.9,8.01619236e-06,"(n,n')103Rh"
103Rh,1171.72,7.206313104000001e-06,"(n,n')103Rh"
103Rh,1085.49,5.6901239680000005e-06,"(n,n')103Rh"
103Rh,473.97,5.47956376e-06,"(n,n')103Rh"
103Rh,919.63,5.4553892139999995e-06,"(n,n')103Rh"
103Rh,945.14,3.834630464e-06,"(n,n')103Rh"
103Rh,445.66,2.192786928e-06,"(n,n')103Rh"
104Pd,555.81,138.89018332816812,"(n,n')104Pd"
104Pd,332.64,27.4854945686199,"(n,n')104Pd"
104Pd,1237.05,26.260043905212306,"(n,n')104Pd"
104Pd,785.87,7.335396088327935,"(n,n')104Pd"
104Pd,1341.68,6.308449834433721,"(n,n')104Pd"
104Pd,767.78,4.29876267012723,"(n,n')104Pd"
104Pd,451.18,2.46843717053525,"(n,n')104Pd"
104Pd,777.78,2.4665126488006255,"(n,n')104Pd"
104Pd,1264.84,0.6120375074114645,"(n,n')104Pd"
104Pd,1999.1,0.6094485329183568,"(n,n')104Pd"
104Pd,1443.29,0.22934783855810137,"(n,n')104Pd"
104Pd,758.79,0.20123100802224192,"(n,n')104Pd"
104Pd,1782.09,0.1946891594813275,"(n,n')104Pd"
104Pd,740.7,0.19116958968001768,"(n,n')104Pd"
104Pd,1526.57,0.17104608126191745,"(n,n')104Pd"
104Pd,1581.19,0.1547490912137679,"(n,n')104Pd"
104Pd,857.97,0.15297784911886061,"(n,n')104Pd"
104Pd,1637.59,0.1491261,"(n,n')104Pd"
104Pd,478.97,0.14688863205775093,"(n,n')104Pd"
104Pd,623.85,0.1150261419073032,"(n,n')104Pd"
104Pd,1689.09,0.10671717942823045,"(n,n')104Pd"
104Pd,2337.9,0.07787554662742283,"(n,n')104Pd"
104Pd,1625.75,0.07648892369327397,"(n,n')104Pd"
104Pd,975.31,0.07115331255925034,"(n,n')104Pd"
104Pd,216.52,0.06759581812760536,"(n,n')104Pd"
104Pd,1794.3,0.06249064200400934,"(n,n')104Pd"
104Pd,166.1,0.059813561742209524,"(n,n')104Pd"
104Pd,362.12,0.05751292364087676,"(n,n')104Pd"
104Pd,1167.81,0.05520270855682924,"(n,n')104Pd"
104Pd,1900.79,0.05372563,"(n,n')104Pd"
104Pd,117.34,0.049807390926163264,"(n,n')104Pd"
104Pd,996.22,0.04672526353564419,"(n,n')104Pd"
104Pd,262.94,0.04601051200521185,"(n,n')104Pd"
104Pd,2479.0,0.04157849134556911,"(n,n')104Pd"
104Pd,925.91,0.0394294320570564,"(n,n')104Pd"
104Pd,1120.91,0.03795868115099578,"(n,n')104Pd"
104Pd,941.72,0.03705709624639616,"(n,n')104Pd"
104Pd,1888.69,0.03450781495104568,"(n,n')104Pd"
104Pd,2276.5,0.033418390614447915,"(n,n')104Pd"
104Pd,1720.69,0.02339282334542708,"(n,n')104Pd"
104Pd,665.51,0.022484950542999056,"(n,n')104Pd"
104Pd,657.42,0.021674936264876044,"(n,n')104Pd"
104Pd,1238.49,0.020549748833373488,"(n,n')104Pd"
104Pd,1923.19,0.019413581560081192,"(n,n')104Pd"
104Pd,839.88,0.018357320144117357,"(n,n')104Pd"
104Pd,903.22,0.010671705917062147,"(n,n')104Pd"
104Pd,923.63,0.010376006471624042,"(n,n')104Pd"
104Pd,192.5,0.0071763732262958785,"(n,n')104Pd"
104Pd,934.82,0.006349482273473717,"(n,n')104Pd"
104Pd,795.32,0.004982100421128968,"(n,n')104Pd"
104Pd,309.84,0.0044162136054347444,"(n,n')104Pd"
104Pd,1145.41,0.004101290039221552,"(n,n')104Pd"
104Pd,1137.32,0.004015023490724706,"(n,n')104Pd"
104Pd,444.66,0.0025939749634195687,"(n,n')104Pd"
104Pd,179.19,0.0023004814064281408,"(n,n')104Pd"
104Pd,409.02,0.0019320631286269053,"(n,n')104Pd"
104Pd,1709.5,0.0018528540741975241,"(n,n')104Pd"
104Pd,460.71,0.001057809003643324,"(n,n')104Pd"
104Pd,452.62,0.0010030889002562117,"(n,n')104Pd"
104Pd,686.14,0.0008816471964022707,"(n,n')104Pd"
104Pd,684.7,0.0008760585146773142,"(n,n')104Pd"
104Pd,342.7,0.0006297922263366644,"(n,n')104Pd"
104Pd,182.93,0.00037056042619692544,"(n,n')104Pd"
104Pd,658.35,0.0003375408468926013,"(n,n')104Pd"
104Pd,479.9,0.00030164437754585813,"(n,n')104Pd"
104Pd,342.0,0.00010919385233926966,"(n,n')104Pd"
105Pd,306.25,28.91874828443625,"(n,n')105Pd"
105Pd,781.94,6.415934429333333,"(n,n')105Pd"
105Pd,442.38,4.9378367368502385,"(n,n')105Pd"
105Pd,339.56,4.937692237333333,"(n,n')105Pd"
105Pd,280.51,0.00013060962723989407,"(n,n')105Pd"
105Pd,319.22,0.000120836215220903,"(n,n')105Pd"
105Pd,182.89,0.00010134275327000001,"(n,n')105Pd"
105Pd,644.53,8.615526116000002e-05,"(n,n')105Pd"
105Pd,560.75,6.732827021062981e-05,"(n,n')105Pd"
105Pd,447.0,6.251132000000001e-05,"(n,n')105Pd"
105Pd,535.0,6.230994e-05,"(n,n')105Pd"
105Pd,696.66,3.5484961752e-05,"(n,n')105Pd"
105Pd,254.28,3.3556431222e-05,"(n,n')105Pd"
105Pd,331.48,3.2534740278e-05,"(n,n')105Pd"
105Pd,787.0,3.0507499999999995e-05,"(n,n')105Pd"
105Pd,344.51,2.0961144015624e-05,"(n,n')105Pd"
105Pd,446.71,2.014578378e-05,"(n,n')105Pd"
105Pd,727.22,2.0049660756e-05,"(n,n')105Pd"
105Pd,650.7,1.9891101308e-05,"(n,n')105Pd"
105Pd,392.66,1.8908108379999998e-05,"(n,n')105Pd"
105Pd,420.97,1.6941682979999998e-05,"(n,n')105Pd"
105Pd,284.84,1.5756165683999997e-05,"(n,n')105Pd"
105Pd,416.15,1.3584380904e-05,"(n,n')105Pd"
105Pd,64.0,1.153844079e-05,"(n,n')105Pd"
105Pd,135.91,1.1448886122e-05,"(n,n')105Pd"
105Pd,673.17,9.9459899e-06,"(n,n')105Pd"
105Pd,408.0,6.4562631119999995e-06,"(n,n')105Pd"
105Pd,370.19,5.804977891999999e-06,"(n,n')105Pd"
105Pd,155.39,4.4439332700000005e-06,"(n,n')105Pd"
105Pd,216.24,2.2920044640000003e-06,"(n,n')105Pd"
105Pd,328.66,1.5202499199999999e-06,"(n,n')105Pd"
105Pd,325.31,1.30649798e-06,"(n,n')105Pd"
106Cd,632.7,202.93261206165417,"(n,n')106Cd"
106Cd,1737.8,80.11789,"(n,n')106Cd"
106Cd,861.1,0.0013207747866012922,"(n,n')106Cd"
106Cd,610.7,0.00021548980604587175,"(n,n')106Cd"
106Cd,811.2,0.00021410414283866365,"(n,n')106Cd"
106Cd,1009.3,0.0001859696311746144,"(n,n')106Cd"
106Cd,997.9,0.0001842532321902589,"(n,n')106Cd"
106Cd,226.1,0.00014597111082217102,"(n,n')106Cd"
106Cd,1471.8,0.00013174837388064186,"(n,n')106Cd"
106Cd,844.8,0.00012204518381775937,"(n,n')106Cd"
106Cd,991.8,0.00010882406899760154,"(n,n')106Cd"
106Cd,1716.6,0.00010568255542955293,"(n,n')106Cd"
106Cd,1852.9,0.00010330861910688489,"(n,n')106Cd"
106Cd,1705.9,9.169419239547946e-05,"(n,n')106Cd"
106Cd,1083.9,7.404968169553709e-05,"(n,n')106Cd"
106Cd,836.8,6.623036587141528e-05,"(n,n')106Cd"
106Cd,387.9,1.3716269061546276e-05,"(n,n')106Cd"
106Cd,161.1,1.8611437594975646e-06,"(n,n')106Cd"
106Pd,511.85,158.02400145983273,"(n,n')106Pd"
106Pd,1572.01,22.722525340229762,"(n,n')106Pd"
106Pd,616.16,10.360258078438056,"(n,n')106Pd"
106Pd,1128.01,5.635990852330171,"(n,n')106Pd"
106Pd,717.4,4.912830755776568,"(n,n')106Pd"
106Pd,621.92,3.042393970832166,"(n,n')106Pd"
106Pd,955.85,1.636026330937648,"(n,n')106Pd"
106Pd,1050.4,0.6070328156184039,"(n,n')106Pd"
106Pd,873.48,0.5495622886862435,"(n,n')106Pd"
106Pd,1194.54,0.5296517446795652,"(n,n')106Pd"
106Pd,1045.8,0.5007150407321198,"(n,n')106Pd"
106Pd,1397.62,0.47122484,"(n,n')106Pd"
106Pd,521.61,0.3022026632808306,"(n,n')106Pd"
106Pd,471.21,0.22419921353404967,"(n,n')106Pd"
106Pd,429.64,0.22281819522270985,"(n,n')106Pd"
106Pd,847.04,0.189645721035426,"(n,n')106Pd"
106Pd,1114.48,0.1843975691119133,"(n,n')106Pd"
106Pd,1927.25,0.1687492239682292,"(n,n')106Pd"
106Pd,804.27,0.15618815802062733,"(n,n')106Pd"
106Pd,680.24,0.1438298754936537,"(n,n')106Pd"
106Pd,808.31,0.13883870124711745,"(n,n')106Pd"
106Pd,1168.25,0.11531786846821201,"(n,n')106Pd"
106Pd,1273.39,0.09016264026629209,"(n,n')106Pd"
106Pd,1766.26,0.08761404295712286,"(n,n')106Pd"
106Pd,1108.72,0.08666674327577993,"(n,n')106Pd"
106Pd,1796.96,0.0851851453635228,"(n,n')106Pd"
106Pd,578.38,0.07997722672838414,"(n,n')106Pd"
106Pd,1222.8,0.0799553486614069,"(n,n')106Pd"
106Pd,1053.69,0.07990524081750162,"(n,n')106Pd"
106Pd,2083.86,0.07954006198655779,"(n,n')106Pd"
106Pd,684.84,0.0789222418088088,"(n,n')106Pd"
106Pd,793.16,0.06636294901782545,"(n,n')106Pd"
106Pd,1562.25,0.06331373162107323,"(n,n')106Pd"
106Pd,703.03,0.05591538281301238,"(n,n')106Pd"
106Pd,747.91,0.05506000518120058,"(n,n')106Pd"
106Pd,2439.1,0.05079361882597352,"(n,n')106Pd"
106Pd,1889.55,0.046884511760359036,"(n,n')106Pd"
106Pd,1180.8,0.04480739890586507,"(n,n')106Pd"
106Pd,1730.64,0.033007278316473015,"(n,n')106Pd"
106Pd,2242.49,0.02913502758298746,"(n,n')106Pd"
106Pd,428.48,0.027498314311143756,"(n,n')106Pd"
106Pd,715.86,0.025583297719770873,"(n,n')106Pd"
106Pd,1838.96,0.02318698877762373,"(n,n')106Pd"
106Pd,328.4,0.019327752164190838,"(n,n')106Pd"
106Pd,221.7,0.017784400213073228,"(n,n')106Pd"
106Pd,847.38,0.017664435247824795,"(n,n')106Pd"
106Pd,439.24,0.015937436780210423,"(n,n')106Pd"
106Pd,1305.33,0.014681111722485032,"(n,n')106Pd"
106Pd,1136.71,0.007913851932811126,"(n,n')106Pd"
106Pd,434.24,0.007891544919494016,"(n,n')106Pd"
106Pd,1150.1,0.007797642546703041,"(n,n')106Pd"
106Pd,2308.81,0.0068147772990071465,"(n,n')106Pd"
106Pd,1121.56,0.006476369710494934,"(n,n')106Pd"
106Pd,228.93,0.005616084162451019,"(n,n')106Pd"
106Pd,1564.78,0.005405325014228337,"(n,n')106Pd"
106Pd,1209.85,0.004893782880453489,"(n,n')106Pd"
106Pd,418.53,0.004157614579932127,"(n,n')106Pd"
106Pd,1489.64,0.004121781700546855,"(n,n')106Pd"
106Pd,1771.09,0.003356011144364084,"(n,n')106Pd"
106Pd,751.16,0.003322188760599051,"(n,n')106Pd"
106Pd,374.63,0.003311169545774702,"(n,n')106Pd"
106Pd,433.68,0.0030544141950629897,"(n,n')106Pd"
106Pd,948.62,0.0021550569795332876,"(n,n')106Pd"
106Pd,1177.55,0.0005175461814710318,"(n,n')106Pd"
106Pd,1420.43,0.0004373161514049496,"(n,n')106Pd"
106Pd,1076.31,0.00014315106280129522,"(n,n')106Pd"
106Pd,1793.71,9.91045662677222e-05,"(n,n')106Pd"
108Pd,433.94,176.44166508510273,"(n,n')108Pd"
108Pd,1612.71,16.9977042991388,"(n,n')108Pd"
108Pd,497.26,12.433691860977714,"(n,n')108Pd"
108Pd,614.28,10.204509820348967,"(n,n')108Pd"
108Pd,931.2,5.328725133047379,"(n,n')108Pd"
108Pd,998.43,4.079436028790674,"(n,n')108Pd"
108Pd,618.84,3.364886990023953,"(n,n')108Pd"
108Pd,1115.45,1.6997724655448156,"(n,n')108Pd"
108Pd,722.94,0.7058691063014556,"(n,n')108Pd"
108Pd,693.9,0.4392693174198855,"(n,n')108Pd"
108Pd,1522.06,0.420105857074046,"(n,n')108Pd"
108Pd,1707.06,0.292891972045973,"(n,n')108Pd"
108Pd,315.35,0.25275678138454355,"(n,n')108Pd"
108Pd,1784.06,0.2264352157340421,"(n,n')108Pd"
108Pd,880.27,0.22101034305497122,"(n,n')108Pd"
108Pd,1106.02,0.20871203718264092,"(n,n')108Pd"
108Pd,1269.78,0.20782974827806144,"(n,n')108Pd"
108Pd,1007.24,0.18256055714122627,"(n,n')108Pd"
108Pd,2098.67,0.17368724414399914,"(n,n')108Pd"
108Pd,678.04,0.16076874565899543,"(n,n')108Pd"
108Pd,404.0,0.15191981356115553,"(n,n')108Pd"
108Pd,901.26,0.14584302795509435,"(n,n')108Pd"
108Pd,1847.25,0.13257603702023843,"(n,n')108Pd"
108Pd,371.35,0.09940968227661302,"(n,n')108Pd"
108Pd,947.27,0.099259580270628,"(n,n')108Pd"
108Pd,1539.96,0.09809496672557586,"(n,n')108Pd"
108Pd,1970.16,0.09394635999999999,"(n,n')108Pd"
108Pd,1664.73,0.09379097311039043,"(n,n')108Pd"
108Pd,1581.06,0.08852120662427698,"(n,n')108Pd"
108Pd,941.63,0.07788817900391352,"(n,n')108Pd"
108Pd,1349.99,0.07556821770555028,"(n,n')108Pd"
108Pd,1460.3,0.07304984136542318,"(n,n')108Pd"
108Pd,608.76,0.06887508772845698,"(n,n')108Pd"
108Pd,1024.8,0.05812883039385072,"(n,n')108Pd"
108Pd,1209.8,0.052363637214116666,"(n,n')108Pd"
108Pd,383.01,0.0464122653911507,"(n,n')108Pd"
108Pd,509.98,0.04564020890328915,"(n,n')108Pd"
108Pd,1957.56,0.044560349460947335,"(n,n')108Pd"
108Pd,1441.18,0.039980868414813485,"(n,n')108Pd"
108Pd,907.78,0.03847108424508428,"(n,n')108Pd"
108Pd,225.75,0.0348550291016816,"(n,n')108Pd"
108Pd,692.9,0.03377027491148647,"(n,n')108Pd"
108Pd,1286.8,0.030342129344777757,"(n,n')108Pd"
108Pd,2391.5,0.02995036537258011,"(n,n')108Pd"
108Pd,548.67,0.028818635306351047,"(n,n')108Pd"
108Pd,1083.8,0.028513421768247033,"(n,n')108Pd"
108Pd,204.76,0.027758579683506535,"(n,n')108Pd"
108Pd,388.4,0.023732917857387483,"(n,n')108Pd"
108Pd,1234.25,0.021737781658994072,"(n,n')108Pd"
108Pd,654.65,0.02102981283473376,"(n,n')108Pd"
108Pd,966.78,0.020238748220744642,"(n,n')108Pd"
108Pd,1165.22,0.01834127216656487,"(n,n')108Pd"
108Pd,546.84,0.0165997352283996,"(n,n')108Pd"
108Pd,1058.65,0.015577640287572612,"(n,n')108Pd"
108Pd,1555.91,0.01246211317807769,"(n,n')108Pd"
108Pd,620.8,0.012304264733081181,"(n,n')108Pd"
108Pd,679.8,0.007036301222883759,"(n,n')108Pd"
108Pd,362.0,0.004815640982844291,"(n,n')108Pd"
108Pd,601.04,0.00438717182238249,"(n,n')108Pd"
108Pd,573.82,0.004231799393399847,"(n,n')108Pd"
108Pd,328.15,0.0035871364212031907,"(n,n')108Pd"
108Pd,699.82,0.0033916115483895457,"(n,n')108Pd"
108Pd,330.9,0.0018635407061723557,"(n,n')108Pd"
108Pd,514.82,0.0018598115444733497,"(n,n')108Pd"
108Pd,389.9,0.0013275697442487564,"(n,n')108Pd"
108Pd,475.04,0.0005417977779141146,"(n,n')108Pd"
109Ag,415.21,42.9225029962307,"(n,n')109Ag"
109Ag,311.38,33.77054259052256,"(n,n')109Ag"
109Ag,103.83,4.689812053316666,"(n,n')109Ag"
109Ag,496.89,1.1354442384,"(n,n')109Ag"
109Ag,600.72,0.2831517616,"(n,n')109Ag"
109Ag,88.03,0.00019987728837652638,"(n,n')109Ag"
109Ag,44.71,6.79265214683534e-05,"(n,n')109Ag"
109Ag,675.39,5.353916000000001e-05,"(n,n')109Ag"
109Ag,420.0,5.2339699999999996e-05,"(n,n')109Ag"
109Ag,890.0,5.1525360000000004e-05,"(n,n')109Ag"
109Ag,911.0,5.1486940000000006e-05,"(n,n')109Ag"
109Ag,870.0,4.5502860000000005e-05,"(n,n')109Ag"
109Ag,789.0,4.482742e-05,"(n,n')109Ag"
109Ag,647.26,3.2862646674e-05,"(n,n')109Ag"
109Ag,707.0,3.0849367892e-05,"(n,n')109Ag"
109Ag,781.44,2.9193172207538e-05,"(n,n')109Ag"
109Ag,701.91,2.539715256e-05,"(n,n')109Ag"
109Ag,447.55,2.3998920532e-05,"(n,n')109Ag"
109Ag,706.0,1.819924e-05,"(n,n')109Ag"
109Ag,551.38,1.7699943476000005e-05,"(n,n')109Ag"
109Ag,636.32,1.7031468026635e-05,"(n,n')109Ag"
109Ag,412.97,1.1264296294766197e-05,"(n,n')109Ag"
109Ag,602.55,1.075366017e-05,"(n,n')109Ag"
109Ag,390.53,7.684266672e-06,"(n,n')109Ag"
109Ag,309.14,7.616829535999998e-06,"(n,n')109Ag"
109Ag,558.09,6.3368156415320006e-06,"(n,n')109Ag"
109Ag,736.73,4.3780812983534e-06,"(n,n')109Ag"
109Ag,862.76,3.8139759919999996e-06,"(n,n')109Ag"
109Ag,395.62,3.4200921080000003e-06,"(n,n')109Ag"
109Ag,145.12,3.3495228727953998e-06,"(n,n')109Ag"
109Ag,454.26,1.4578697683996002e-06,"(n,n')109Ag"
109Ag,423.91,1.284153156e-06,"(n,n')109Ag"
109Ag,286.7,1.1927407679999997e-06,"(n,n')109Ag"
10B,718.35,32.91582524611423,"(n,n')10B"
10B,2868.75,7.204767740543031,"(n,n')10B"
10B,1021.8,6.63504151096036,"(n,n')10B"
10B,414.15,5.473427507509043,"(n,n')10B"
10B,3009.6,5.134048543420912,"(n,n')10B"
10B,1435.95,2.895824528178786,"(n,n')10B"
10B,2154.3,2.2381650384421445,"(n,n')10B"
10B,3587.1,2.043143543242789,"(n,n')10B"
10B,4445.55,1.7751038486677548,"(n,n')10B"
10B,1432.8,1.505473821488155,"(n,n')10B"
10B,1576.8,0.610220403810771,"(n,n')10B"
10B,5163.9,0.3488275001535463,"(n,n')10B"
10B,6025.0,0.11893513729743009,"(n,n')10B"
10B,3423.75,0.05555737935125719,"(n,n')10B"
10B,4055.65,0.009474921869349036,"(n,n')10B"
10B,4774.0,4.9671938119682034e-05,"(n,n')10B"
110Pd,373.81,192.96515173434986,"(n,n')110Pd"
110Pd,439.81,18.583096378151275,"(n,n')110Pd"
110Pd,1663.87,14.9531329144287,"(n,n')110Pd"
110Pd,546.84,6.685557470860393,"(n,n')110Pd"
110Pd,572.9,3.719558575331086,"(n,n')110Pd"
110Pd,813.62,3.7166278413438234,"(n,n')110Pd"
110Pd,1224.06,2.9906338751350456,"(n,n')110Pd"
110Pd,905.45,0.5779021256483812,"(n,n')110Pd"
110Pd,1462.38,0.5756789231587751,"(n,n')110Pd"
110Pd,1515.87,0.5439147760501584,"(n,n')110Pd"
110Pd,653.28,0.42696097730389804,"(n,n')110Pd"
110Pd,584.61,0.4114611770113571,"(n,n')110Pd"
110Pd,1379.38,0.3520542152734093,"(n,n')110Pd"
110Pd,693.97,0.33962696504832973,"(n,n')110Pd"
110Pd,1267.19,0.3092163008277365,"(n,n')110Pd"
110Pd,935.19,0.29569501971099965,"(n,n')110Pd"
110Pd,796.86,0.2718818549386214,"(n,n')110Pd"
110Pd,477.58,0.25510587872364987,"(n,n')110Pd"
110Pd,1096.26,0.2418626110727356,"(n,n')110Pd"
110Pd,1819.19,0.20771183865570378,"(n,n')110Pd"
110Pd,398.59,0.18806756523033888,"(n,n')110Pd"
110Pd,656.45,0.17172251528825105,"(n,n')110Pd"
110Pd,1345.26,0.16181259518154673,"(n,n')110Pd"
110Pd,2125.3,0.147369401081192,"(n,n')110Pd"
110Pd,464.39,0.13212843028621404,"(n,n')110Pd"
110Pd,357.05,0.12995947412732492,"(n,n')110Pd"
110Pd,1355.35,0.12089281112179463,"(n,n')110Pd"
110Pd,929.49,0.11185535435625817,"(n,n')110Pd"
110Pd,838.4,0.10907920018322477,"(n,n')110Pd"
110Pd,1560.65,0.10305998117837106,"(n,n')110Pd"
110Pd,1221.05,0.10066974893711579,"(n,n')110Pd"
110Pd,1013.81,0.08852576369003372,"(n,n')110Pd"
110Pd,722.25,0.08059844676261266,"(n,n')110Pd"
110Pd,1120.84,0.08059844676261266,"(n,n')110Pd"
110Pd,1470.07,0.07497766942487227,"(n,n')110Pd"
110Pd,1214.41,0.07237285432648065,"(n,n')110Pd"
110Pd,97.32,0.06076328664795761,"(n,n')110Pd"
110Pd,1526.33,0.05430799801134585,"(n,n')110Pd"
110Pd,687.93,0.05104958119171153,"(n,n')110Pd"
110Pd,840.6,0.045594881384959464,"(n,n')110Pd"
110Pd,299.4,0.041116868701217946,"(n,n')110Pd"
110Pd,827.38,0.03669251197241602,"(n,n')110Pd"
110Pd,720.35,0.035373826390109706,"(n,n')110Pd"
110Pd,1076.06,0.027739883418792338,"(n,n')110Pd"
110Pd,1766.69,0.026902431999999997,"(n,n')110Pd"
110Pd,979.49,0.024981659816566023,"(n,n')110Pd"
110Pd,388.35,0.024211126504090554,"(n,n')110Pd"
110Pd,729.47,0.02226619860664804,"(n,n')110Pd"
110Pd,1751.49,0.022105456141454007,"(n,n')110Pd"
110Pd,400.79,0.02026448056349545,"(n,n')110Pd"
110Pd,291.56,0.019559122174013992,"(n,n')110Pd"
110Pd,942.97,0.018492864603091946,"(n,n')110Pd"
110Pd,267.7,0.017369510727993823,"(n,n')110Pd"
110Pd,495.38,0.012332071055743622,"(n,n')110Pd"
110Pd,428.79,0.007461002200390016,"(n,n')110Pd"
110Pd,332.0,0.003463221247646191,"(n,n')110Pd"
110Pd,426.59,0.0013367927068671994,"(n,n')110Pd"
110Pd,96.79,0.00037485833032670354,"(n,n')110Pd"
111Ag,391.28,55.068918744,"(n,n')111Ag"
111Ag,289.71,41.375592064555654,"(n,n')111Ag"
111Ag,101.57,2.758361256,"(n,n')111Ag"
111Ag,59.82,0.0002929609730026248,"(n,n')111Ag"
111Ag,70.46,9.2544981285e-05,"(n,n')111Ag"
111Ag,623.23,4.5197205417e-05,"(n,n')111Ag"
111Ag,376.71,4.0038727999338396e-05,"(n,n')111Ag"
111Ag,508.85,3.7826459226e-05,"(n,n')111Ag"
111Ag,508.98,3.1756276916e-05,"(n,n')111Ag"
111Ag,547.05,3.0207722664999992e-05,"(n,n')111Ag"
111Ag,415.44,2.6846673504e-05,"(n,n')111Ag"
111Ag,641.93,2.1185500275000003e-05,"(n,n')111Ag"
111Ag,404.86,1.7349839654999998e-05,"(n,n')111Ag"
111Ag,169.01,1.0999870336e-05,"(n,n')111Ag"
111Ag,485.9,8.13953616e-06,"(n,n')111Ag"
111Ag,438.52,7.968863084e-06,"(n,n')111Ag"
111Ag,352.22,7.710623775000002e-06,"(n,n')111Ag"
111Ag,476.59,6.0851801139999994e-06,"(n,n')111Ag"
111Ag,552.77,2.625464583e-06,"(n,n')111Ag"
111Ag,230.16,2.165911566e-06,"(n,n')111Ag"
111Ag,278.96,1.8988707740000002e-06,"(n,n')111Ag"
111Ag,202.01,1.2098956549999999e-06,"(n,n')111Ag"
111Ag,87.0,1.1490693119999998e-06,"(n,n')111Ag"
111Ag,250.65,1.04804595e-06,"(n,n')111Ag"
111Cd,245.4,4.20624979011244e-06,"(n,n')111Cd"
111Cd,171.2,1.4800108809871278e-06,"(n,n')111Cd"
111Cd,150.6,1.4320181093011638e-06,"(n,n')111Cd"
113Sn,77.39,22.83043506316623,"(n,n')113Sn"
113Sn,332.38,16.01141602342624,"(n,n')113Sn"
113Sn,1283.18,10.91347225896251,"(n,n')113Sn"
113Sn,838.53,10.62486,"(n,n')113Sn"
113Sn,1314.04,8.587565568923399,"(n,n')113Sn"
113Sn,498.01,6.016417194587996,"(n,n')113Sn"
113Sn,1472.8,3.7084053008300004,"(n,n')113Sn"
113Sn,1042.0,2.9538050000000005,"(n,n')113Sn"
113Sn,940.7,2.0713361940516,"(n,n')113Sn"
113Sn,935.83,1.6913256900847307,"(n,n')113Sn"
113Sn,1138.29,1.613815312,"(n,n')113Sn"
113Sn,816.03,1.5740313650766002,"(n,n')113Sn"
113Sn,1556.37,1.4360904330000002,"(n,n')113Sn"
113Sn,1205.79,1.40809767111783,"(n,n')113Sn"
113Sn,1241.98,1.1411092485,"(n,n')113Sn"
113Sn,785.17,0.984246048902564,"(n,n')113Sn"
113Sn,873.41,0.9173969675464649,"(n,n')113Sn"
113Sn,1013.22,0.897395678169765,"(n,n')113Sn"
113Sn,583.72,0.8122587991700001,"(n,n')113Sn"
113Sn,1146.6,0.618210711,"(n,n')113Sn"
113Sn,1236.41,0.6159299319999998,"(n,n')113Sn"
113Sn,1574.36,0.5699557515000001,"(n,n')113Sn"
113Sn,1245.93,0.53463211,"(n,n')113Sn"
113Sn,1646.18,0.46761819199999993,"(n,n')113Sn"
113Sn,1410.89,0.42706821387999994,"(n,n')113Sn"
113Sn,661.01,0.42126493679608007,"(n,n')113Sn"
113Sn,1197.9,0.42009260000000004,"(n,n')113Sn"
113Sn,1334.17,0.41691145300000004,"(n,n')113Sn"
113Sn,1148.17,0.4128300903999999,"(n,n')113Sn"
113Sn,1499.13,0.38857008611999994,"(n,n')113Sn"
113Sn,1018.09,0.3789468461388,"(n,n')113Sn"
113Sn,88.24,0.36746365925659824,"(n,n')113Sn"
113Sn,608.32,0.3177728118096,"(n,n')113Sn"
113Sn,1666.55,0.23493335000000004,"(n,n')113Sn"
113Sn,1547.25,0.2291964038,"(n,n')113Sn"
113Sn,1957.02,0.22912352736000002,"(n,n')113Sn"
113Sn,1459.01,0.19487160056000002,"(n,n')113Sn"
113Sn,1636.3,0.193368688,"(n,n')113Sn"
113Sn,1478.98,0.16520087100000003,"(n,n')113Sn"
113Sn,1568.79,0.1601766792,"(n,n')113Sn"
113Sn,1303.0,0.14203935446,"(n,n')113Sn"
113Sn,409.77,0.1388925957824507,"(n,n')113Sn"
113Sn,1356.3,0.1049238,"(n,n')113Sn"
113Sn,394.1,0.09256330083,"(n,n')113Sn"
113Sn,343.18,0.08828910639999998,"(n,n')113Sn"
113Sn,538.28,0.081000129,"(n,n')113Sn"
113Sn,1879.63,0.07557286828000001,"(n,n')113Sn"
113Sn,1058.36,0.07484510400000001,"(n,n')113Sn"
113Sn,253.37,0.053671818,"(n,n')113Sn"
113Sn,1743.94,0.051304364000000005,"(n,n')113Sn"
113Sn,242.33,0.032990934,"(n,n')113Sn"
113Sn,725.85,0.032128723000000005,"(n,n')113Sn"
113Sn,420.62,0.017924741365493657,"(n,n')113Sn"
113Sn,603.45,0.0109184544,"(n,n')113Sn"
113Sn,1129.23,0.009220469,"(n,n')113Sn"
113Sn,1140.0,0.006453041,"(n,n')113Sn"
113Sn,802.5,0.0002117216,"(n,n')113Sn"
113Sn,1043.6,0.00021030820608000002,"(n,n')113Sn"
113Sn,1208.2,0.0002068554,"(n,n')113Sn"
113Sn,1214.6,0.00017897584000000003,"(n,n')113Sn"
113Sn,1169.3,0.00014341715,"(n,n')113Sn"
113Sn,1233.89,0.000112191539256,"(n,n')113Sn"
113Sn,1821.0,7.700851000000001e-05,"(n,n')113Sn"
113Sn,1831.0,7.698008999999999e-05,"(n,n')113Sn"
113Sn,1654.51,1.4577058458e-05,"(n,n')113Sn"
113Sn,1704.61,1.0510993920000001e-05,"(n,n')113Sn"
113Sn,718.68,7.855648217999998e-06,"(n,n')113Sn"
113Sn,448.72,5.4051340680000005e-06,"(n,n')113Sn"
115Cd,507.3,11.476239000000001,"(n,n')115Cd"
115Cd,229.1,9.863494248582322,"(n,n')115Cd"
115Cd,472.7,8.273146562901887,"(n,n')115Cd"
115Cd,131.4,6.673375255767211,"(n,n')115Cd"
115Cd,388.9,3.0461678928,"(n,n')115Cd"
115Cd,243.6,0.8543319928151111,"(n,n')115Cd"
115Cd,360.5,0.62950833295936,"(n,n')115Cd"
115Cd,276.7,0.4648601072,"(n,n')115Cd"
115Cd,181.0,0.11902728319300002,"(n,n')115Cd"
115Cd,212.9,0.10075634056100001,"(n,n')115Cd"
115Cd,326.0,0.05153787056100001,"(n,n')115Cd"
115Cd,236.2,0.018270942632000003,"(n,n')115Cd"
115Cd,302.7,0.018258110922,"(n,n')115Cd"
115Cd,389.0,0.004967383999999999,"(n,n')115Cd"
115Cd,247.2,0.004605448517000001,"(n,n')115Cd"
115Cd,113.3,2.950237e-06,"(n,n')115Cd"
115Cd,649.1,2.7972135540000003e-06,"(n,n')115Cd"
11B,4444.89,75.9896706729846,"(n,n')11B"
11B,2124.69,47.6747622607219,"(n,n')11B"
11B,7285.51,25.309463915121196,"(n,n')11B"
11B,5020.31,23.46827644379736,"(n,n')11B"
11B,6742.9,20.159615890587194,"(n,n')11B"
11B,8920.2,20.082734425656074,"(n,n')11B"
11B,8560.3,9.598503877965006,"(n,n')11B"
11B,5853.15,8.801750050664554,"(n,n')11B"
11B,2298.01,8.639835569306928,"(n,n')11B"
11B,7977.84,7.619425608548724,"(n,n')11B"
11B,6791.8,5.750355896871202,"(n,n')11B"
11B,6435.61,5.14205559390602,"(n,n')11B"
11B,2895.62,3.9479340383739276,"(n,n')11B"
11B,4667.11,2.4279279540800474,"(n,n')11B"
11B,4740.11,2.2027427726920874,"(n,n')11B"
11B,2265.2,2.1818504083199413,"(n,n')11B"
11B,2840.62,1.6000235985433693,"(n,n')11B"
11B,3539.99,1.5426168321824532,"(n,n')11B"
11B,4475.31,0.9463069523638069,"(n,n')11B"
11B,4115.41,0.8570092656510039,"(n,n')11B"
11B,1771.49,0.34076184423526346,"(n,n')11B"
11B,2442.1,0.31793368370879915,"(n,n')11B"
11B,9185.0,0.022906458406504827,"(n,n')11B"
123Xe,97.3,501.0557177370254,"(n,n')123Xe"
123Xe,83.29,459.367812030489,"(n,n')123Xe"
123Xe,4.59,323.78278673418924,"(n,n')123Xe"
123Xe,21.06,270.065219038075,"(n,n')123Xe"
123Xe,56.9,182.2447759976907,"(n,n')123Xe"
123Xe,306.99,124.93016498734661,"(n,n')123Xe"
123Xe,455.83,60.996347913350014,"(n,n')123Xe"
123Xe,261.82,59.11390857555,"(n,n')123Xe"
123Xe,71.31,51.61037222970265,"(n,n')123Xe"
123Xe,398.89,34.742117802837036,"(n,n')123Xe"
123Xe,266.47,19.056383273264185,"(n,n')123Xe"
123Xe,180.59,17.626864893804612,"(n,n')123Xe"
123Xe,455.79,17.11626599116297,"(n,n')123Xe"
123Xe,442.41,16.2042775993,"(n,n')123Xe"
123Xe,286.39,13.053718034779804,"(n,n')123Xe"
123Xe,361.3,10.879199411577638,"(n,n')123Xe"
123Xe,209.69,7.721804887999999,"(n,n')123Xe"
123Xe,437.44,7.2159333479539916,"(n,n')123Xe"
123Xe,340.14,7.203294792617797,"(n,n')123Xe"
123Xe,345.11,6.653654718745001,"(n,n')123Xe"
123Xe,77.96,5.9355833388,"(n,n')123Xe"
123Xe,693.75,5.892712373605001,"(n,n')123Xe"
123Xe,333.19,5.009005097867541,"(n,n')123Xe"
123Xe,516.81,4.814835241491394,"(n,n')123Xe"
123Xe,255.23,4.562465708684981,"(n,n')123Xe"
123Xe,337.78,4.497972683511207,"(n,n')123Xe"
123Xe,312.13,3.9833765359030666,"(n,n')123Xe"
123Xe,433.52,3.1310618171562994,"(n,n')123Xe"
123Xe,215.08,2.583577766140554,"(n,n')123Xe"
123Xe,130.45,1.9769704311632126,"(n,n')123Xe"
123Xe,213.01,1.782816597638777,"(n,n')123Xe"
123Xe,611.09,1.630903722485396,"(n,n')123Xe"
123Xe,362.21,1.5942298836073079,"(n,n')123Xe"
123Xe,550.79,1.5284055817969435,"(n,n')123Xe"
123Xe,66.72,1.524383758005,"(n,n')123Xe"
123Xe,382.36,1.296627454834837,"(n,n')123Xe"
123Xe,596.65,1.221211432823508,"(n,n')123Xe"
123Xe,405.04,1.1469001328319723,"(n,n')123Xe"
123Xe,479.48,1.0569264634675362,"(n,n')123Xe"
123Xe,333.73,0.9022414131766037,"(n,n')123Xe"
123Xe,264.4,0.865390420620053,"(n,n')123Xe"
123Xe,488.33,0.8368686815926308,"(n,n')123Xe"
123Xe,513.79,0.8047130023468141,"(n,n')123Xe"
123Xe,304.4,0.671490499275,"(n,n')123Xe"
123Xe,424.39,0.6140524152150001,"(n,n')123Xe"
123Xe,304.1,0.365578074468,"(n,n')123Xe"
123Xe,278.64,0.267878267361,"(n,n')123Xe"
123Xe,293.94,0.24886040200649998,"(n,n')123Xe"
123Xe,468.24,0.23282850242250003,"(n,n')123Xe"
123Xe,499.35,0.17220645453,"(n,n')123Xe"
123Xe,430.5,0.12962676152850003,"(n,n')123Xe"
124Xe,354.14,894.9852903404003,"(n,n')124Xe"
124Xe,524.89,444.94097712333974,"(n,n')124Xe"
124Xe,669.75,229.58498893744996,"(n,n')124Xe"
124Xe,492.47,143.69710747737633,"(n,n')124Xe"
124Xe,591.44,97.71998293717866,"(n,n')124Xe"
124Xe,782.86,88.40894650179999,"(n,n')124Xe"
124Xe,2382.09,67.402123196725,"(n,n')124Xe"
124Xe,942.96,62.401885748249995,"(n,n')124Xe"
124Xe,846.61,47.03039052681463,"(n,n')124Xe"
124Xe,559.02,42.09669074798982,"(n,n')124Xe"
124Xe,893.9,41.02617444633324,"(n,n')124Xe"
124Xe,589.29,29.348997177116935,"(n,n')124Xe"
124Xe,401.43,26.744447552944997,"(n,n')124Xe"
124Xe,1689.37,24.537636653135,"(n,n')124Xe"
124Xe,595.39,18.712862806525,"(n,n')124Xe"
124Xe,706.12,17.151293070425,"(n,n')124Xe"
124Xe,958.3,11.651667101814585,"(n,n')124Xe"
124Xe,399.28,8.109632426535976,"(n,n')124Xe"
124Xe,1347.55,6.3471360994775,"(n,n')124Xe"
124Xe,1131.98,6.1929813825882984,"(n,n')124Xe"
124Xe,1628.69,5.994780491327499,"(n,n')124Xe"
124Xe,1978.59,4.1483455586800995,"(n,n')124Xe"
124Xe,1851.33,4.035528311024999,"(n,n')124Xe"
124Xe,2165.48,3.4075845616,"(n,n')124Xe"
124Xe,369.01,3.370751386426186,"(n,n')124Xe"
124Xe,1099.56,3.0964946971716496,"(n,n')124Xe"
124Xe,1274.55,3.05655214976,"(n,n')124Xe"
124Xe,1624.45,2.9717812282699496,"(n,n')124Xe"
124Xe,914.81,2.656717236482688,"(n,n')124Xe"
124Xe,1358.86,1.8594666580649999,"(n,n')124Xe"
124Xe,2181.84,1.742111190545,"(n,n')124Xe"
124Xe,782.08,1.3316596072900002,"(n,n')124Xe"
124Xe,749.66,1.30320326603,"(n,n')124Xe"
124Xe,1335.88,1.124050000915392,"(n,n')124Xe"
124Xe,359.74,0.8479886370879999,"(n,n')124Xe"
124Xe,1326.44,0.5781352025012501,"(n,n')124Xe"
124Xe,2019.58,0.5603698333399726,"(n,n')124Xe"
124Xe,1271.58,0.45749330951975004,"(n,n')124Xe"
124Xe,2519.62,0.45663067346399994,"(n,n')124Xe"
124Xe,1640.59,0.31693388504700004,"(n,n')124Xe"
124Xe,422.34,0.29422307306002216,"(n,n')124Xe"
124Xe,843.41,0.17703946081285798,"(n,n')124Xe"
124Xe,1673.01,0.12606928106499998,"(n,n')124Xe"
124Xe,745.03,0.0360860305579,"(n,n')124Xe"
124Xe,1527.11,0.035907715597450006,"(n,n')124Xe"
125Sn,27.5,0.00122018859,"(n,n')125Sn"
125Sn,617.89,0.00034902839999999995,"(n,n')125Sn"
125Sn,827.19,0.0002981712,"(n,n')125Sn"
125Sn,936.5,0.0002975915999999999,"(n,n')125Sn"
125Sn,1031.76,0.0002951676,"(n,n')125Sn"
125Sn,187.63,0.000219532727824,"(n,n')125Sn"
125Sn,902.89,0.000143130667176,"(n,n')125Sn"
125Sn,856.87,9.100778499999999e-05,"(n,n')125Sn"
125Sn,1044.5,9.100778499999999e-05,"(n,n')125Sn"
125Sn,715.26,4.0088312824e-05,"(n,n')125Sn"
126Sb,17.7,0.00020309496000000003,"(n,n')126Sb"
126Sb,22.7,0.00010903235677724801,"(n,n')126Sb"
126Sb,42.6,4.09627624e-05,"(n,n')126Sb"
126Sb,86.9,3.1864963222752e-05,"(n,n')126Sb"
126Sb,64.2,1.5412278946728e-05,"(n,n')126Sb"
126Sb,87.5,1.3415138760000002e-05,"(n,n')126Sb"
126Sb,23.3,1.296146124e-05,"(n,n')126Sb"
126Sb,21.6,2.7768324e-06,"(n,n')126Sb"
127I,57.61,29.704726262841792,"(n,n')127I"
127I,744.72,23.324594823868882,"(n,n')127I"
127I,628.6,21.401086350419632,"(n,n')127I"
127I,202.86,13.263210805711266,"(n,n')127I"
127I,827.58,11.850807274029393,"(n,n')127I"
127I,687.11,6.764125386325514,"(n,n')127I"
127I,593.39,5.122393042858646,"(n,n')127I"
127I,172.13,3.391964856551819,"(n,n')127I"
127I,672.42,2.3145507685449,"(n,n')127I"
127I,472.42,2.3145507685449,"(n,n')127I"
127I,872.42,2.3145507685449,"(n,n')127I"
127I,1500.0,2.3145507685449,"(n,n')127I"
127I,1072.42,2.3145507685449,"(n,n')127I"
127I,1272.42,2.3145507685449,"(n,n')127I"
127I,1900.0,2.3145507685449,"(n,n')127I"
127I,2100.0,2.3145507685449,"(n,n')127I"
127I,1300.0,2.3145507685449,"(n,n')127I"
127I,1700.0,2.3145507685449,"(n,n')127I"
127I,374.99,2.272620383478915,"(n,n')127I"
127I,1094.35,2.056213521780791,"(n,n')127I"
127I,417.93,2.0392518746463995,"(n,n')127I"
127I,1044.0,1.2201191907769158,"(n,n')127I"
127I,145.25,0.8329266677732357,"(n,n')127I"
127I,415.39,0.7761892579935512,"(n,n')127I"
127I,919.86,0.6569674097850113,"(n,n')127I"
127I,651.0,0.6402983956035312,"(n,n')127I"
127I,986.39,0.5856562575631017,"(n,n')127I"
127I,618.4,0.4355375886382274,"(n,n')127I"
127I,1122.72,0.407319716623442,"(n,n')127I"
127I,1036.74,0.3701172939565412,"(n,n')127I"
127I,573.0,0.32923265932586626,"(n,n')127I"
127I,465.75,0.3289940598518356,"(n,n')127I"
127I,658.9,0.2868066944263327,"(n,n')127I"
127I,360.32,0.2773388749063114,"(n,n')127I"
127I,473.0,0.25639089441358304,"(n,n')127I"
127I,990.93,0.1481546224510956,"(n,n')127I"
127I,615.94,0.14156963664454025,"(n,n')127I"
127I,825.39,0.1271247588660521,"(n,n')127I"
127I,883.0,0.12135421145122682,"(n,n')127I"
127I,841.14,0.09760938490191022,"(n,n')127I"
127I,788.07,0.09218525746446973,"(n,n')127I"
127I,215.07,0.07973535590872563,"(n,n')127I"
127I,933.32,0.032923414423675024,"(n,n')127I"
127I,560.79,0.020034702443366293,"(n,n')127I"
127I,410.0,0.01558134047573852,"(n,n')127I"
127I,465.07,0.0049187017065703284,"(n,n')127I"
127I,254.4,0.003722290567799061,"(n,n')127I"
127I,232.0,0.002823041688372494,"(n,n')127I"
127I,166.49,0.001043394426332719,"(n,n')127I"
127I,138.28,0.0005976512619135097,"(n,n')127I"
127I,55.42,3.853130489395823e-05,"(n,n')127I"
130I,39.95,9.988728e-05,"(n,n')130I"
130I,69.59,5.314435e-05,"(n,n')130I"
130I,44.33,4.7228779999999996e-05,"(n,n')130I"
130I,48.83,4.721843e-05,"(n,n')130I"
130I,3.99,3.948454e-05,"(n,n')130I"
130I,3.3,3.0198950000000003e-05,"(n,n')130I"
130I,62.2,3.0171260000000004e-05,"(n,n')130I"
131Xe,364.49,35.31264269991357,"(n,n')131Xe"
131Xe,636.99,21.272029048179398,"(n,n')131Xe"
131Xe,80.19,2.726469050990723,"(n,n')131Xe"
131Xe,284.3,2.723377866946132,"(n,n')131Xe"
131Xe,606.73,0.82730857356,"(n,n')131Xe"
131Xe,272.5,0.180326010702096,"(n,n')131Xe"
131Xe,334.23,0.04750222644,"(n,n')131Xe"
131Xe,232.18,0.010733691113220001,"(n,n')131Xe"
131Xe,404.81,0.007709191141234508,"(n,n')131Xe"
131Xe,163.93,0.004493159504933796,"(n,n')131Xe"
131Xe,177.21,0.004392584947679482,"(n,n')131Xe"
131Xe,295.85,0.004293476445288001,"(n,n')131Xe"
131Xe,324.62,0.0030513811241171924,"(n,n')131Xe"
131Xe,611.15,3.6782099702e-05,"(n,n')131Xe"
131Xe,642.0,3.302562e-05,"(n,n')131Xe"
131Xe,722.91,2.9458686712454006e-05,"(n,n')131Xe"
131Xe,503.0,2.4072237254313803e-05,"(n,n')131Xe"
131Xe,973.11,2.1167684172e-05,"(n,n')131Xe"
131Xe,608.62,1.9144035828e-05,"(n,n')131Xe"
131Xe,325.79,1.8741062689481e-05,"(n,n')131Xe"
131Xe,833.65,1.3840961022e-05,"(n,n')131Xe"
131Xe,565.19,1.2442965267799999e-05,"(n,n')131Xe"
131Xe,699.9,1.1572004864e-05,"(n,n')131Xe"
131Xe,549.35,1.1133880157999999e-05,"(n,n')131Xe"
131Xe,335.41,7.003304e-06,"(n,n')131Xe"
131Xe,619.71,5.330151008e-06,"(n,n')131Xe"
131Xe,642.72,3.625099277830001e-06,"(n,n')131Xe"
131Xe,285.36,2.943680298e-06,"(n,n')131Xe"
131Xe,295.09,1.5611001279999998e-06,"(n,n')131Xe"
131Xe,318.1,1.3286242671418002e-06,"(n,n')131Xe"
131Xe,485.0,1.0864087322e-06,"(n,n')131Xe"
132Te,973.9,54.02312966301,"(n,n')132Te"
132Te,696.79,0.2839460898246,"(n,n')132Te"
132Te,1133.6,0.05561449551,"(n,n')132Te"
132Te,609.92,0.046011365265,"(n,n')132Te"
132Te,436.81,0.028117054489999998,"(n,n')132Te"
132Te,1306.71,0.022982690745000003,"(n,n')132Te"
132Te,2280.61,0.02297349399,"(n,n')132Te"
132Te,103.41,0.016554625182800004,"(n,n')132Te"
132Te,150.64,0.0070632371828000026,"(n,n')132Te"
132Te,382.28,0.006913083817200001,"(n,n')132Te"
132Te,635.63,0.004656668000000001,"(n,n')132Te"
132Te,816.62,0.004043061069600001,"(n,n')132Te"
132Te,496.68,0.003030361182800001,"(n,n')132Te"
132Te,368.45,0.0016555228172000004,"(n,n')132Te"
132Te,1513.41,0.0007263869304000001,"(n,n')132Te"
133Ba,12.32,61.45358296483209,"(n,n')133Ba"
133Ba,278.85,34.4859473122002,"(n,n')133Ba"
133Ba,291.17,5.985765621728012,"(n,n')133Ba"
133Ba,565.23,0.7478942582071482,"(n,n')133Ba"
133Ba,286.38,0.043863299019999996,"(n,n')133Ba"
133Ba,275.93,0.00019433050999999999,"(n,n')133Ba"
133Ba,592.17,7.642834999999999e-05,"(n,n')133Ba"
133Ba,613.75,6.550699e-05,"(n,n')133Ba"
133Ba,794.0,6.32821e-05,"(n,n')133Ba"
133Ba,302.37,5.934375504276482e-05,"(n,n')133Ba"
133Ba,680.55,5.3351929999999995e-05,"(n,n')133Ba"
133Ba,618.24,5.236055517505339e-05,"(n,n')133Ba"
133Ba,290.05,4.9282744298045736e-05,"(n,n')133Ba"
133Ba,527.47,4.272491232e-05,"(n,n')133Ba"
133Ba,595.94,3.671185578e-05,"(n,n')133Ba"
133Ba,1009.26,3.328828888e-05,"(n,n')133Ba"
133Ba,632.77,2.7694481744999997e-05,"(n,n')133Ba"
133Ba,571.59,2.739287019624e-05,"(n,n')133Ba"
133Ba,850.44,2.639398403763e-05,"(n,n')133Ba"
133Ba,664.16,2.4705204511608e-05,"(n,n')133Ba"
133Ba,385.31,2.0598606771852003e-05,"(n,n')133Ba"
133Ba,560.39,1.9131995766130004e-05,"(n,n')133Ba"
133Ba,846.18,1.8206496131999997e-05,"(n,n')133Ba"
133Ba,481.79,1.6813662320000002e-05,"(n,n')133Ba"
133Ba,584.74,1.6160785998e-05,"(n,n')133Ba"
133Ba,621.57,1.5262338945e-05,"(n,n')133Ba"
133Ba,858.5,1.4931403255999998e-05,"(n,n')133Ba"
133Ba,630.56,8.578352523999998e-06,"(n,n')133Ba"
133Ba,567.33,8.239642883999999e-06,"(n,n')133Ba"
133Ba,345.1,7.213927560000001e-06,"(n,n')133Ba"
133Ba,676.48,6.218281800000001e-06,"(n,n')133Ba"
133Ba,556.13,5.493095256e-06,"(n,n')133Ba"
133Ba,874.79,3.7973431579999997e-06,"(n,n')133Ba"
133Ba,911.62,2.745431535e-06,"(n,n')133Ba"
133Ba,339.39,2.5900515409999994e-06,"(n,n')133Ba"
133Ba,1021.58,2.5616035200000007e-06,"(n,n')133Ba"
133Ba,256.55,2.232989166e-06,"(n,n')133Ba"
133Ba,887.11,2.005905522e-06,"(n,n')133Ba"
133Ba,374.11,1.9224459000000005e-06,"(n,n')133Ba"
133Ba,328.19,1.8836738479999996e-06,"(n,n')133Ba"
133Ba,719.21,1.8019122800000003e-06,"(n,n')133Ba"
133Ba,309.56,1.330962469e-06,"(n,n')133Ba"
133Ba,158.82,1.1050054400000003e-06,"(n,n')133Ba"
133Cs,81.0,19.708095919642908,"(n,n')133Cs"
133Cs,624.54,19.707926112,"(n,n')133Cs"
133Cs,632.56,7.19199,"(n,n')133Cs"
133Cs,705.54,5.519833887999999,"(n,n')133Cs"
133Cs,79.61,7.01797875810416e-05,"(n,n')133Cs"
133Cs,767.71,3.565334121e-05,"(n,n')133Cs"
133Cs,788.78,3.517976e-05,"(n,n')133Cs"
133Cs,871.82,2.9981035535999998e-05,"(n,n')133Cs"
133Cs,728.3,2.924504e-05,"(n,n')133Cs"
133Cs,860.6,2.1000168178000005e-05,"(n,n')133Cs"
133Cs,755.48,1.7704000056000003e-05,"(n,n')133Cs"
133Cs,819.06,1.7372195646e-05,"(n,n')133Cs"
133Cs,302.85,1.5532670116692462e-05,"(n,n')133Cs"
133Cs,916.09,1.5045313038000002e-05,"(n,n')133Cs"
133Cs,479.78,1.0641861306e-05,"(n,n')133Cs"
133Cs,658.45,1.062481641e-05,"(n,n')133Cs"
133Cs,559.39,1.0062971094e-05,"(n,n')133Cs"
133Cs,356.01,8.135812894399999e-06,"(n,n')133Cs"
133Cs,941.6,7.977571822000002e-06,"(n,n')133Cs"
133Cs,738.06,7.478167944e-06,"(n,n')133Cs"
133Cs,160.61,6.8109978447647995e-06,"(n,n')133Cs"
133Cs,383.85,6.770923460000001e-06,"(n,n')133Cs"
133Cs,835.09,5.838306906e-06,"(n,n')133Cs"
133Cs,711.21,5.407344463999999e-06,"(n,n')133Cs"
133Cs,607.1,3.21435879e-06,"(n,n')133Cs"
133Cs,53.16,1.9664498794000004e-06,"(n,n')133Cs"
136Ce,552.2,8.74592297827995,"(n,n')136Ce"
136Ce,761.95,3.7531507499999996,"(n,n')136Ce"
136Ce,539.89,1.3594744287799498,"(n,n')136Ce"
136Ce,460.91,1.0964942004999998,"(n,n')136Ce"
136Ce,524.1,1.081663,"(n,n')136Ce"
136Ce,1000.8,0.7132007994999999,"(n,n')136Ce"
136Ce,664.35,0.51233375,"(n,n')136Ce"
136Ce,1092.09,0.47790147172004993,"(n,n')136Ce"
138Ce,788.74,90.60027262138514,"(n,n')138Ce"
138Ce,1510.58,2.235108270003429,"(n,n')138Ce"
138Ce,721.84,1.9956474937736461,"(n,n')138Ce"
138Ce,1037.74,0.3381940466382256,"(n,n')138Ce"
138Ce,176.5,0.13118199999999997,"(n,n')138Ce"
138Ce,1348.08,0.12651900964177437,"(n,n')138Ce"
138Ce,390.85,0.10371994844277992,"(n,n')138Ce"
138Ce,933.1,0.08175490000000002,"(n,n')138Ce"
138Ce,302.69,0.024941428248188863,"(n,n')138Ce"
138Ce,88.16,0.024694599990367903,"(n,n')138Ce"
138Ce,80.51,0.003009613303775545,"(n,n')138Ce"
138Ce,569.6,0.00017849724999999999,"(n,n')138Ce"
138Ce,1388.52,0.00013897327292499998,"(n,n')138Ce"
138Ce,164.53,9.518608782096001e-05,"(n,n')138Ce"
138Ce,1447.8,6.100916858699999e-05,"(n,n')138Ce"
138Ce,76.37,4.6057196923392004e-05,"(n,n')138Ce"
138Ce,666.68,4.1863777075e-05,"(n,n')138Ce"
138Ce,2236.54,3.7186821412999996e-05,"(n,n')138Ce"
138Ce,688.19,3.6569769999999995e-05,"(n,n')138Ce"
138Ce,1551.11,3.551912e-05,"(n,n')138Ce"
138Ce,467.22,2.6872697256800006e-05,"(n,n')138Ce"
138Ce,156.88,1.1496337998848002e-05,"(n,n')138Ce"
139Ce,1320.25,24.710395915000003,"(n,n')139Ce"
139Ce,255.1,7.9066854059499985,"(n,n')139Ce"
139Ce,1596.59,6.6026177184999995,"(n,n')139Ce"
139Ce,1630.68,4.6566450684000005,"(n,n')139Ce"
139Ce,1563.39,4.0269995,"(n,n')139Ce"
139Ce,1375.58,2.0891829315999995,"(n,n')139Ce"
139Ce,754.24,1.6019613910700001,"(n,n')139Ce"
139Ce,1088.66,1.0189666,"(n,n')139Ce"
139Ce,1341.49,0.9260227814999998,"(n,n')139Ce"
139Ce,1065.15,0.864429085,"(n,n')139Ce"
139Ce,824.01,0.5828433500000001,"(n,n')139Ce"
139Ce,1347.34,0.032184505,"(n,n')139Ce"
139Ce,1790.0,4.857367e-05,"(n,n')139Ce"
139Ce,1889.0,4.840113e-05,"(n,n')139Ce"
140La,34.65,0.06718194424988333,"(n,n')140La"
140La,14.21,0.00046887973066,"(n,n')140La"
140La,29.96,0.000276159324176,"(n,n')140La"
140La,92.8,0.00023177519999999997,"(n,n')140La"
140La,54.94,0.00022512543066000002,"(n,n')140La"
140La,63.17,0.00022213078345,"(n,n')140La"
140La,162.66,0.000155252245824,"(n,n')140La"
140La,13.85,0.00010622267340799999,"(n,n')140La"
140La,28.52,1.400271655e-05,"(n,n')140La"
140La,69.15,1.199846934e-05,"(n,n')140La"
140La,132.7,5.905980768e-06,"(n,n')140La"
140La,118.85,1.990413408e-06,"(n,n')140La"
141Pr,145.44,29.76297408123455,"(n,n')141Pr"
141Pr,1521.0,6.974591724800002,"(n,n')141Pr"
141Pr,1311.96,5.811502912400002,"(n,n')141Pr"
141Pr,1457.4,2.0910030876000003,"(n,n')141Pr"
141Pr,1375.56,0.7677726424000002,"(n,n')141Pr"
141Pr,1348.66,0.5159874,"(n,n')141Pr"
141Pr,403.3,0.14031163280000003,"(n,n')141Pr"
141Pr,972.26,0.12477321518383201,"(n,n')141Pr"
141Pr,1117.7,0.015642286936168003,"(n,n')141Pr"
141Pr,1513.0,0.0001035667,"(n,n')141Pr"
141Pr,1455.5,0.00010295242000000002,"(n,n')141Pr"
141Pr,1306.76,7.92631673e-05,"(n,n')141Pr"
141Pr,1434.56,5.9419839639999985e-05,"(n,n')141Pr"
141Pr,1126.8,5.8786682476e-05,"(n,n')141Pr"
141Pr,1292.6,5.0923018402702193e-05,"(n,n')141Pr"
141Pr,1290.86,3.348881934799999e-05,"(n,n')141Pr"
141Pr,1147.16,3.328506603e-05,"(n,n')141Pr"
141Pr,1298.6,3.14248e-05,"(n,n')141Pr"
141Pr,1436.3,2.6121040651999998e-05,"(n,n')141Pr"
141Pr,1580.0,1.9420735053999995e-05,"(n,n')141Pr"
141Pr,1452.2,1.79922527e-05,"(n,n')141Pr"
141Pr,287.4,2.112885306e-06,"(n,n')141Pr"
141Pr,981.36,1.6064575239999996e-06,"(n,n')141Pr"
142Nd,1575.83,62.613369086688955,"(n,n')142Nd"
142Nd,508.84,18.22732,"(n,n')142Nd"
142Nd,525.49,12.910100790200001,"(n,n')142Nd"
142Nd,2845.9,9.738778,"(n,n')142Nd"
142Nd,446.48,6.16112,"(n,n')142Nd"
142Nd,336.38,6.107010000000001,"(n,n')142Nd"
142Nd,2384.6,0.4111458274,"(n,n')142Nd"
142Nd,641.37,0.355113,"(n,n')142Nd"
142Nd,808.77,0.0742683726,"(n,n')142Nd"
142Nd,938.47,0.00017578660000000003,"(n,n')142Nd"
142Nd,1162.07,0.0001696018,"(n,n')142Nd"
142Nd,108.48,0.00016719020000000002,"(n,n')142Nd"
142Nd,1310.97,0.00016029380000000002,"(n,n')142Nd"
142Nd,764.17,0.00015544624000000002,"(n,n')142Nd"
142Nd,2583.3,5.720149104800001e-05,"(n,n')142Nd"
142Nd,1007.47,2.5795448952000003e-05,"(n,n')142Nd"
142Pr,3.68,0.0002863044420237868,"(n,n')142Pr"
142Pr,17.74,0.0001504726609222132,"(n,n')142Pr"
142Pr,60.08,9.7755656657e-05,"(n,n')142Pr"
142Pr,153.5,5.5983e-05,"(n,n')142Pr"
142Pr,86.07,5.496074e-05,"(n,n')142Pr"
142Pr,64.51,4.271520665700001e-05,"(n,n')142Pr"
142Pr,54.56,3.97934880130882e-05,"(n,n')142Pr"
142Pr,176.89,3.8130783866000005e-05,"(n,n')142Pr"
142Pr,140.93,3.7206685078875e-05,"(n,n')142Pr"
142Pr,182.82,3.1809006812e-05,"(n,n')142Pr"
142Pr,85.01,3.0980889075999994e-05,"(n,n')142Pr"
142Pr,126.87,2.8194413671124998e-05,"(n,n')142Pr"
142Pr,68.62,2.807746450614e-05,"(n,n')142Pr"
142Pr,55.97,1.0335713400000002e-05,"(n,n')142Pr"
142Pr,32.28,9.39613875e-06,"(n,n')142Pr"
142Pr,115.55,5.272299076e-06,"(n,n')142Pr"
142Pr,124.59,4.369709943e-06,"(n,n')142Pr"
142Pr,200.56,2.739684112e-06,"(n,n')142Pr"
142Pr,104.59,2.3402649580000004e-06,"(n,n')142Pr"
143Ce,42.28,43.12601351297758,"(n,n')143Ce"
143Ce,18.9,25.623703350358593,"(n,n')143Ce"
143Ce,620.42,0.7320528382858592,"(n,n')143Ce"
143Ce,643.8,0.4841838094726708,"(n,n')143Ce"
143Ce,621.4,4.5166503957e-05,"(n,n')143Ce"
143Ce,454.1,3.23414428e-05,"(n,n')143Ce"
143Ce,1148.7,3.0836689191e-05,"(n,n')143Ce"
143Ce,798.1,2.7611896621e-05,"(n,n')143Ce"
143Ce,1146.1,1.9135664524999998e-05,"(n,n')143Ce"
143Ce,1154.1,1.8232453296000004e-05,"(n,n')143Ce"
143Ce,1053.02,1.7857808882e-05,"(n,n')143Ce"
143Ce,1076.4,1.3572935388000002e-05,"(n,n')143Ce"
143Ce,632.5,1.2334247e-05,"(n,n')143Ce"
143Ce,862.1,1.2231928000000002e-05,"(n,n')143Ce"
143Ce,765.92,1.1227858902000002e-05,"(n,n')143Ce"
143Ce,1165.0,8.646854925e-06,"(n,n')143Ce"
143Ce,774.72,8.562473378999999e-06,"(n,n')143Ce"
143Ce,808.2,8.07934257e-06,"(n,n')143Ce"
143Ce,1122.72,7.84523055e-06,"(n,n')143Ce"
143Ce,1172.5,6.910441982999999e-06,"(n,n')143Ce"
143Ce,1130.22,5.181320017e-06,"(n,n')143Ce"
143Ce,476.5,5.1341572000000005e-06,"(n,n')143Ce"
143Ce,1135.2,4.373324946000001e-06,"(n,n')143Ce"
143Ce,432.6,4.30631573e-06,"(n,n')143Ce"
143Ce,789.3,3.809658528e-06,"(n,n')143Ce"
143Ce,1167.6,3.0581840520000004e-06,"(n,n')143Ce"
143Ce,527.3,3.039716757e-06,"(n,n')143Ce"
143Nd,1407.08,16.74417,"(n,n')143Nd"
143Nd,1431.23,4.652912198999999,"(n,n')143Nd"
143Nd,1228.04,0.030459987479999995,"(n,n')143Nd"
143Nd,203.19,0.030441800999999994,"(n,n')143Nd"
143Nd,742.02,4.96712330452752e-05,"(n,n')143Nd"
143Nd,1506.0,1.7723739999999997e-05,"(n,n')143Nd"
143Nd,1739.21,1.7405750016e-05,"(n,n')143Nd"
143Nd,1851.5,1.594622e-05,"(n,n')143Nd"
143Nd,1966.0,1.2772836000000001e-05,"(n,n')143Nd"
143Nd,1910.8,1.25667841728e-05,"(n,n')143Nd"
143Nd,1555.52,1.19654642216e-05,"(n,n')143Nd"
143Nd,814.41,8.868171512e-06,"(n,n')143Nd"
143Nd,563.8,7.1122625568e-06,"(n,n')143Nd"
143Nd,1057.46,6.3330951360000005e-06,"(n,n')143Nd"
143Nd,866.32,5.991365384e-06,"(n,n')143Nd"
143Nd,1032.81,4.247864445599999e-06,"(n,n')143Nd"
143Nd,1110.5,4.2362687808e-06,"(n,n')143Nd"
143Nd,1852.52,2.8306566624000003e-06,"(n,n')143Nd"
143Nd,546.7,2.1866105568000003e-06,"(n,n')143Nd"
143Nd,813.5,1.3235897784e-06,"(n,n')143Nd"
143Nd,191.14,1.218043384e-06,"(n,n')143Nd"
144Nd,696.51,78.69573240334644,"(n,n')144Nd"
144Nd,864.4,19.220688893730394,"(n,n')144Nd"
144Nd,814.02,6.672280242718178,"(n,n')144Nd"
144Nd,1387.94,3.4798135799999996,"(n,n')144Nd"
144Nd,1560.91,1.8200208508167264,"(n,n')144Nd"
144Nd,618.03,1.5976391284712985,"(n,n')144Nd"
144Nd,1376.23,1.1546275765,"(n,n')144Nd"
144Nd,573.92,0.88632642,"(n,n')144Nd"
144Nd,2072.74,0.49601942349999995,"(n,n')144Nd"
144Nd,195.99,0.18726292586300464,"(n,n')144Nd"
144Nd,476.91,0.00033204788469197677,"(n,n')144Nd"
144Nd,1412.95,9.198036798644401e-05,"(n,n')144Nd"
144Nd,426.67,8.601704599999999e-05,"(n,n')144Nd"
144Nd,1007.16,6.0734399999999986e-05,"(n,n')144Nd"
144Nd,947.5,6.0152659999999995e-05,"(n,n')144Nd"
144Nd,2022.59,5.94995e-05,"(n,n')144Nd"
144Nd,607.95,5.804478e-05,"(n,n')144Nd"
144Nd,694.05,5.798841636000001e-05,"(n,n')144Nd"
144Nd,1340.06,5.468882e-05,"(n,n')144Nd"
144Nd,778.92,5.355315685216012e-05,"(n,n')144Nd"
144Nd,1417.54,5.2630924992000004e-05,"(n,n')144Nd"
144Nd,1286.25,5.2439124708e-05,"(n,n')144Nd"
144Nd,821.12,4.9538719999999995e-05,"(n,n')144Nd"
144Nd,1136.73,4.475642089399999e-05,"(n,n')144Nd"
144Nd,1750.69,4.4557180000000006e-05,"(n,n')144Nd"
144Nd,1170.81,4.4092059999999995e-05,"(n,n')144Nd"
144Nd,1895.26,4.0989667072e-05,"(n,n')144Nd"
144Nd,918.43,3.992338482e-05,"(n,n')144Nd"
144Nd,1400.83,3.8765439344e-05,"(n,n')144Nd"
144Nd,1885.14,3.7580988544e-05,"(n,n')144Nd"
144Nd,1671.72,3.597217165e-05,"(n,n')144Nd"
144Nd,863.83,3.2684101128e-05,"(n,n')144Nd"
144Nd,310.47,3.0346896060000004e-05,"(n,n')144Nd"
144Nd,2526.92,2.959190684e-05,"(n,n')144Nd"
144Nd,1908.57,2.8721980404e-05,"(n,n')144Nd"
144Nd,1182.11,2.8623179219999996e-05,"(n,n')144Nd"
144Nd,1917.39,2.851162e-05,"(n,n')144Nd"
144Nd,201.81,2.6323206e-05,"(n,n')144Nd"
144Nd,1094.55,2.5034299596000004e-05,"(n,n')144Nd"
144Nd,2654.78,2.4390547800000004e-05,"(n,n')144Nd"
144Nd,1573.61,2.4016787704000004e-05,"(n,n')144Nd"
144Nd,980.56,2.3831002813277998e-05,"(n,n')144Nd"
144Nd,454.38,2.2676694559999996e-05,"(n,n')144Nd"
144Nd,2270.12,2.0891192296000003e-05,"(n,n')144Nd"
144Nd,2185.68,2.084344356e-05,"(n,n')144Nd"
144Nd,923.92,2.0745520656000005e-05,"(n,n')144Nd"
144Nd,1481.86,1.8495263934e-05,"(n,n')144Nd"
144Nd,1071.12,1.7297791456e-05,"(n,n')144Nd"
144Nd,1754.76,1.6528559105999998e-05,"(n,n')144Nd"
144Nd,2692.64,1.5446380779999997e-05,"(n,n')144Nd"
144Nd,1002.93,1.3324990015999998e-05,"(n,n')144Nd"
144Nd,201.64,1.1693471424018e-05,"(n,n')144Nd"
144Nd,582.93,1.131047447588113e-05,"(n,n')144Nd"
144Nd,1978.82,1.0472128000000001e-05,"(n,n')144Nd"
144Nd,1830.41,9.763331304e-06,"(n,n')144Nd"
144Nd,302.01,9.743720095976752e-06,"(n,n')144Nd"
144Nd,2035.57,8.940115008000001e-06,"(n,n')144Nd"
144Nd,2368.23,8.741528350000001e-06,"(n,n')144Nd"
144Nd,1904.28,8.381015292000002e-06,"(n,n')144Nd"
144Nd,1489.17,8.133742944000001e-06,"(n,n')144Nd"
144Nd,1053.31,7.233195424e-06,"(n,n')144Nd"
144Nd,794.92,6.268262633556e-06,"(n,n')144Nd"
144Nd,628.48,6.00419794e-06,"(n,n')144Nd"
144Nd,966.01,5.043721856e-06,"(n,n')144Nd"
144Nd,667.84,4.748254938e-06,"(n,n')144Nd"
144Nd,1958.27,4.635452200000001e-06,"(n,n')144Nd"
144Nd,890.04,4.064463640000001e-06,"(n,n')144Nd"
144Nd,784.57,3.7632618541781996e-06,"(n,n')144Nd"
144Nd,1598.59,3.7542910273505996e-06,"(n,n')144Nd"
144Nd,2591.77,3.2804129280000003e-06,"(n,n')144Nd"
144Nd,734.19,1.816592432589e-06,"(n,n')144Nd"
144Sm,1660.2,80.09109903114846,"(n,n')144Sm"
144Sm,149.9,46.71184345628535,"(n,n')144Sm"
144Sm,2798.9,9.667075,"(n,n')144Sm"
144Sm,927.8,6.044724,"(n,n')144Sm"
144Sm,1810.1,2.7815274446315286,"(n,n')144Sm"
144Sm,2423.3,0.36359975574000003,"(n,n')144Sm"
144Sm,380.7,0.32238090091688404,"(n,n')144Sm"
144Sm,817.7,0.2754198,"(n,n')144Sm"
144Sm,530.6,0.18884793022311602,"(n,n')144Sm"
144Sm,763.1,0.01717284426,"(n,n')144Sm"
144Sm,459.8,6.49056e-05,"(n,n')144Sm"
144Sm,1000.8,6.220708e-05,"(n,n')144Sm"
144Sm,132.6,6.043114e-05,"(n,n')144Sm"
144Sm,1068.8,5.8944100000000004e-05,"(n,n')144Sm"
144Sm,506.8,4.5748400000000004e-05,"(n,n')144Sm"
144Sm,1026.8,4.469718e-05,"(n,n')144Sm"
144Sm,1043.8,4.466252e-05,"(n,n')144Sm"
144Sm,984.8,2.9835500000000003e-05,"(n,n')144Sm"
145Nd,748.28,12.317273077305902,"(n,n')145Nd"
145Nd,72.5,10.79720887197619,"(n,n')145Nd"
145Nd,675.78,10.79717834443084,"(n,n')145Nd"
145Nd,657.67,7.372594958691815,"(n,n')145Nd"
145Nd,90.61,0.5999748260000001,"(n,n')145Nd"
145Nd,67.22,2.6170936106828323e-05,"(n,n')145Nd"
145Nd,453.53,7.926438000000002e-06,"(n,n')145Nd"
145Nd,743.63,6.596105018e-06,"(n,n')145Nd"
145Nd,1162.32,6.327524548799999e-06,"(n,n')145Nd"
145Nd,1150.26,6.2720600800000005e-06,"(n,n')145Nd"
145Nd,920.72,5.281673719999999e-06,"(n,n')145Nd"
145Nd,1271.38,4.674178137200001e-06,"(n,n')145Nd"
145Nd,978.91,4.62716254465728e-06,"(n,n')145Nd"
145Nd,769.93,4.61689956e-06,"(n,n')145Nd"
145Nd,1400.9,4.1070979999999996e-06,"(n,n')145Nd"
145Nd,353.55,4.0973635976e-06,"(n,n')145Nd"
145Nd,1051.41,3.5147203850496e-06,"(n,n')145Nd"
145Nd,937.05,3.3035818751999997e-06,"(n,n')145Nd"
145Nd,679.32,3.27523644e-06,"(n,n')145Nd"
145Nd,1177.23,3.180272004e-06,"(n,n')145Nd"
145Nd,262.94,3.1346709548000003e-06,"(n,n')145Nd"
145Nd,848.22,2.6174523504e-06,"(n,n')145Nd"
145Nd,1018.03,2.6041961616000004e-06,"(n,n')145Nd"
145Nd,1161.05,2.3898705929999997e-06,"(n,n')145Nd"
145Nd,352.51,2.3761608704000007e-06,"(n,n')145Nd"
145Nd,1213.1,2.2117950176e-06,"(n,n')145Nd"
145Nd,1146.48,2.143992e-06,"(n,n')145Nd"
145Nd,852.61,2.1146310189999996e-06,"(n,n')145Nd"
145Nd,1259.08,2.100104e-06,"(n,n')145Nd"
145Nd,1249.58,2.0834623400000002e-06,"(n,n')145Nd"
145Nd,1218.38,2.0570627896000006e-06,"(n,n')145Nd"
145Nd,1244.3,2.04220566e-06,"(n,n')145Nd"
145Nd,1266.1,2.0109340419999997e-06,"(n,n')145Nd"
145Nd,1249.73,2.0025884969999998e-06,"(n,n')145Nd"
145Nd,707.95,1.8785975976000002e-06,"(n,n')145Nd"
145Nd,713.23,1.5964685546000002e-06,"(n,n')145Nd"
145Nd,1285.6,1.5700941927999999e-06,"(n,n')145Nd"
145Nd,864.55,1.5212063487999998e-06,"(n,n')145Nd"
145Nd,1012.75,1.5105078384e-06,"(n,n')145Nd"
145Nd,623.47,1.4926420702000002e-06,"(n,n')145Nd"
145Nd,1089.82,1.2017206628e-06,"(n,n')145Nd"
145Nd,869.83,1.124395776e-06,"(n,n')145Nd"
146Nd,453.86,151.72524031907398,"(n,n')146Nd"
146Nd,735.65,42.62851871470287,"(n,n')146Nd"
146Nd,589.31,36.96582374587789,"(n,n')146Nd"
146Nd,474.53,35.088756126116,"(n,n')146Nd"
146Nd,1376.75,19.227604333274094,"(n,n')146Nd"
146Nd,922.89,10.67535672,"(n,n')146Nd"
146Nd,461.64,2.542342,"(n,n')146Nd"
146Nd,849.34,0.7595776428000002,"(n,n')146Nd"
146Nd,1016.74,0.7281178215,"(n,n')146Nd"
146Nd,1470.6,0.7054671785000001,"(n,n')146Nd"
146Nd,1303.2,0.6822933572000001,"(n,n')146Nd"
146Nd,146.34,0.2788981,"(n,n')146Nd"
146Nd,736.93,0.035905193884,"(n,n')146Nd"
146Nd,262.4,0.003826126116,"(n,n')146Nd"
146Nd,726.53,1.715496e-05,"(n,n')146Nd"
146Nd,1834.0,1.7102960000000003e-05,"(n,n')146Nd"
146Nd,1323.34,1.4875718280000002e-05,"(n,n')146Nd"
146Nd,1812.0,1.3969890000000001e-05,"(n,n')146Nd"
146Nd,1884.7,1.3685926e-05,"(n,n')146Nd"
146Nd,946.13,1.3318852806000002e-05,"(n,n')146Nd"
146Nd,1451.54,1.3065221586000001e-05,"(n,n')146Nd"
146Nd,1333.54,1.1288307772799999e-05,"(n,n')146Nd"
146Nd,555.59,9.277812128e-06,"(n,n')146Nd"
146Nd,1524.08,8.609189691e-06,"(n,n')146Nd"
146Nd,875.73,8.504703628000002e-06,"(n,n')146Nd"
146Nd,1465.04,8.48932094e-06,"(n,n')146Nd"
146Nd,701.93,7.2725325e-06,"(n,n')146Nd"
146Nd,1535.44,5.842207194e-06,"(n,n')146Nd"
146Nd,1148.84,3.3318799999999997e-06,"(n,n')146Nd"
146Nd,1243.24,3.3195779999999998e-06,"(n,n')146Nd"
146Nd,1291.24,2.843075372e-06,"(n,n')146Nd"
146Nd,729.39,2.234335432e-06,"(n,n')146Nd"
146Nd,788.43,2.154031189e-06,"(n,n')146Nd"
146Nd,587.69,1.95769738e-06,"(n,n')146Nd"
146Nd,601.19,1.638062353e-06,"(n,n')146Nd"
146Nd,1787.4,1.3970539475999999e-06,"(n,n')146Nd"
146Nd,597.89,1.2991622795999999e-06,"(n,n')146Nd"
146Nd,1977.94,1.0152935159999998e-06,"(n,n')146Nd"
147Nd,49.93,63.902071084450526,"(n,n')147Nd"
147Nd,140.36,17.93099,"(n,n')147Nd"
147Nd,1029.0,1.579587e-06,"(n,n')147Nd"
147Nd,934.0,1.5014201999999997e-06,"(n,n')147Nd"
147Nd,809.0,1.4563334e-06,"(n,n')147Nd"
147Nd,983.0,1.2200266000000001e-06,"(n,n')147Nd"
147Nd,904.0,1.209696e-06,"(n,n')147Nd"
147Nd,366.71,1.1478548392e-06,"(n,n')147Nd"
147Nd,86.68,1.1068764214405601e-06,"(n,n')147Nd"
147Nd,77.99,1.08445051688e-06,"(n,n')147Nd"
147Sm,809.3,37.16009713902137,"(n,n')147Sm"
147Sm,716.6,14.773417462087405,"(n,n')147Sm"
147Sm,121.22,9.284310660959289,"(n,n')147Sm"
147Sm,688.08,9.284218745269806,"(n,n')147Sm"
147Sm,197.4,5.149520466310866e-05,"(n,n')147Sm"
147Sm,314.1,1.8495923589962405e-05,"(n,n')147Sm"
147Sm,1106.86,1.7939419999999998e-05,"(n,n')147Sm"
147Sm,1169.0,1.7803000000000002e-05,"(n,n')147Sm"
147Sm,1258.0,1.747744e-05,"(n,n')147Sm"
147Sm,1196.85,1.7421019999999996e-05,"(n,n')147Sm"
147Sm,1317.85,1.5860039999999997e-05,"(n,n')147Sm"
147Sm,1464.0,1.58179e-05,"(n,n')147Sm"
147Sm,900.0,1.3470100000000002e-05,"(n,n')147Sm"
147Sm,1020.0,1.3393967999999998e-05,"(n,n')147Sm"
147Sm,1162.0,1.3303344e-05,"(n,n')147Sm"
147Sm,1438.0,1.312585e-05,"(n,n')147Sm"
147Sm,1350.19,1.310422e-05,"(n,n')147Sm"
147Sm,1180.1,1.29276983e-05,"(n,n')147Sm"
147Sm,741.8,1.2664224936000001e-05,"(n,n')147Sm"
147Sm,215.0,1.2031273906e-05,"(n,n')147Sm"
147Sm,1449.11,1.2014994500000003e-05,"(n,n')147Sm"
147Sm,1173.0,9.483926e-06,"(n,n')147Sm"
147Sm,1430.0,9.332732e-06,"(n,n')147Sm"
147Sm,1120.27,8.535407621400001e-06,"(n,n')147Sm"
147Sm,942.68,8.299950422572801e-06,"(n,n')147Sm"
147Sm,1274.48,8.2827085772e-06,"(n,n')147Sm"
147Sm,1077.0,8.0039410304e-06,"(n,n')147Sm"
147Sm,1063.9,6.9708733941216e-06,"(n,n')147Sm"
147Sm,947.83,6.927253747199999e-06,"(n,n')147Sm"
147Sm,846.1,6.674127589219998e-06,"(n,n')147Sm"
147Sm,1255.81,6.6586357056e-06,"(n,n')147Sm"
147Sm,1069.05,6.435504252799999e-06,"(n,n')147Sm"
147Sm,122.3,5.884291168e-06,"(n,n')147Sm"
147Sm,677.98,5.844409676456599e-06,"(n,n')147Sm"
147Sm,933.08,5.3179500953920006e-06,"(n,n')147Sm"
147Sm,720.0,5.008574e-06,"(n,n')147Sm"
147Sm,955.78,5.0078062288000005e-06,"(n,n')147Sm"
147Sm,725.4,4.98086e-06,"(n,n')147Sm"
147Sm,884.0,4.9724760000000004e-06,"(n,n')147Sm"
147Sm,978.0,4.9686120000000005e-06,"(n,n')147Sm"
147Sm,1221.3,4.89732e-06,"(n,n')147Sm"
147Sm,76.18,4.736167547662368e-06,"(n,n')147Sm"
147Sm,1251.71,4.26945705e-06,"(n,n')147Sm"
147Sm,856.9,4.1751326354080005e-06,"(n,n')147Sm"
147Sm,1058.88,3.88041555e-06,"(n,n')147Sm"
147Sm,601.8,2.7803109356e-06,"(n,n')147Sm"
147Sm,427.7,2.664055064e-06,"(n,n')147Sm"
147Sm,285.75,2.637742463999999e-06,"(n,n')147Sm"
147Sm,244.3,2.6129839686523997e-06,"(n,n')147Sm"
147Sm,1331.99,2.41017528e-06,"(n,n')147Sm"
147Sm,799.2,2.2680468458e-06,"(n,n')147Sm"
147Sm,1152.25,1.5856639359999997e-06,"(n,n')147Sm"
147Sm,99.1,1.2225499700000002e-06,"(n,n')147Sm"
148Nd,301.7,285.9338997512921,"(n,n')148Nd"
148Nd,697.5,71.38543293449999,"(n,n')148Nd"
148Nd,450.5,70.31148124168199,"(n,n')148Nd"
148Nd,489.94,61.276239999999994,"(n,n')148Nd"
148Nd,1023.12,25.815216683,"(n,n')148Nd"
148Nd,721.42,23.253813317000002,"(n,n')148Nd"
148Nd,615.1,3.8590635000000004,"(n,n')148Nd"
148Nd,247.0,3.2777120655000003,"(n,n')148Nd"
148Nd,869.2,1.7745541693,"(n,n')148Nd"
148Nd,1248.81,1.4177543520000002,"(n,n')148Nd"
148Nd,970.0,0.6515696,"(n,n')148Nd"
148Nd,947.11,0.61035168755,"(n,n')148Nd"
148Nd,1170.9,0.2907162786,"(n,n')148Nd"
148Nd,527.49,0.2378389244139392,"(n,n')148Nd"
148Nd,496.61,0.08164746045,"(n,n')148Nd"
148Nd,418.7,0.050568552100000004,"(n,n')148Nd"
148Nd,365.31,1.5744139392e-06,"(n,n')148Nd"
148Nd,1209.81,1.5489248766000002e-06,"(n,n')148Nd"
148Sm,550.27,231.86593865277345,"(n,n')148Sm"
148Sm,611.27,80.52683284596472,"(n,n')148Sm"
148Sm,629.99,46.02516788812649,"(n,n')148Sm"
148Sm,414.03,42.956411022,"(n,n')148Sm"
148Sm,1465.12,30.483773102999997,"(n,n')148Sm"
148Sm,914.85,15.739382468999999,"(n,n')148Sm"
148Sm,432.75,12.478368977999999,"(n,n')148Sm"
148Sm,874.18,3.361996,"(n,n')148Sm"
148Sm,1113.97,1.2330976046666666,"(n,n')148Sm"
148Sm,903.85,0.9447452080000001,"(n,n')148Sm"
148Sm,1454.12,0.9387181253333332,"(n,n')148Sm"
148Sm,1664.24,0.634949062,"(n,n')148Sm"
148Sm,303.58,0.05553442799999999,"(n,n')148Sm"
148Sm,1718.0,2.404378e-05,"(n,n')148Sm"
148Sm,1648.6,2.1637680000000003e-05,"(n,n')148Sm"
148Sm,1109.03,2.16277e-05,"(n,n')148Sm"
148Sm,1434.2,1.7572099999999997e-05,"(n,n')148Sm"
148Sm,553.23,1.286612649e-05,"(n,n')148Sm"
148Sm,571.95,9.439964702000001e-06,"(n,n')148Sm"
148Sm,1183.22,1.6313912020000002e-06,"(n,n')148Sm"
149Sm,285.94,55.04132832242889,"(n,n')149Sm"
149Sm,664.05,12.87945746295481,"(n,n')149Sm"
149Sm,73.16,3.597489579571519,"(n,n')149Sm"
149Sm,590.89,2.792741289478668,"(n,n')149Sm"
149Sm,22.51,0.8658593767376715,"(n,n')149Sm"
149Sm,568.38,0.6946773370981302,"(n,n')149Sm"
149Sm,378.11,0.629517728,"(n,n')149Sm"
149Sm,263.43,0.17115869071951467,"(n,n')149Sm"
149Sm,304.95,0.1100831492628,"(n,n')149Sm"
149Sm,277.08,8.923701143053436e-06,"(n,n')149Sm"
149Sm,198.58,6.57294570252608e-06,"(n,n')149Sm"
149Sm,461.61,6.154966e-06,"(n,n')149Sm"
149Sm,833.23,5.334745414399999e-06,"(n,n')149Sm"
149Sm,214.59,4.7651728832e-06,"(n,n')149Sm"
149Sm,785.23,4.681001999999999e-06,"(n,n')149Sm"
149Sm,859.43,4.507297932e-06,"(n,n')149Sm"
149Sm,697.0,3.345158e-06,"(n,n')149Sm"
149Sm,835.59,3.1969888943999997e-06,"(n,n')149Sm"
149Sm,613.95,3.1613029056e-06,"(n,n')149Sm"
149Sm,327.53,3.0687269376e-06,"(n,n')149Sm"
149Sm,830.41,2.9291916252e-06,"(n,n')149Sm"
149Sm,432.78,2.4830139502e-06,"(n,n')149Sm"
149Sm,558.37,1.9471684679999997e-06,"(n,n')149Sm"
149Sm,636.46,1.8947259828000002e-06,"(n,n')149Sm"
149Sm,506.09,1.7064537719999997e-06,"(n,n')149Sm"
149Sm,122.01,1.6753618322e-06,"(n,n')149Sm"
149Sm,535.86,1.5833753309999997e-06,"(n,n')149Sm"
149Sm,130.0,1.5771300751999998e-06,"(n,n')149Sm"
149Sm,381.52,1.5731238176e-06,"(n,n')149Sm"
149Sm,528.6,1.5500653559999999e-06,"(n,n')149Sm"
149Sm,807.9,1.4652964643999997e-06,"(n,n')149Sm"
149Sm,89.17,1.3221711167999998e-06,"(n,n')149Sm"
14N,2312.8,55.1432772460933,"(n,n')14N"
14N,5105.89,43.55368313239643,"(n,n')14N"
14N,7029.12,24.25300056997609,"(n,n')14N"
14N,1635.3,22.321450839647575,"(n,n')14N"
14N,728.36,20.745900272661572,"(n,n')14N"
14N,6446.17,12.077196230423723,"(n,n')14N"
14N,3378.64,10.894060078630584,"(n,n')14N"
14N,2793.09,10.574987560847504,"(n,n')14N"
14N,4915.1,6.922486369760187,"(n,n')14N"
14N,5691.44,6.154546590631276,"(n,n')14N"
14N,5834.25,5.614837591278609,"(n,n')14N"
14N,3890.7,3.5229083318994405,"(n,n')14N"
14N,2498.07,3.3940198923877536,"(n,n')14N"
14N,2517.63,2.2305634229998326,"(n,n')14N"
14N,3384.01,1.8764697201370675,"(n,n')14N"
14N,9128.9,1.3876171742450374,"(n,n')14N"
14N,1340.28,1.119854163962061,"(n,n')14N"
14N,6203.5,1.0582473395996226,"(n,n')14N"
14N,3948.1,0.9058653796906302,"(n,n')14N"
14N,611.92,0.6374555278230774,"(n,n')14N"
14N,4365.83,0.4511211562304728,"(n,n')14N"
14N,2655.65,0.39981589349014685,"(n,n')14N"
14N,1157.79,0.3815716964173583,"(n,n')14N"
14N,9172.25,0.3795686875804165,"(n,n')14N"
14N,3081.02,0.22137627924465655,"(n,n')14N"
14N,2682.73,0.14719654365057064,"(n,n')14N"
14N,3294.65,0.14719654365057064,"(n,n')14N"
14N,4716.32,0.12298682723024741,"(n,n')14N"
14N,967.0,0.0699241035636468,"(n,n')14N"
14N,2726.08,0.03919729167158018,"(n,n')14N"
14N,7966.9,0.023385505727760627,"(n,n')14N"
14N,4018.8,0.01870840462827422,"(n,n')14N"
14N,2143.13,0.014091178343944464,"(n,n')14N"
14N,6859.45,0.003795686875804165,"(n,n')14N"
14N,3338.0,0.0027537336883406618,"(n,n')14N"
14N,3480.81,0.0022079486432479965,"(n,n')14N"
14N,10432.0,0.002193996885477478,"(n,n')14N"
14N,8062.0,0.0007660990371171351,"(n,n')14N"
14N,11050.0,0.0004929408949234012,"(n,n')14N"
14N,4671.6,0.0003517370636073386,"(n,n')14N"
14N,8619.7,0.0003347858618297831,"(n,n')14N"
14N,2928.26,0.00019281973358122476,"(n,n')14N"
14N,8776.0,0.00011865826359277056,"(n,n')14N"
150Nd,130.21,219.0619503454667,"(n,n')150Nd"
150Nd,804.65,28.5723490635,"(n,n')150Nd"
150Nd,251.24,21.41537661463333,"(n,n')150Nd"
150Nd,722.73,13.951839492,"(n,n')150Nd"
150Nd,852.94,12.131240508,"(n,n')150Nd"
150Nd,553.41,11.161135936499997,"(n,n')150Nd"
150Nd,545.16,4.162608483733334,"(n,n')150Nd"
150Nd,720.45,1.6607766915999997,"(n,n')150Nd"
150Nd,338.95,0.5477577333333333,"(n,n')150Nd"
150Nd,469.21,0.3890269448,"(n,n')150Nd"
150Nd,850.66,0.1657632132,"(n,n')150Nd"
150Nd,175.29,0.0305471504,"(n,n')150Nd"
150Sm,333.86,246.7491075764811,"(n,n')150Sm"
150Sm,737.4,53.027501382463434,"(n,n')150Sm"
150Sm,439.38,51.43616717604786,"(n,n')150Sm"
150Sm,584.29,45.934576693404146,"(n,n')150Sm"
150Sm,1165.61,21.419777808000003,"(n,n')150Sm"
150Sm,831.75,16.076275545,"(n,n')150Sm"
150Sm,406.52,13.593221932242015,"(n,n')150Sm"
150Sm,298.02,3.607659383692,"(n,n')150Sm"
150Sm,712.18,1.6731887849964755,"(n,n')150Sm"
150Sm,1193.73,0.9746133355884,"(n,n')150Sm"
150Sm,859.87,0.8297282133234667,"(n,n')150Sm"
150Sm,505.52,0.7073065150342046,"(n,n')150Sm"
150Sm,425.23,0.6445766470000001,"(n,n')150Sm"
150Sm,1046.04,0.13516145931071807,"(n,n')150Sm"
150Sm,78.77,0.11073019199999999,"(n,n')150Sm"
150Sm,286.27,0.09227516000000001,"(n,n')150Sm"
150Sm,305.66,0.04373975002694072,"(n,n')150Sm"
150Sm,453.35,0.04051553521507333,"(n,n')150Sm"
150Sm,272.8,0.025155049371716982,"(n,n')150Sm"
150Sm,420.49,0.019790998768653336,"(n,n')150Sm"
150Sm,147.69,0.00224049042664,"(n,n')150Sm"
150Sm,1773.3,3.7630179999999995e-06,"(n,n')150Sm"
150Sm,485.93,3.4428316991999995e-06,"(n,n')150Sm"
150Sm,1672.7,3.034966e-06,"(n,n')150Sm"
150Sm,1170.59,2.9196495384e-06,"(n,n')150Sm"
150Sm,558.11,2.888266e-06,"(n,n')150Sm"
150Sm,675.75,2.8323121932e-06,"(n,n')150Sm"
150Sm,1049.04,2.6831657879999996e-06,"(n,n')150Sm"
150Sm,1324.43,2.6274364314059996e-06,"(n,n')150Sm"
150Sm,869.28,2.3112103458509997e-06,"(n,n')150Sm"
150Sm,1499.42,2.0528512839999997e-06,"(n,n')150Sm"
150Sm,464.19,2.0516951106e-06,"(n,n')150Sm"
150Sm,748.07,1.9999719594e-06,"(n,n')150Sm"
150Sm,899.47,1.8653154518003998e-06,"(n,n')150Sm"
150Sm,1350.14,1.74544986e-06,"(n,n')150Sm"
150Sm,1379.28,1.664014536e-06,"(n,n')150Sm"
150Sm,515.24,1.5916844664000002e-06,"(n,n')150Sm"
150Sm,626.67,1.497821692851e-06,"(n,n')150Sm"
150Sm,688.3,1.47789281e-06,"(n,n')150Sm"
150Sm,372.73,1.3025771082000001e-06,"(n,n')150Sm"
150Sm,402.95,1.2967572085999998e-06,"(n,n')150Sm"
150Sm,345.91,1.2853419128000002e-06,"(n,n')150Sm"
150Sm,751.02,1.0716142119999997e-06,"(n,n')150Sm"
150Sm,1794.0,1.0552368708000002e-06,"(n,n')150Sm"
150Sm,1452.74,1.0271190832000001e-06,"(n,n')150Sm"
151Pm,85.12,143.63700555729773,"(n,n')151Pm"
151Pm,112.15,26.887244942797743,"(n,n')151Pm"
151Pm,197.27,25.781207442702247,"(n,n')151Pm"
151Pm,244.48,8.552660614499999,"(n,n')151Pm"
151Pm,132.33,1.9866623855,"(n,n')151Pm"
151Sm,65.83,88.33935309167519,"(n,n')151Sm"
151Sm,109.55,21.356807248,"(n,n')151Sm"
151Sm,4.82,4.528846050539199,"(n,n')151Sm"
151Sm,105.68,4.014144427999999,"(n,n')151Sm"
151Sm,64.88,3.310866324214399,"(n,n')151Sm"
151Sm,175.38,1.4781627539999997,"(n,n')151Sm"
151Sm,61.01,1.2179797263248,"(n,n')151Sm"
151Sm,25.7,0.9882255699999998,"(n,n')151Sm"
151Sm,83.85,0.9882255699999998,"(n,n')151Sm"
151Sm,69.7,0.7032781037855999,"(n,n')151Sm"
152Gd,344.28,340.57719826179954,"(n,n')152Gd"
152Gd,411.12,85.20626347461676,"(n,n')152Gd"
152Gd,778.91,78.05656799455461,"(n,n')152Gd"
152Gd,715.08,68.13400999999999,"(n,n')152Gd"
152Gd,1314.65,32.50364169499999,"(n,n')152Gd"
152Gd,970.37,20.586566561999994,"(n,n')152Gd"
152Gd,271.12,6.0467254685633005,"(n,n')152Gd"
152Gd,367.79,5.286600161152401,"(n,n')152Gd"
152Gd,699.25,2.4468096399999997,"(n,n')152Gd"
152Gd,586.26,1.4955855048758935,"(n,n')152Gd"
152Gd,764.89,0.9878475399,"(n,n')152Gd"
152Gd,1109.17,0.8373397851,"(n,n')152Gd"
152Gd,471.98,0.7669997717838,"(n,n')152Gd"
152Gd,930.54,0.2578330103036979,"(n,n')152Gd"
152Gd,315.14,0.1627101521334016,"(n,n')152Gd"
152Gd,493.77,0.046799675000000006,"(n,n')152Gd"
152Gd,192.65,0.04169243029300001,"(n,n')152Gd"
152Gd,266.8,0.038926516999999994,"(n,n')152Gd"
152Gd,703.57,0.036225016720199996,"(n,n')152Gd"
152Gd,191.46,0.033365585999999996,"(n,n')152Gd"
152Gd,175.14,0.00943526325980672,"(n,n')152Gd"
152Gd,117.31,0.0027015002798,"(n,n')152Gd"
152Gd,1052.26,1.8980915000000002e-06,"(n,n')152Gd"
152Gd,1962.0,1.8811889000000003e-06,"(n,n')152Gd"
152Gd,652.92,1.5690780000000002e-06,"(n,n')152Gd"
152Gd,385.81,1.5022885472599998e-06,"(n,n')152Gd"
152Gd,1348.13,1.3947049309599997e-06,"(n,n')152Gd"
152Gd,1667.35,1.3245486051599999e-06,"(n,n')152Gd"
152Gd,519.4,1.3027058000000001e-06,"(n,n')152Gd"
152Gd,1089.74,1.20784765934385e-06,"(n,n')152Gd"
152Gd,1299.13,1.19540693423977e-06,"(n,n')152Gd"
152Gd,1160.02,1.10913536979e-06,"(n,n')152Gd"
152Gd,1106.18,1.0568161194e-06,"(n,n')152Gd"
152Gd,794.81,1.0550106807000002e-06,"(n,n')152Gd"
152Gd,845.13,1.0009513936399999e-06,"(n,n')152Gd"
152Sm,121.78,238.19120660306498,"(n,n')152Sm"
152Sm,244.7,35.2170563833067,"(n,n')152Sm"
152Sm,919.33,17.26619224,"(n,n')152Sm"
152Sm,855.0,16.03913292,"(n,n')152Sm"
152Sm,340.4,10.626578713063903,"(n,n')152Sm"
152Sm,841.57,8.876966089333333,"(n,n')152Sm"
152Sm,963.35,7.302542464666667,"(n,n')152Sm"
152Sm,674.63,6.984077759999999,"(n,n')152Sm"
152Sm,418.47,5.951581000000001,"(n,n')152Sm"
152Sm,483.88,5.3734020000000005,"(n,n')152Sm"
152Sm,514.6,3.8580670799999996,"(n,n')152Sm"
152Sm,562.92,3.4258779160009993,"(n,n')152Sm"
152Sm,964.1,1.0877808770000001,"(n,n')152Sm"
152Sm,688.67,1.0697110784841002,"(n,n')152Sm"
152Sm,1085.88,0.7599308690000001,"(n,n')152Sm"
152Sm,443.97,0.39644123700046663,"(n,n')152Sm"
152Sm,810.45,0.3837808161811,"(n,n')152Sm"
152Sm,125.75,0.039681916001,"(n,n')152Sm"
152Sm,719.4,0.020771319,"(n,n')152Sm"
152Sm,275.43,0.002806935,"(n,n')152Sm"
152Sm,152.9,0.0016181126666666669,"(n,n')152Sm"
152Sm,1112.07,3.02797916374662e-06,"(n,n')152Sm"
152Sm,1315.61,2.7993560000000003e-06,"(n,n')152Sm"
152Sm,1021.32,2.2993794512e-06,"(n,n')152Sm"
152Sm,798.73,2.1532212047999996e-06,"(n,n')152Sm"
152Sm,1005.26,2.1150982972e-06,"(n,n')152Sm"
152Sm,1226.0,2.0672900000000002e-06,"(n,n')152Sm"
152Sm,905.9,2.0109695467999995e-06,"(n,n')152Sm"
152Sm,1193.11,1.8010156860000001e-06,"(n,n')152Sm"
152Sm,1212.95,1.7207160080000001e-06,"(n,n')152Sm"
152Sm,656.49,1.7198980889999998e-06,"(n,n')152Sm"
152Sm,1408.01,1.7124843791999996e-06,"(n,n')152Sm"
152Sm,1057.32,1.7123485283999998e-06,"(n,n')152Sm"
152Sm,1363.76,1.5214557384000002e-06,"(n,n')152Sm"
152Sm,1097.1,1.4504987543999997e-06,"(n,n')152Sm"
152Sm,587.34,1.4179314138e-06,"(n,n')152Sm"
152Sm,355.89,1.358353857e-06,"(n,n')152Sm"
152Sm,1389.01,1.2974475179999999e-06,"(n,n')152Sm"
152Sm,1397.72,1.1468074715999999e-06,"(n,n')152Sm"
152Sm,671.15,1.0954497224e-06,"(n,n')152Sm"
152Sm,1454.71,1.0832705862000002e-06,"(n,n')152Sm"
152Sm,564.01,1.0747864152000004e-06,"(n,n')152Sm"
152Sm,735.13,1.0578898176000001e-06,"(n,n')152Sm"
152Sm,287.53,1.0304064078e-06,"(n,n')152Sm"
152Sm,852.71,1.017173412e-06,"(n,n')152Sm"
152Sm,603.62,1.0159367526e-06,"(n,n')152Sm"
153Eu,83.37,125.53195519808216,"(n,n')153Eu"
153Eu,193.06,31.310820651136233,"(n,n')153Eu"
153Eu,109.69,21.330101761668463,"(n,n')153Eu"
153Eu,103.18,0.05187415806522853,"(n,n')153Eu"
153Eu,97.43,0.050039120725212015,"(n,n')153Eu"
153Eu,69.67,0.04067022526047055,"(n,n')153Eu"
153Eu,83.66,0.03287153806627695,"(n,n')153Eu"
153Eu,54.19,0.030183443056306214,"(n,n')153Eu"
153Eu,96.88,0.028059279458433523,"(n,n')153Eu"
153Eu,86.58,0.019919411659422306,"(n,n')153Eu"
153Eu,151.62,0.019476963607434956,"(n,n')153Eu"
153Eu,241.69,0.018908839380141387,"(n,n')153Eu"
153Eu,151.91,0.010436048918543713,"(n,n')153Eu"
153Eu,320.27,0.00947004384,"(n,n')153Eu"
153Eu,287.99,0.009065424431515758,"(n,n')153Eu"
153Eu,126.67,0.00848587151315904,"(n,n')153Eu"
153Eu,329.94,0.007249326631200001,"(n,n')153Eu"
153Eu,156.06,0.007222722823672511,"(n,n')153Eu"
153Eu,132.0,0.004329314099710014,"(n,n')153Eu"
153Eu,141.6,0.0037545686128,"(n,n')153Eu"
153Eu,242.64,0.003625427084326368,"(n,n')153Eu"
153Eu,68.25,0.0035260641565036735,"(n,n')153Eu"
153Eu,305.86,0.0031986473360314594,"(n,n')153Eu"
153Eu,128.8,0.003141224495783947,"(n,n')153Eu"
153Eu,89.78,0.0028106678180427826,"(n,n')153Eu"
153Eu,123.07,0.0024044932867261053,"(n,n')153Eu"
153Eu,268.27,0.0023921549280000007,"(n,n')153Eu"
153Eu,223.55,0.0023418801253848,"(n,n')153Eu"
153Eu,302.72,0.0020843471792000006,"(n,n')153Eu"
153Eu,244.78,0.0019876461568391996,"(n,n')153Eu"
153Eu,170.24,0.0019292166354377145,"(n,n')153Eu"
153Eu,166.55,0.001764912633275166,"(n,n')153Eu"
153Eu,39.33,0.0014755381760314598,"(n,n')153Eu"
153Eu,159.19,0.00140579939107728,"(n,n')153Eu"
153Eu,137.85,0.00134325399465367,"(n,n')153Eu"
153Eu,155.99,0.0011854875462069601,"(n,n')153Eu"
153Eu,172.3,0.0010067237836863694,"(n,n')153Eu"
153Eu,152.86,0.0008732438337611199,"(n,n')153Eu"
153Eu,111.6,0.00076760749454998,"(n,n')153Eu"
153Eu,89.48,0.0007586195005927258,"(n,n')153Eu"
153Eu,412.17,0.0007555533875999999,"(n,n')153Eu"
153Eu,569.0,0.00071313376602,"(n,n')153Eu"
153Eu,531.82,0.0006970980552227999,"(n,n')153Eu"
153Eu,118.11,0.0006292023648039808,"(n,n')153Eu"
153Eu,237.87,0.0005729574627500201,"(n,n')153Eu"
153Eu,173.95,0.0005523593688000001,"(n,n')153Eu"
153Eu,103.87,0.0005009475371999999,"(n,n')153Eu"
153Eu,186.71,0.00044415616,"(n,n')153Eu"
153Eu,617.0,0.00043177583124,"(n,n')153Eu"
153Eu,82.27,0.00041983575729999997,"(n,n')153Eu"
153Eu,358.94,0.00035653192103999996,"(n,n')153Eu"
153Eu,75.42,0.0003562577765214458,"(n,n')153Eu"
153Eu,216.14,0.00034296128000000004,"(n,n')153Eu"
153Eu,533.82,0.00032830499914000003,"(n,n')153Eu"
153Eu,485.15,0.0003091986687999999,"(n,n')153Eu"
153Eu,658.0,0.00030491958007999994,"(n,n')153Eu"
153Eu,533.63,0.00030403846876,"(n,n')153Eu"
153Eu,199.38,0.0002881503427,"(n,n')153Eu"
153Eu,14.06,0.00027968577751770674,"(n,n')153Eu"
153Eu,42.22,0.00026808585042489776,"(n,n')153Eu"
153Eu,539.57,0.00020364756956,"(n,n')153Eu"
153Eu,578.82,0.00020231811711999997,"(n,n')153Eu"
153Eu,485.63,0.00018706033398,"(n,n')153Eu"
153Eu,161.12,0.0001771169842728,"(n,n')153Eu"
153Eu,464.15,0.0001623329435,"(n,n')153Eu"
153Eu,412.27,0.00016061795904,"(n,n')153Eu"
153Eu,509.15,0.00014581900704,"(n,n')153Eu"
153Eu,172.85,0.00014096832644067185,"(n,n')153Eu"
153Eu,74.54,0.00012726183314416,"(n,n')153Eu"
153Eu,487.59,0.00010813361239999999,"(n,n')153Eu"
153Eu,598.63,9.464751968e-05,"(n,n')153Eu"
153Eu,74.08,8.150374175999999e-05,"(n,n')153Eu"
153Eu,574.63,7.605735111999998e-05,"(n,n')153Eu"
153Eu,584.57,5.347354656e-05,"(n,n')153Eu"
153Eu,255.07,4.033974502387467e-05,"(n,n')153Eu"
153Eu,637.0,1.92658878e-05,"(n,n')153Eu"
153Eu,462.15,1.53876880773e-05,"(n,n')153Eu"
153Eu,635.0,3.2922495421200004e-06,"(n,n')153Eu"
153Gd,41.55,131.24158336,"(n,n')153Gd"
153Gd,51.78,49.62630336000001,"(n,n')153Gd"
153Gd,168.4,6.7711440000000005,"(n,n')153Gd"
153Gd,93.33,3.85031664,"(n,n')153Gd"
153Sm,7.54,97.76712666666666,"(n,n')153Sm"
154Gd,123.07,369.98891184799686,"(n,n')154Gd"
154Gd,247.93,81.90379817033737,"(n,n')154Gd"
154Gd,1033.1,28.42918,"(n,n')154Gd"
154Gd,1128.57,26.5533794615,"(n,n')154Gd"
154Gd,1241.29,12.635678183000003,"(n,n')154Gd"
154Gd,1118.22,10.275599123000003,"(n,n')154Gd"
154Gd,880.64,6.748219725000001,"(n,n')154Gd"
154Gd,346.66,5.702102759544158,"(n,n')154Gd"
154Gd,557.59,3.5970388921383005,"(n,n')154Gd"
154Gd,1251.64,1.3046558135000001,"(n,n')154Gd"
154Gd,692.42,1.2523351923825201,"(n,n')154Gd"
154Gd,873.19,0.9945544526000002,"(n,n')154Gd"
154Gd,996.26,0.8843872480000001,"(n,n')154Gd"
154Gd,426.81,0.5961066999999999,"(n,n')154Gd"
154Gd,444.49,0.38317718572898,"(n,n')154Gd"
154Gd,815.49,0.3440044272502,"(n,n')154Gd"
154Gd,560.63,0.15271099800000001,"(n,n')154Gd"
154Gd,425.8,0.07404169600000002,"(n,n')154Gd"
154Gd,625.26,0.026112295900000002,"(n,n')154Gd"
154Gd,134.83,0.008948092038299998,"(n,n')154Gd"
154Gd,315.6,0.0005718021,"(n,n')154Gd"
154Gd,180.77,0.00038120140000000004,"(n,n')154Gd"
154Gd,1061.55,1.3039603877599998e-06,"(n,n')154Gd"
154Gd,1109.93,1.3013706000000002e-06,"(n,n')154Gd"
154Gd,906.0,1.2985680000000001e-06,"(n,n')154Gd"
154Gd,1004.72,1.2981388125199998e-06,"(n,n')154Gd"
154Gd,1274.46,1.2493050505799998e-06,"(n,n')154Gd"
154Gd,892.79,1.19767132876e-06,"(n,n')154Gd"
154Gd,676.59,1.15590813639e-06,"(n,n')154Gd"
154Gd,648.24,1.0433959044899999e-06,"(n,n')154Gd"
154Sm,81.98,232.87048879678673,"(n,n')154Sm"
154Sm,184.81,31.22302971700203,"(n,n')154Sm"
154Sm,276.94,11.606719526000001,"(n,n')154Sm"
154Sm,913.86,11.207327874,"(n,n')154Sm"
154Sm,930.41,11.027641545000003,"(n,n')154Sm"
154Sm,358.91,7.476537600000001,"(n,n')154Sm"
154Sm,839.42,7.145957933520412,"(n,n')154Sm"
154Sm,430.16,6.885186000000001,"(n,n')154Sm"
154Sm,745.6,6.619408455000001,"(n,n')154Sm"
154Sm,921.4,4.64410630261292,"(n,n')154Sm"
154Sm,1017.35,3.3847599999999995,"(n,n')154Sm"
154Sm,636.92,3.2986621260000004,"(n,n')154Sm"
154Sm,1120.0,1.897038,"(n,n')154Sm"
154Sm,1095.83,0.7678929170000001,"(n,n')154Sm"
154Sm,911.02,0.6226465872,"(n,n')154Sm"
154Sm,1177.81,0.49141359300000004,"(n,n')154Sm"
154Sm,256.41,0.0117409028,"(n,n')154Sm"
154Sm,1104.0,2.266286e-06,"(n,n')154Sm"
154Sm,1295.0,2.244206e-06,"(n,n')154Sm"
154Sm,1365.0,2.17353e-06,"(n,n')154Sm"
154Sm,1371.0,2.1729179999999996e-06,"(n,n')154Sm"
154Sm,1472.13,2.162584e-06,"(n,n')154Sm"
154Sm,1475.0,2.11334e-06,"(n,n')154Sm"
154Sm,1431.0,1.865782e-06,"(n,n')154Sm"
154Sm,1433.21,1.47054474144e-06,"(n,n')154Sm"
154Sm,1457.28,1.3915224708000003e-06,"(n,n')154Sm"
155Gd,60.01,174.1318899065794,"(n,n')155Gd"
155Gd,86.06,68.7595940055794,"(n,n')155Gd"
155Gd,146.07,9.3230700934206,"(n,n')155Gd"
155Gd,105.64,8.042784099000002,"(n,n')155Gd"
155Gd,191.7,3.9274259010000003,"(n,n')155Gd"
156Dy,137.83,281.31541210942504,"(n,n')156Dy"
156Dy,266.35,81.59485425280555,"(n,n')156Dy"
156Dy,684.33,27.205013836000003,"(n,n')156Dy"
156Dy,366.4,26.755640388000003,"(n,n')156Dy"
156Dy,445.11,25.813572500000003,"(n,n')156Dy"
156Dy,764.49,10.457823465615,"(n,n')156Dy"
156Dy,1030.84,9.256430341125998,"(n,n')156Dy"
156Dy,950.68,3.4826455560000005,"(n,n')156Dy"
156Dy,690.88,2.8701141480000003,"(n,n')156Dy"
156Dy,890.79,1.9232969375487974,"(n,n')156Dy"
156Dy,884.5,1.4876922874999998,"(n,n')156Dy"
156Dy,277.88,1.4019774602328,"(n,n')156Dy"
156Dy,538.06,1.289226,"(n,n')156Dy"
156Dy,752.96,1.1400495239934587,"(n,n')156Dy"
156Dy,317.93,0.8580431079999999,"(n,n')156Dy"
156Dy,618.15,0.28865671249999997,"(n,n')156Dy"
156Dy,424.53,0.256371852,"(n,n')156Dy"
156Dy,486.61,0.11670799869054377,"(n,n')156Dy"
156Gd,88.97,397.89403375890305,"(n,n')156Gd"
156Gd,199.21,98.09822529941233,"(n,n')156Gd"
156Gd,296.53,20.60073407589039,"(n,n')156Gd"
156Gd,1187.13,19.350129568000003,"(n,n')156Gd"
156Gd,1119.92,17.691922563,"(n,n')156Gd"
156Gd,1153.52,9.461567472,"(n,n')156Gd"
156Gd,1242.49,9.185480724000001,"(n,n')156Gd"
156Gd,987.92,8.515840432000001,"(n,n')156Gd"
156Gd,380.38,7.840962599999999,"(n,n')156Gd"
156Gd,450.94,6.831912999999999,"(n,n')156Gd"
156Gd,823.39,5.222107437,"(n,n')156Gd"
156Gd,960.53,3.4491028040000002,"(n,n')156Gd"
156Gd,1040.44,1.1501184953999997,"(n,n')156Gd"
156Gd,1065.14,0.9626249865,"(n,n')156Gd"
156Gd,1154.11,0.925860065,"(n,n')156Gd"
156Gd,841.23,0.46459316879999996,"(n,n')156Gd"
156Gd,1129.41,0.3114623358,"(n,n')156Gd"
156Gd,865.93,0.0363799485,"(n,n')156Gd"
156Gd,192.99,0.007461804000000002,"(n,n')156Gd"
156Gd,1180.35,3.978467999999999e-06,"(n,n')156Gd"
156Gd,1476.3,3.976778e-06,"(n,n')156Gd"
156Gd,1252.05,3.4090522245e-06,"(n,n')156Gd"
156Gd,1218.63,3.0066902540000004e-06,"(n,n')156Gd"
156Gd,1230.77,2.8641679374e-06,"(n,n')156Gd"
156Gd,1158.99,2.8274557247999997e-06,"(n,n')156Gd"
156Gd,1174.08,2.5880765328000004e-06,"(n,n')156Gd"
156Gd,1067.19,2.3725761935e-06,"(n,n')156Gd"
156Gd,1208.82,1.9312150368e-06,"(n,n')156Gd"
156Gd,1009.61,1.842594081e-06,"(n,n')156Gd"
156Gd,1250.66,1.827190781e-06,"(n,n')156Gd"
156Gd,1222.36,1.7756213149809e-06,"(n,n')156Gd"
156Gd,1449.87,1.717311219e-06,"(n,n')156Gd"
156Gd,969.87,1.4645388358000002e-06,"(n,n')156Gd"
156Gd,1277.52,1.2241238433004e-06,"(n,n')156Gd"
156Gd,1169.08,1.039917767e-06,"(n,n')156Gd"
156Gd,922.1,1.038890391e-06,"(n,n')156Gd"
157Eu,76.71,86.73036819117948,"(n,n')157Eu"
157Eu,177.0,40.2807,"(n,n')157Eu"
157Eu,296.0,8.745083000000001,"(n,n')157Eu"
157Eu,197.86,0.30381106483914544,"(n,n')157Eu"
157Eu,196.47,0.21985722357085885,"(n,n')157Eu"
157Eu,394.33,0.15574528676885663,"(n,n')157Eu"
157Eu,59.17,0.14767292170113422,"(n,n')157Eu"
157Eu,1073.0,0.1209104,"(n,n')157Eu"
157Eu,1300.0,0.04074901,"(n,n')157Eu"
157Eu,1098.0,0.03205433,"(n,n')157Eu"
157Eu,276.09,0.030162993277999997,"(n,n')157Eu"
157Eu,1145.0,0.02972135,"(n,n')157Eu"
157Eu,121.15,0.02891378987462681,"(n,n')157Eu"
157Eu,263.23,0.027803766508278357,"(n,n')157Eu"
157Eu,823.41,0.02649527015099999,"(n,n')157Eu"
157Eu,472.56,0.0212682904,"(n,n')157Eu"
157Eu,577.66,0.020711947067999992,"(n,n')157Eu"
157Eu,1404.0,0.020490670000000002,"(n,n')157Eu"
157Eu,518.49,0.019149382931999994,"(n,n')157Eu"
157Eu,1562.0,0.018500720000000002,"(n,n')157Eu"
157Eu,1463.12,0.017888290295,"(n,n')157Eu"
157Eu,186.52,0.01719987727100372,"(n,n')157Eu"
157Eu,317.62,0.01699967460824676,"(n,n')157Eu"
157Eu,1603.0,0.01674705,"(n,n')157Eu"
157Eu,190.27,0.0162400222381796,"(n,n')157Eu"
157Eu,1163.06,0.015939505066,"(n,n')157Eu"
157Eu,1377.32,0.014537838077999998,"(n,n')157Eu"
157Eu,1155.24,0.014514384275999999,"(n,n')157Eu"
157Eu,670.42,0.013983900938,"(n,n')157Eu"
157Eu,1220.61,0.012912645724,"(n,n')157Eu"
157Eu,1185.08,0.012160484232000002,"(n,n')157Eu"
157Eu,65.37,0.010894559896388122,"(n,n')157Eu"
157Eu,216.92,0.010542995384,"(n,n')157Eu"
157Eu,758.04,0.010004619848999998,"(n,n')157Eu"
157Eu,988.61,0.008907575768,"(n,n')157Eu"
157Eu,1300.61,0.006688381922,"(n,n')157Eu"
157Eu,1386.41,0.006171279705,"(n,n')157Eu"
157Eu,966.59,0.005758704934,"(n,n')157Eu"
157Eu,453.5,0.005737909356102,"(n,n')157Eu"
157Eu,1322.0,0.004261696,"(n,n')157Eu"
157Eu,376.79,0.0042251877985842,"(n,n')157Eu"
157Eu,988.38,0.0016352203265999996,"(n,n')157Eu"
157Eu,645.0,0.0013038009999999998,"(n,n')157Eu"
157Eu,539.0,0.0011388603,"(n,n')157Eu"
157Eu,716.31,0.0006711805670044,"(n,n')157Eu"
157Eu,594.05,0.00032843889539999993,"(n,n')157Eu"
157Eu,518.45,0.00027372567352529993,"(n,n')157Eu"
157Eu,453.08,0.0002608073124906,"(n,n')157Eu"
157Eu,321.98,0.000229803303428,"(n,n')157Eu"
157Eu,534.88,0.00021576277799999997,"(n,n')157Eu"
157Eu,457.0,2.1049511999999998e-06,"(n,n')157Eu"
157Eu,350.0,2.1005906999999996e-06,"(n,n')157Eu"
157Eu,1247.0,2.009445e-06,"(n,n')157Eu"
157Eu,1369.0,1.9938794e-06,"(n,n')157Eu"
157Eu,584.0,1.9800287e-06,"(n,n')157Eu"
157Eu,724.0,1.7569411999999998e-06,"(n,n')157Eu"
157Eu,1635.0,1.0955687e-06,"(n,n')157Eu"
157Gd,54.53,197.8433191148888,"(n,n')157Gd"
157Gd,76.92,81.82248853801542,"(n,n')157Gd"
157Gd,95.86,11.283629774092198,"(n,n')157Gd"
157Gd,131.45,8.7692829503488,"(n,n')157Gd"
157Gd,172.78,4.2714139840000005,"(n,n')157Gd"
157Gd,51.8,1.6024232356291852e-05,"(n,n')157Gd"
157Gd,9.39,1.0036010052291488e-05,"(n,n')157Gd"
157Gd,63.92,6.817655570269544e-06,"(n,n')157Gd"
157Gd,64.51,5.344505483440943e-06,"(n,n')157Gd"
157Gd,276.0,2.748444e-06,"(n,n')157Gd"
157Gd,372.0,2.734898e-06,"(n,n')157Gd"
157Gd,618.0,2.7009769999999996e-06,"(n,n')157Gd"
157Gd,655.7,2.6913040000000005e-06,"(n,n')157Gd"
157Gd,739.0,2.684614e-06,"(n,n')157Gd"
157Gd,119.94,2.650279162618273e-06,"(n,n')157Gd"
157Gd,360.0,2.559418e-06,"(n,n')157Gd"
157Gd,315.0,2.5467750000000003e-06,"(n,n')157Gd"
157Gd,786.0,2.1079332e-06,"(n,n')157Gd"
157Gd,794.0,2.1071486000000007e-06,"(n,n')157Gd"
157Gd,245.77,1.7021153425000003e-06,"(n,n')157Gd"
157Gd,370.51,1.61155448532e-06,"(n,n')157Gd"
157Gd,566.0,1.5514055999999999e-06,"(n,n')157Gd"
157Gd,665.0,1.5447602e-06,"(n,n')157Gd"
157Gd,793.4,1.5400771999999998e-06,"(n,n')157Gd"
157Gd,251.56,1.4784397309000003e-06,"(n,n')157Gd"
157Gd,293.31,1.4677313670000001e-06,"(n,n')157Gd"
157Gd,409.13,1.33661874096e-06,"(n,n')157Gd"
157Gd,570.95,1.333860817068e-06,"(n,n')157Gd"
157Gd,619.31,1.2927105624999999e-06,"(n,n')157Gd"
157Gd,410.71,1.28921124988e-06,"(n,n')157Gd"
157Gd,427.36,1.2421923587925e-06,"(n,n')157Gd"
157Gd,607.18,1.22437514308e-06,"(n,n')157Gd"
157Gd,687.51,1.18822537967e-06,"(n,n')157Gd"
157Gd,692.47,1.1686585443000001e-06,"(n,n')157Gd"
157Gd,215.8,1.1296861862000002e-06,"(n,n')157Gd"
157Gd,762.66,1.12792382904e-06,"(n,n')157Gd"
157Gd,131.62,1.0622712691000001e-06,"(n,n')157Gd"
157Gd,198.69,1.0234496575e-06,"(n,n')157Gd"
158Dy,98.92,283.7636847553355,"(n,n')158Dy"
158Dy,218.22,53.38463454611308,"(n,n')158Dy"
158Dy,320.57,33.315816266666666,"(n,n')158Dy"
158Dy,839.29,25.46239333333333,"(n,n')158Dy"
158Dy,1272.81,18.288484118666666,"(n,n')158Dy"
158Dy,425.41,12.698442548000003,"(n,n')158Dy"
158Dy,1441.75,11.34283571,"(n,n')158Dy"
158Dy,1342.83,9.64298429,"(n,n')158Dy"
158Dy,847.4,9.2679199652736,"(n,n')158Dy"
158Dy,406.18,6.139622933333333,"(n,n')158Dy"
158Dy,476.21,6.016857333333333,"(n,n')158Dy"
158Dy,946.32,4.907732494048801,"(n,n')158Dy"
158Dy,891.61,3.9071320982,"(n,n')158Dy"
158Dy,95.05,0.9255250982000002,"(n,n')158Dy"
158Dy,986.66,0.2690202056,"(n,n')158Dy"
158Dy,768.44,0.2579248291000001,"(n,n')158Dy"
158Dy,1085.58,0.25451086710000004,"(n,n')158Dy"
158Dy,629.18,0.2334270886776,"(n,n')158Dy"
158Dy,1486.35,1.7885880000000002e-06,"(n,n')158Dy"
158Dy,1402.2,1.6380359999999998e-06,"(n,n')158Dy"
158Dy,997.64,1.39456464e-06,"(n,n')158Dy"
158Dy,945.68,1.383407271e-06,"(n,n')158Dy"
158Dy,1201.31,1.331471844e-06,"(n,n')158Dy"
158Dy,1362.0,1.3307687999999997e-06,"(n,n')158Dy"
158Dy,846.61,1.2672463060000002e-06,"(n,n')158Dy"
158Dy,1298.25,1.2558834422e-06,"(n,n')158Dy"
158Dy,1181.08,1.1657316398e-06,"(n,n')158Dy"
158Dy,1414.62,1.1560181357999998e-06,"(n,n')158Dy"
158Gd,79.51,395.91177993546677,"(n,n')158Gd"
158Gd,181.93,96.89290805632407,"(n,n')158Gd"
158Gd,277.54,21.016186875764706,"(n,n')158Gd"
158Gd,962.08,13.689856580155356,"(n,n')158Gd"
158Gd,914.99,13.052661695221063,"(n,n')158Gd"
158Gd,365.42,8.66545,"(n,n')158Gd"
158Gd,977.09,7.622660435231531,"(n,n')158Gd"
158Gd,446.1,7.414479,"(n,n')158Gd"
158Gd,780.15,6.4659982198378065,"(n,n')158Gd"
158Gd,897.58,5.79515409606847,"(n,n')158Gd"
158Gd,637.45,3.490423804836484,"(n,n')158Gd"
158Gd,1116.59,3.4665343087,"(n,n')158Gd"
158Gd,1107.59,1.0743031312,"(n,n')158Gd"
158Gd,998.37,0.865171584,"(n,n')158Gd"
158Gd,1187.1,0.8536733879999999,"(n,n')158Gd"
158Gd,1259.81,0.622231092,"(n,n')158Gd"
158Gd,1180.3,0.34622423999999996,"(n,n')158Gd"
158Gd,218.22,0.06165903600000001,"(n,n')158Gd"
158Gd,282.72,0.04473684,"(n,n')158Gd"
158Gd,925.66,0.0210494808,"(n,n')158Gd"
158Gd,134.84,0.014902173,"(n,n')158Gd"
158Gd,944.14,0.0052799265490839535,"(n,n')158Gd"
158Gd,236.16,0.005057208,"(n,n')158Gd"
158Gd,219.01,0.0031226913,"(n,n')158Gd"
158Gd,897.48,0.00033687443316421806,"(n,n')158Gd"
158Gd,1414.0,0.0002489834,"(n,n')158Gd"
158Gd,1440.0,0.0002488656,"(n,n')158Gd"
158Gd,1391.0,0.00023871770000000002,"(n,n')158Gd"
158Gd,1119.13,0.00023283029686966286,"(n,n')158Gd"
158Gd,1219.93,0.00022897399929092005,"(n,n')158Gd"
158Gd,1237.6,0.00022350136781999996,"(n,n')158Gd"
158Gd,1096.98,0.00020949528646000006,"(n,n')158Gd"
158Gd,1185.97,0.00020073237085977222,"(n,n')158Gd"
158Gd,832.91,0.00018494689551000004,"(n,n')158Gd"
158Gd,1327.13,0.00015071049071999998,"(n,n')158Gd"
158Gd,1323.35,0.000134634258,"(n,n')158Gd"
158Gd,1141.42,0.00011446405157000001,"(n,n')158Gd"
158Gd,1437.89,8.682936723055999e-05,"(n,n')158Gd"
158Gd,1183.95,8.128862389166546e-05,"(n,n')158Gd"
158Gd,212.97,7.881737474000003e-05,"(n,n')158Gd"
158Gd,1517.4,7.341156243696e-05,"(n,n')158Gd"
158Gd,1278.91,6.804357984000002e-05,"(n,n')158Gd"
158Gd,960.06,5.813243123999999e-05,"(n,n')158Gd"
158Gd,1263.46,5.526206297489839e-05,"(n,n')158Gd"
158Gd,1004.04,5.1664758800000005e-05,"(n,n')158Gd"
158Gd,942.39,5.043542191360001e-05,"(n,n')158Gd"
158Gd,1301.06,4.719708300000001e-05,"(n,n')158Gd"
158Gd,1372.79,4.5124092461e-05,"(n,n')158Gd"
158Gd,867.66,4.3056179559999996e-05,"(n,n')158Gd"
158Gd,1145.2,4.0727319879999996e-05,"(n,n')158Gd"
158Gd,365.05,3.0247451319999995e-05,"(n,n')158Gd"
158Gd,1255.96,2.911619310896e-05,"(n,n')158Gd"
158Gd,135.27,1.8757249083954e-05,"(n,n')158Gd"
158Gd,230.21,1.023034788e-05,"(n,n')158Gd"
158Gd,195.46,7.4586297500000014e-06,"(n,n')158Gd"
158Gd,475.81,4.852700182704e-06,"(n,n')158Gd"
158Gd,117.33,3.4307205200000008e-06,"(n,n')158Gd"
158Gd,253.94,2.975523413344e-06,"(n,n')158Gd"
158Gd,215.89,2.0117502012244007e-06,"(n,n')158Gd"
158Gd,100.8,1.5017290234492e-06,"(n,n')158Gd"
158Gd,146.83,1.4139505199999998e-06,"(n,n')158Gd"
158Gd,118.47,1.3868009399999996e-06,"(n,n')158Gd"
158Gd,475.21,1.330940483e-06,"(n,n')158Gd"
160Dy,86.79,268.36414937746304,"(n,n')160Dy"
160Dy,197.03,32.494685734578404,"(n,n')160Dy"
160Dy,1193.01,3.475287,"(n,n')160Dy"
160Dy,297.36,2.9319239546565643,"(n,n')160Dy"
160Dy,879.38,1.0791147432,"(n,n')160Dy"
160Dy,1124.98,0.9590926,"(n,n')160Dy"
160Dy,966.17,0.8993289473999999,"(n,n')160Dy"
160Dy,1199.9,0.80730227,"(n,n')160Dy"
160Dy,1285.59,0.7613190000000001,"(n,n')160Dy"
160Dy,1262.83,0.7489310675,"(n,n')160Dy"
160Dy,1349.62,0.6963292299999999,"(n,n')160Dy"
160Dy,1065.8,0.5397147025,"(n,n')160Dy"
160Dy,1002.87,0.35219287520000003,"(n,n')160Dy"
160Dy,385.67,0.20636056,"(n,n')160Dy"
160Dy,682.35,0.0213983094,"(n,n')160Dy"
160Dy,461.87,0.014058359999999999,"(n,n')160Dy"
160Dy,237.58,0.0020908548,"(n,n')160Dy"
160Dy,962.32,0.0017178719265128,"(n,n')160Dy"
160Dy,765.29,0.00037489026563999997,"(n,n')160Dy"
160Dy,1004.85,2.0644618784e-06,"(n,n')160Dy"
160Dy,857.16,1.8374347152000002e-06,"(n,n')160Dy"
160Dy,871.99,1.7730100145999997e-06,"(n,n')160Dy"
160Dy,941.22,1.5572218488000003e-06,"(n,n')160Dy"
160Dy,1102.62,1.4673914355888e-06,"(n,n')160Dy"
160Dy,1312.15,1.4631496628e-06,"(n,n')160Dy"
160Dy,1271.88,1.3776381606000001e-06,"(n,n')160Dy"
160Dy,1251.34,1.1456446320000002e-06,"(n,n')160Dy"
160Dy,1431.97,1.1391242506e-06,"(n,n')160Dy"
160Dy,298.58,1.073545749e-06,"(n,n')160Dy"
160Gd,75.26,387.85523103908605,"(n,n')160Gd"
160Gd,173.26,89.72727580049369,"(n,n')160Gd"
160Gd,913.0,19.42031,"(n,n')160Gd"
160Gd,266.23,18.968799636446132,"(n,n')160Gd"
160Gd,1179.34,10.031117851500001,"(n,n')160Gd"
160Gd,353.15,9.164095,"(n,n')160Gd"
160Gd,432.8,7.767284,"(n,n')160Gd"
160Gd,1149.02,7.6644197819999995,"(n,n')160Gd"
160Gd,1224.28,4.996220112,"(n,n')160Gd"
160Gd,137.76,4.1433916995,"(n,n')160Gd"
160Gd,1250.47,3.496738,"(n,n')160Gd"
160Gd,1214.84,2.684508731809098,"(n,n')160Gd"
160Gd,1301.8,1.7904004816,"(n,n')160Gd"
160Gd,235.17,1.7554854490000003,"(n,n')160Gd"
160Gd,1041.58,1.3963257333225283,"(n,n')160Gd"
160Gd,913.14,1.3147079119638585,"(n,n')160Gd"
160Gd,122.27,1.2817358069259048,"(n,n')160Gd"
160Gd,988.4,1.0081084619380711,"(n,n')160Gd"
160Gd,821.9,0.8008271803784899,"(n,n')160Gd"
160Gd,995.16,0.4885773912812838,"(n,n')160Gd"
160Gd,944.17,0.3347393393954001,"(n,n')160Gd"
160Gd,235.88,0.323300106,"(n,n')160Gd"
160Gd,677.94,0.13902054411604392,"(n,n')160Gd"
160Gd,1128.54,0.09322957999999999,"(n,n')160Gd"
160Gd,301.7,0.06256521466245002,"(n,n')160Gd"
160Gd,319.52,0.0488719272,"(n,n')160Gd"
160Gd,739.88,0.0447469467605203,"(n,n')160Gd"
160Gd,982.28,0.035227899015270896,"(n,n')160Gd"
160Gd,306.64,0.030226011200000003,"(n,n')160Gd"
160Gd,555.67,0.0225655973726988,"(n,n')160Gd"
160Gd,809.02,0.013652216171729098,"(n,n')160Gd"
160Gd,946.0,9.226587e-06,"(n,n')160Gd"
160Gd,1012.55,6.872411336800001e-06,"(n,n')160Gd"
160Gd,1016.0,6.573603e-06,"(n,n')160Gd"
160Gd,899.26,6.5552065307111995e-06,"(n,n')160Gd"
160Gd,816.36,6.498057152e-06,"(n,n')160Gd"
160Gd,1385.04,4.8953629665e-06,"(n,n')160Gd"
160Gd,1047.05,4.5321841024e-06,"(n,n')160Gd"
160Gd,1187.47,3.9925709728e-06,"(n,n')160Gd"
160Gd,1388.64,3.8767137936e-06,"(n,n')160Gd"
160Gd,245.02,3.7352246439999994e-06,"(n,n')160Gd"
160Gd,878.05,3.6933758815999993e-06,"(n,n')160Gd"
160Gd,1460.3,3.1390420335e-06,"(n,n')160Gd"
160Gd,1275.83,2.558883159e-06,"(n,n')160Gd"
160Gd,633.03,2.3346176676e-06,"(n,n')160Gd"
160Gd,138.42,2.209232144e-06,"(n,n')160Gd"
160Gd,1072.52,2.1375573252e-06,"(n,n')160Gd"
160Gd,225.15,1.7699600319999999e-06,"(n,n')160Gd"
160Gd,746.32,1.5847876136000001e-06,"(n,n')160Gd"
160Gd,1304.3,1.5254691e-06,"(n,n')160Gd"
160Gd,1144.28,1.4753914743999997e-06,"(n,n')160Gd"
160Gd,1313.38,1.3181215152e-06,"(n,n')160Gd"
160Gd,1360.73,1.1969965368e-06,"(n,n')160Gd"
160Gd,238.03,1.1190130944e-06,"(n,n')160Gd"
160Gd,780.82,1.0447743615999998e-06,"(n,n')160Gd"
160Tb,78.87,168.868153671,"(n,n')160Tb"
160Tb,97.96,40.783153671,"(n,n')160Tb"
160Tb,176.83,16.991536329,"(n,n')160Tb"
161Dy,43.82,231.70848956131044,"(n,n')161Dy"
161Dy,56.58,78.46362855113183,"(n,n')161Dy"
161Dy,83.83,16.904066907661726,"(n,n')161Dy"
161Dy,100.4,5.887724438689531,"(n,n')161Dy"
161Dy,83.21,5.62316604144036,"(n,n')161Dy"
161Dy,140.41,3.906061010178636,"(n,n')161Dy"
161Dy,167.04,2.0787460821596397,"(n,n')161Dy"
161Dy,139.55,0.9382321236000001,"(n,n')161Dy"
161Dy,222.76,0.7947418763999999,"(n,n')161Dy"
161Dy,443.4,1.098233e-06,"(n,n')161Dy"
161Dy,485.56,1.0959816000000001e-06,"(n,n')161Dy"
161Dy,256.14,1.047848e-06,"(n,n')161Dy"
162Dy,80.66,302.1003402662052,"(n,n')162Dy"
162Dy,185.0,39.62641433812503,"(n,n')162Dy"
162Dy,282.87,4.148660571753222,"(n,n')162Dy"
162Dy,1319.48,3.727339333333333,"(n,n')162Dy"
162Dy,807.53,1.1687636598597533,"(n,n')162Dy"
162Dy,888.19,1.0509447425351812,"(n,n')162Dy"
162Dy,1372.78,0.9416801418999999,"(n,n')162Dy"
162Dy,1125.03,0.7360118146533333,"(n,n')162Dy"
162Dy,1129.46,0.6641272722,"(n,n')162Dy"
162Dy,1187.78,0.6310513091999999,"(n,n')162Dy"
162Dy,1195.44,0.5402865591000001,"(n,n')162Dy"
162Dy,392.42,0.5224696061999999,"(n,n')162Dy"
162Dy,944.46,0.4320828036,"(n,n')162Dy"
162Dy,795.36,0.365270897181522,"(n,n')162Dy"
162Dy,372.46,0.29444138000000003,"(n,n')162Dy"
162Dy,1276.1,0.2809424409,"(n,n')162Dy"
162Dy,842.16,0.2798400146233333,"(n,n')162Dy"
162Dy,980.36,0.20047384457581982,"(n,n')162Dy"
162Dy,321.93,0.09220814679999999,"(n,n')162Dy"
162Dy,247.15,0.0655363688,"(n,n')162Dy"
162Dy,882.31,0.055746887314695306,"(n,n')162Dy"
162Dy,329.67,0.03499313739,"(n,n')162Dy"
162Dy,1453.44,0.0338519427,"(n,n')162Dy"
162Dy,622.53,0.0244613921695906,"(n,n')162Dy"
162Dy,453.92,0.022873980000000002,"(n,n')162Dy"
162Dy,149.1,0.016130075266666665,"(n,n')162Dy"
162Dy,697.31,0.010730896342879452,"(n,n')162Dy"
162Dy,512.49,0.005162335369709998,"(n,n')162Dy"
162Dy,172.83,0.001663419174684333,"(n,n')162Dy"
162Dy,98.05,0.001032467073942,"(n,n')162Dy"
162Dy,74.78,9.975877233996e-05,"(n,n')162Dy"
162Dy,917.13,6.670675251103697e-06,"(n,n')162Dy"
162Dy,1220.05,5.2890250790493555e-06,"(n,n')162Dy"
162Dy,347.31,4.476418705799999e-06,"(n,n')162Dy"
162Dy,1638.41,4.431832e-06,"(n,n')162Dy"
162Dy,1571.2,3.978506e-06,"(n,n')162Dy"
162Dy,1089.21,3.860518e-06,"(n,n')162Dy"
162Dy,90.4,3.6037392212e-06,"(n,n')162Dy"
162Dy,334.07,3.4135990462455997e-06,"(n,n')162Dy"
162Dy,775.9,3.2938223328e-06,"(n,n')162Dy"
162Dy,1253.14,3.2519088672e-06,"(n,n')162Dy"
162Dy,347.38,3.1973710071999998e-06,"(n,n')162Dy"
162Dy,1277.11,2.7497899422e-06,"(n,n')162Dy"
162Dy,260.07,2.718405708e-06,"(n,n')162Dy"
162Dy,647.67,2.7124392472000004e-06,"(n,n')162Dy"
162Dy,937.18,2.529533733458387e-06,"(n,n')162Dy"
162Dy,941.74,2.4928390912000003e-06,"(n,n')162Dy"
162Dy,1025.57,2.2230565224000003e-06,"(n,n')162Dy"
162Dy,1308.44,2.2221674776e-06,"(n,n')162Dy"
162Dy,1637.1,2.099928e-06,"(n,n')162Dy"
162Dy,573.59,1.8934101760000002e-06,"(n,n')162Dy"
162Dy,572.89,1.4446154848000001e-06,"(n,n')162Dy"
162Dy,970.27,1.3014998976000001e-06,"(n,n')162Dy"
162Dy,1092.11,1.2650880578000001e-06,"(n,n')162Dy"
162Dy,671.64,1.2363822240000002e-06,"(n,n')162Dy"
162Dy,233.13,1.1928129928e-06,"(n,n')162Dy"
162Dy,1584.26,1.048744e-06,"(n,n')162Dy"
162Dy,1664.92,1.048744e-06,"(n,n')162Dy"
162Er,102.0,119.0009656903491,"(n,n')162Er"
162Er,227.52,1.2024318352580428,"(n,n')162Er"
162Er,337.48,1.1116318352580428,"(n,n')162Er"
162Er,798.7,0.24283517977727997,"(n,n')162Er"
162Er,461.0,0.23847239947479998,"(n,n')162Er"
162Er,900.7,0.18820720152945503,"(n,n')162Er"
162Er,196.1,0.17468970000000003,"(n,n')162Er"
162Er,899.9,0.16587955732166107,"(n,n')162Er"
162Er,802.1,0.1245475,"(n,n')162Er"
162Er,1069.0,0.11887814067082748,"(n,n')162Er"
162Er,504.0,0.07056027160490749,"(n,n')162Er"
162Er,762.9,0.065952997166,"(n,n')162Er"
162Er,1254.7,0.060266366147999996,"(n,n')162Er"
162Er,619.3,0.0546937,"(n,n')162Er"
162Er,385.6,0.0546937,"(n,n')162Er"
162Er,334.9,0.05459062080625274,"(n,n')162Er"
162Er,1250.1,0.047489540644,"(n,n')162Er"
162Er,1310.3,0.045760771013999994,"(n,n')162Er"
162Er,1327.9,0.04203279658000001,"(n,n')162Er"
162Er,985.1,0.04154761,"(n,n')162Er"
162Er,689.7,0.037629033852000005,"(n,n')162Er"
162Er,1352.1,0.033761384356,"(n,n')162Er"
162Er,1412.3,0.033048788986,"(n,n')162Er"
162Er,559.0,0.029123774999999998,"(n,n')162Er"
162Er,792.7,0.029123774999999998,"(n,n')162Er"
162Er,288.7,0.029123774999999998,"(n,n')162Er"
162Er,107.6,0.029123774999999998,"(n,n')162Er"
162Er,1318.4,0.022927702125636,"(n,n')162Er"
162Er,1429.9,0.021186906254000003,"(n,n')162Er"
162Er,1171.0,0.01764006893661925,"(n,n')162Er"
162Er,233.7,0.0055658373540825,"(n,n')162Er"
162Er,1026.0,0.004416190809656,"(n,n')162Er"
162Er,418.5,0.0024272781279138,"(n,n')162Er"
163Dy,73.44,185.1147979311318,"(n,n')163Dy"
163Dy,167.34,47.92982925082403,"(n,n')163Dy"
163Dy,93.9,25.25665513449906,"(n,n')163Dy"
163Dy,208.12,15.033327140513903,"(n,n')163Dy"
163Dy,247.9,6.992590854,"(n,n')163Dy"
163Dy,114.22,2.481908536788199,"(n,n')163Dy"
163Dy,133.68,0.4981331460000001,"(n,n')163Dy"
163Dy,245.05,5.82101658697152e-06,"(n,n')163Dy"
163Dy,514.6,3.538986e-06,"(n,n')163Dy"
163Dy,645.0,3.5207580000000008e-06,"(n,n')163Dy"
163Dy,497.0,3.4088579999999998e-06,"(n,n')163Dy"
163Dy,651.0,3.3809700000000003e-06,"(n,n')163Dy"
163Dy,450.0,3.267048e-06,"(n,n')163Dy"
163Dy,204.91,3.1366862911999996e-06,"(n,n')163Dy"
163Dy,263.1,3.0015142208e-06,"(n,n')163Dy"
163Dy,287.15,2.9416672031999996e-06,"(n,n')163Dy"
163Dy,250.88,2.4601439790000004e-06,"(n,n')163Dy"
163Dy,389.14,2.0639448077999996e-06,"(n,n')163Dy"
163Dy,591.0,1.9472259999999996e-06,"(n,n')163Dy"
163Dy,612.0,1.9456819999999998e-06,"(n,n')163Dy"
163Dy,573.99,1.8366514400000002e-06,"(n,n')163Dy"
163Dy,421.83,1.74660916e-06,"(n,n')163Dy"
163Dy,285.58,1.5818526096000002e-06,"(n,n')163Dy"
163Dy,212.14,1.5009848328000001e-06,"(n,n')163Dy"
163Dy,479.57,1.433456852e-06,"(n,n')163Dy"
163Dy,389.74,1.3253177640000001e-06,"(n,n')163Dy"
163Dy,354.23,1.2982739615999998e-06,"(n,n')163Dy"
163Dy,401.94,1.2351189886e-06,"(n,n')163Dy"
163Dy,475.38,1.1786673147999998e-06,"(n,n')163Dy"
163Dy,351.14,1.0250734e-06,"(n,n')163Dy"
163Dy,406.65,1.0196947514000002e-06,"(n,n')163Dy"
164Dy,73.39,362.50102395665084,"(n,n')164Dy"
164Dy,168.84,55.491599437475756,"(n,n')164Dy"
164Dy,259.09,10.979272315489693,"(n,n')164Dy"
164Dy,342.35,5.751879140000001,"(n,n')164Dy"
164Dy,417.63,5.28255514,"(n,n')164Dy"
164Dy,484.5,5.232010000000001,"(n,n')164Dy"
164Dy,1582.01,4.320804,"(n,n')164Dy"
164Dy,1642.81,2.2275814912,"(n,n')164Dy"
164Dy,688.47,1.6999745058320812,"(n,n')164Dy"
164Dy,761.86,1.4774008552479831,"(n,n')164Dy"
164Dy,277.45,0.700430108904882,"(n,n')164Dy"
164Dy,754.8,0.6797237347969085,"(n,n')164Dy"
164Dy,309.18,0.626658571,"(n,n')164Dy"
164Dy,211.12,0.5729766679397231,"(n,n')164Dy"
164Dy,1601.61,0.5027378863199999,"(n,n')164Dy"
164Dy,673.79,0.4665684606066411,"(n,n')164Dy"
164Dy,1675.0,0.41735341367999995,"(n,n')164Dy"
164Dy,982.97,0.28909621999999996,"(n,n')164Dy"
164Dy,842.63,0.2872912926433726,"(n,n')164Dy"
164Dy,888.01,0.22354250879999998,"(n,n')164Dy"
164Dy,200.5,0.15463003699999997,"(n,n')164Dy"
164Dy,123.29,0.1453388347446314,"(n,n')164Dy"
164Dy,185.89,0.14430517199999998,"(n,n')164Dy"
164Dy,782.47,0.1336719421105838,"(n,n')164Dy"
164Dy,965.92,0.12358634839149925,"(n,n')164Dy"
164Dy,585.96,0.12296957287892792,"(n,n')164Dy"
164Dy,797.08,0.06880230868731443,"(n,n')164Dy"
164Dy,519.63,0.03436554534910193,"(n,n')164Dy"
164Dy,523.38,0.014813557544599997,"(n,n')164Dy"
164Dy,414.7,0.010886251937341402,"(n,n')164Dy"
164Dy,154.16,0.007257501291560935,"(n,n')164Dy"
164Dy,196.51,0.0061542754726,"(n,n')164Dy"
164Dy,294.61,1.1259999727063049e-05,"(n,n')164Dy"
164Dy,215.02,7.037158457318805e-06,"(n,n')164Dy"
164Dy,646.9,5.67065702e-06,"(n,n')164Dy"
164Dy,1166.0,5.558058e-06,"(n,n')164Dy"
164Dy,1853.7,4.344436e-06,"(n,n')164Dy"
164Dy,1773.01,4.329194e-06,"(n,n')164Dy"
164Dy,610.92,4.037446275999999e-06,"(n,n')164Dy"
164Dy,779.51,3.4431636512000005e-06,"(n,n')164Dy"
164Dy,1723.61,3.1784984496e-06,"(n,n')164Dy"
164Dy,130.8,3.1123426768000007e-06,"(n,n')164Dy"
164Dy,654.18,3.0678453232e-06,"(n,n')164Dy"
164Dy,1515.57,3.0474961164e-06,"(n,n')164Dy"
164Dy,563.6,2.90235792e-06,"(n,n')164Dy"
164Dy,1736.4,2.869535172e-06,"(n,n')164Dy"
164Dy,1735.01,2.864978e-06,"(n,n')164Dy"
164Dy,1684.41,2.3760598836000003e-06,"(n,n')164Dy"
164Dy,206.78,2.221946781132e-06,"(n,n')164Dy"
164Dy,1321.31,2.1164869026e-06,"(n,n')164Dy"
164Dy,548.49,1.6993339360000003e-06,"(n,n')164Dy"
164Dy,1152.47,1.6929692268000003e-06,"(n,n')164Dy"
164Dy,647.09,1.679221368e-06,"(n,n')164Dy"
164Dy,583.0,1.6263791440000002e-06,"(n,n')164Dy"
164Dy,1840.4,1.4792697942e-06,"(n,n')164Dy"
164Dy,1767.01,1.3759122058e-06,"(n,n')164Dy"
164Dy,1554.77,1.1762055504e-06,"(n,n')164Dy"
164Dy,484.9,1.0331932048e-06,"(n,n')164Dy"
164Dy,1703.61,1.0295204e-06,"(n,n')164Dy"
164Dy,908.21,1.0080262760000002e-06,"(n,n')164Dy"
164Er,91.39,129.5407558443077,"(n,n')164Er"
164Er,208.08,1.8084274589629998,"(n,n')164Er"
164Er,314.93,0.9772057447749999,"(n,n')164Er"
164Er,898.03,0.289637055225,"(n,n')164Er"
164Er,758.83,0.249115780341,"(n,n')164Er"
164Er,854.96,0.22936802199999995,"(n,n')164Er"
164Er,410.2,0.2220253,"(n,n')164Er"
164Er,744.2,0.17779999999999999,"(n,n')164Er"
164Er,1378.51,0.1490175,"(n,n')164Er"
164Er,1325.21,0.14435146381733,"(n,n')164Er"
164Er,768.92,0.11562843490000001,"(n,n')164Er"
164Er,860.31,0.09065730300000001,"(n,n')164Er"
164Er,1342.61,0.08787279374999998,"(n,n')164Er"
164Er,1223.21,0.061792054740000005,"(n,n')164Er"
164Er,966.91,0.060895519659,"(n,n')164Er"
164Er,1184.43,0.05987031229200001,"(n,n')164Er"
164Er,646.88,0.05034907799999999,"(n,n')164Er"
164Er,583.1,0.048380444775,"(n,n')164Er"
164Er,1154.61,0.04833887,"(n,n')164Er"
164Er,1392.51,0.047895387708,"(n,n')164Er"
164Er,1134.53,0.04602860625,"(n,n')164Er"
164Er,1295.41,0.0428683387704,"(n,n')164Er"
164Er,1314.6,0.030896027370000002,"(n,n')164Er"
164Er,1386.8,0.028481381229599995,"(n,n')164Er"
164Er,1015.13,0.01577611789,"(n,n')164Er"
164Er,1416.6,0.00502083618267,"(n,n')164Er"
164Er,560.84,0.00271426419,"(n,n')164Er"
166Er,80.58,139.99940503654594,"(n,n')166Er"
166Er,184.42,3.559875996346711,"(n,n')166Er"
166Er,280.5,1.5480528192418432,"(n,n')166Er"
166Er,810.3,0.8806066174509618,"(n,n')166Er"
166Er,778.82,0.46179162848604033,"(n,n')166Er"
166Er,670.5,0.435207432329163,"(n,n')166Er"
166Er,691.2,0.3134292037890659,"(n,n')166Er"
166Er,365.7,0.31183438845620004,"(n,n')166Er"
166Er,1598.22,0.2612783,"(n,n')166Er"
166Er,951.0,0.21871963265773317,"(n,n')166Er"
166Er,711.7,0.19210342980000003,"(n,n')166Er"
166Er,1622.52,0.18859730000000002,"(n,n')166Er"
166Er,875.62,0.17226266475965984,"(n,n')166Er"
166Er,1400.8,0.1717528122045,"(n,n')166Er"
166Er,705.32,0.1618693015551484,"(n,n')166Er"
166Er,1427.3,0.14942345173340002,"(n,n')166Er"
166Er,529.8,0.14641153712473515,"(n,n')166Er"
166Er,785.9,0.14633481964006698,"(n,n')166Er"
166Er,736.8,0.130735508289,"(n,n')166Er"
166Er,830.5,0.11263793641240002,"(n,n')166Er"
166Er,259.8,0.0862975421370648,"(n,n')166Er"
166Er,594.4,0.08446070164709052,"(n,n')166Er"
166Er,1120.3,0.0825986806785,"(n,n')166Er"
166Er,712.8,0.082363785588,"(n,n')166Er"
166Er,672.3,0.07961844601000001,"(n,n')166Er"
166Er,520.9,0.0783621264646318,"(n,n')166Er"
166Er,1581.82,0.07421758763999999,"(n,n')166Er"
166Er,438.4,0.06236860000000001,"(n,n')166Er"
166Er,1263.4,0.06019840794,"(n,n')166Er"
166Er,1146.8,0.0598763026624,"(n,n')166Er"
166Er,640.0,0.047680008905399994,"(n,n')166Er"
166Er,1662.4,0.04765037235999999,"(n,n')166Er"
166Er,339.7,0.0455454918,"(n,n')166Er"
166Er,1447.82,0.042814910459999994,"(n,n')166Er"
166Er,300.7,0.0427071329902,"(n,n')166Er"
166Er,736.1,0.0403630433126,"(n,n')166Er"
166Er,644.5,0.0396652053,"(n,n')166Er"
166Er,411.0,0.0396567402,"(n,n')166Er"
166Er,215.9,0.03954180199719125,"(n,n')166Er"
166Er,496.9,0.037302439125,"(n,n')166Er"
166Er,1432.82,0.033836737,"(n,n')166Er"
166Er,727.5,0.030639564999999994,"(n,n')166Er"
166Er,654.0,0.0289077635,"(n,n')166Er"
166Er,616.0,0.028648273248,"(n,n')166Er"
166Er,598.8,0.027432465920000003,"(n,n')166Er"
166Er,1379.32,0.0248527902,"(n,n')166Er"
166Er,557.2,0.022646635000000002,"(n,n')166Er"
166Er,1010.2,0.0217036029,"(n,n')166Er"
166Er,571.0,0.0193133475,"(n,n')166Er"
166Er,1248.4,0.017184799499999997,"(n,n')166Er"
166Er,464.8,0.013781983156200002,"(n,n')166Er"
166Er,476.3,0.0109595018266,"(n,n')166Er"
166Er,590.5,0.007866541017000002,"(n,n')166Er"
166Er,617.0,0.0066826230650000006,"(n,n')166Er"
166Er,410.7,0.003948588884604925,"(n,n')166Er"
166Er,140.7,0.0037197216438390004,"(n,n')166Er"
166Er,170.3,0.0034550152740293093,"(n,n')166Er"
166Er,1241.5,0.0028326243000000003,"(n,n')166Er"
166Er,1528.4,0.0025753329599999997,"(n,n')166Er"
166Er,73.5,0.0021929263985474364,"(n,n')166Er"
166Er,119.1,0.002136939247632878,"(n,n')166Er"
166Er,1331.2,0.0020507530712,"(n,n')166Er"
166Er,742.5,0.0017168886399999998,"(n,n')166Er"
166Er,214.8,0.0012875565000000002,"(n,n')166Er"
166Er,160.0,0.0010208876412,"(n,n')166Er"
166Er,1307.2,0.000895258539,"(n,n')166Er"
166Er,190.8,0.0007725339,"(n,n')166Er"
166Er,121.2,0.0007725339,"(n,n')166Er"
166Er,94.7,0.0005150226000000001,"(n,n')166Er"
166Er,674.0,0.0005071998,"(n,n')166Er"
166Er,96.8,0.0004934172742885436,"(n,n')166Er"
166Er,1522.0,0.00025751130000000003,"(n,n')166Er"
166Er,1377.62,0.00010715807000000001,"(n,n')166Er"
166Ho,54.24,4.505335327557178e-06,"(n,n')166Ho"
166Ho,5.98,2.9242399999999997e-06,"(n,n')166Ho"
166Ho,126.23,2.25502886388e-06,"(n,n')166Ho"
166Ho,69.77,2.0859051786999996e-06,"(n,n')166Ho"
166Ho,131.76,1.5481145e-06,"(n,n')166Ho"
166Ho,283.3,1.5311247e-06,"(n,n')166Ho"
166Ho,289.12,1.3761254999999998e-06,"(n,n')166Ho"
166Ho,149.31,1.20942576388e-06,"(n,n')166Ho"
166Ho,87.59,1.0446705786999998e-06,"(n,n')166Ho"
166Ho,72.89,1.00029757532e-06,"(n,n')166Ho"
167Er,79.32,88.94644765947284,"(n,n')167Er"
167Er,98.68,30.297586134927435,"(n,n')167Er"
167Er,561.48,18.65298276,"(n,n')167Er"
167Er,573.8,13.719885550000003,"(n,n')167Er"
167Er,531.5,13.316755501262401,"(n,n')167Er"
167Er,178.0,9.938252025666769,"(n,n')167Er"
167Er,640.8,8.03225724,"(n,n')167Er"
167Er,494.48,6.309144450000001,"(n,n')167Er"
167Er,207.8,1.1668003564349128,"(n,n')167Er"
167Er,73.8,0.6625845377513425,"(n,n')167Er"
167Er,160.4,0.5091793500934,"(n,n')167Er"
167Er,57.1,0.4416593611043701,"(n,n')167Er"
167Er,346.6,0.380269135272,"(n,n')167Er"
167Er,93.8,0.1612685077934,"(n,n')167Er"
167Er,241.3,0.1481171,"(n,n')167Er"
167Er,631.78,0.1467722,"(n,n')167Er"
167Er,116.9,0.137269179612,"(n,n')167Er"
167Er,126.6,0.127489236,"(n,n')167Er"
167Er,148.4,0.12600948377079998,"(n,n')167Er"
167Er,711.0,0.11976463200000001,"(n,n')167Er"
167Er,215.58,0.11787799438800001,"(n,n')167Er"
167Er,83.4,0.114435668445,"(n,n')167Er"
167Er,131.7,0.1108504481292,"(n,n')167Er"
167Er,16.7,0.1105596136504574,"(n,n')167Er"
167Er,169.5,0.10707361853000003,"(n,n')167Er"
167Er,231.9,0.0979876905,"(n,n')167Er"
167Er,292.5,0.08374461,"(n,n')167Er"
167Er,256.4,0.06646547147000001,"(n,n')167Er"
167Er,321.3,0.06453713879999999,"(n,n')167Er"
167Er,203.2,0.0539312095,"(n,n')167Er"
167Er,357.8,0.0533835095122,"(n,n')167Er"
167Er,189.2,0.051706540626999996,"(n,n')167Er"
167Er,350.68,0.051451695889999996,"(n,n')167Er"
167Er,398.7,0.0424424274,"(n,n')167Er"
167Er,153.0,0.03762439,"(n,n')167Er"
167Er,315.3,0.033980385800000006,"(n,n')167Er"
167Er,631.68,0.031836168,"(n,n')167Er"
167Er,367.5,0.024283664,"(n,n')167Er"
167Er,463.7,0.0232706144,"(n,n')167Er"
167Er,249.9,0.013356825979200002,"(n,n')167Er"
167Er,266.6,0.013356825979200002,"(n,n')167Er"
167Er,323.7,0.013356825979200002,"(n,n')167Er"
167Er,237.9,0.013277455199999998,"(n,n')167Er"
167Er,456.48,0.013136256267400002,"(n,n')167Er"
167Er,430.0,0.011532276665,"(n,n')167Er"
167Er,386.3,0.0090330228,"(n,n')167Er"
167Er,403.0,0.0090330228,"(n,n')167Er"
167Er,209.5,0.0080653834,"(n,n')167Er"
167Er,332.0,0.0080653834,"(n,n')167Er"
167Er,745.3,0.0080653834,"(n,n')167Er"
167Er,264.9,0.007181453026087319,"(n,n')167Er"
167Er,480.4,0.0067431894,"(n,n')167Er"
167Er,460.1,0.005550411599999999,"(n,n')167Er"
167Er,667.9,0.0052239168,"(n,n')167Er"
167Er,303.3,0.0015866328000000002,"(n,n')167Er"
167Er,136.4,0.0013059792,"(n,n')167Er"
167Er,254.6,0.0005441579999999999,"(n,n')167Er"
167Er,132.1,0.0003264948,"(n,n')167Er"
168Er,79.8,135.3280429335166,"(n,n')168Er"
168Er,264.1,2.6477495724684283,"(n,n')168Er"
168Er,284.6,1.1009297207396553,"(n,n')168Er"
168Er,816.0,0.9217545632380442,"(n,n')168Er"
168Er,198.2,0.4965619987138141,"(n,n')168Er"
168Er,379.6,0.38082070442864785,"(n,n')168Er"
168Er,730.7,0.3144193105958299,"(n,n')168Er"
168Er,742.0,0.3042014142652932,"(n,n')168Er"
168Er,821.8,0.28459468248647546,"(n,n')168Er"
168Er,853.5,0.20466653772818547,"(n,n')168Er"
168Er,915.0,0.18581624313795425,"(n,n')168Er"
168Er,99.0,0.1851090634473964,"(n,n')168Er"
168Er,631.7,0.1667002933515612,"(n,n')168Er"
168Er,217.5,0.15540100031045626,"(n,n')168Er"
168Er,1310.0,0.13249599999999997,"(n,n')168Er"
168Er,1277.6,0.12753621712640004,"(n,n')168Er"
168Er,256.0,0.1185876595218,"(n,n')168Er"
168Er,715.2,0.11645413993522652,"(n,n')168Er"
168Er,747.7,0.110105,"(n,n')168Er"
168Er,928.9,0.1033886742331612,"(n,n')168Er"
168Er,447.6,0.09406227720000002,"(n,n')168Er"
168Er,1323.9,0.09392757177069057,"(n,n')168Er"
168Er,884.3,0.09076695589999999,"(n,n')168Er"
168Er,1351.7,0.0769866048412,"(n,n')168Er"
168Er,1167.4,0.0756063669058,"(n,n')168Er"
168Er,1025.4,0.07550399999999999,"(n,n')168Er"
168Er,999.8,0.07222293449193865,"(n,n')168Er"
168Er,468.5,0.07219247,"(n,n')168Er"
168Er,1331.3,0.0637726679,"(n,n')168Er"
168Er,829.9,0.06364639886779239,"(n,n')168Er"
168Er,1279.1,0.061149033480000003,"(n,n')168Er"
168Er,1012.2,0.059638697610200006,"(n,n')168Er"
168Er,1229.0,0.055652277599999994,"(n,n')168Er"
168Er,1413.3,0.051796461599999996,"(n,n')168Er"
168Er,719.8,0.048035362199999994,"(n,n')168Er"
168Er,315.4,0.04261710449999999,"(n,n')168Er"
168Er,1147.0,0.04205918579999999,"(n,n')168Er"
168Er,47.6,0.04196228561354698,"(n,n')168Er"
168Er,673.7,0.041785,"(n,n')168Er"
168Er,862.4,0.04086237969999999,"(n,n')168Er"
168Er,99.2,0.038428014410742575,"(n,n')168Er"
168Er,546.9,0.03582267275168,"(n,n')168Er"
168Er,568.9,0.033657010808869715,"(n,n')168Er"
168Er,1196.5,0.0316710856688,"(n,n')168Er"
168Er,1276.3,0.0316710856688,"(n,n')168Er"
168Er,1137.4,0.02915205,"(n,n')168Er"
168Er,1422.1,0.029033,"(n,n')168Er"
168Er,581.9,0.028228233005553282,"(n,n')168Er"
168Er,269.1,0.023077150666063233,"(n,n')168Er"
168Er,645.9,0.021756178215680003,"(n,n')168Er"
168Er,644.3,0.020430097303558804,"(n,n')168Er"
168Er,1358.9,0.01962305868,"(n,n')168Er"
168Er,294.4,0.01805349858,"(n,n')168Er"
168Er,900.3,0.015011096142,"(n,n')168Er"
168Er,504.7,0.014953369999999997,"(n,n')168Er"
168Er,137.5,0.01366009748922,"(n,n')168Er"
168Er,1493.1,0.013366828799999998,"(n,n')168Er"
168Er,422.3,0.012643304519999999,"(n,n')168Er"
168Er,515.3,0.010600282599999998,"(n,n')168Er"
168Er,546.8,0.010376977200000002,"(n,n')168Er"
168Er,719.5,0.00846369972,"(n,n')168Er"
168Er,221.8,0.008414252702217429,"(n,n')168Er"
168Er,416.3,0.007522781199999998,"(n,n')168Er"
168Er,1277.5,0.006694824,"(n,n')168Er"
168Er,645.8,0.005857971000000001,"(n,n')168Er"
168Er,557.7,0.005345557830572945,"(n,n')168Er"
168Er,134.8,0.003761390599999999,"(n,n')168Er"
168Er,671.3,0.0037272888,"(n,n')168Er"
168Er,446.1,0.0035441790244296447,"(n,n')168Er"
168Er,454.5,0.0031926497650000005,"(n,n')168Er"
168Er,597.3,0.0030846527999999996,"(n,n')168Er"
168Er,507.9,0.0027477799426,"(n,n')168Er"
168Er,193.9,0.0026100943204598595,"(n,n')168Er"
168Er,173.0,0.0025315564460211748,"(n,n')168Er"
168Er,497.7,0.0020898023999999997,"(n,n')168Er"
168Er,138.0,0.00206308586528,"(n,n')168Er"
168Er,520.7,0.00195144249846,"(n,n')168Er"
168Er,589.3,0.0018806952999999996,"(n,n')168Er"
168Er,380.5,0.0015324718872,"(n,n')168Er"
168Er,521.3,0.0014889842099999999,"(n,n')168Er"
168Er,348.6,0.0013389648,"(n,n')168Er"
168Er,272.2,0.0012008754503357055,"(n,n')168Er"
168Er,169.1,0.0011962695999999998,"(n,n')168Er"
168Er,74.0,0.001089209594913596,"(n,n')168Er"
168Er,146.3,0.0010682774127349348,"(n,n')168Er"
168Er,1461.8,0.0010042236,"(n,n')168Er"
168Er,185.1,0.00090066576852,"(n,n')168Er"
168Er,498.3,0.0008996904,"(n,n')168Er"
168Er,156.9,0.00089036142,"(n,n')168Er"
168Er,335.6,0.0008546219301879479,"(n,n')168Er"
168Er,762.8,0.00080268798427688,"(n,n')168Er"
168Er,122.8,0.0007416656634525972,"(n,n')168Er"
168Er,537.1,0.00065138784,"(n,n')168Er"
168Er,75.4,0.0006190938576836001,"(n,n')168Er"
168Er,1489.7,0.00061,"(n,n')168Er"
168Er,1014.2,0.0006004377251678527,"(n,n')168Er"
168Er,293.5,0.0005129168999999999,"(n,n')168Er"
168Er,1351.2,0.00049632807,"(n,n')168Er"
168Er,1431.5,0.0004600793118,"(n,n')168Er"
168Er,620.5,0.00041796047999999997,"(n,n')168Er"
168Tm,64.0,1.537999,"(n,n')168Tm"
168Tm,17.0,1.1091190000000002,"(n,n')168Tm"
168Tm,243.0,1.10661,"(n,n')168Tm"
169Tm,8.41,3.8379200862202385,"(n,n')169Tm"
169Tm,109.78,1.8949429689107768,"(n,n')169Tm"
169Tm,130.52,0.7193503683845336,"(n,n')169Tm"
169Tm,20.74,0.32454547517111054,"(n,n')169Tm"
169Tm,118.19,0.157627357371648,"(n,n')169Tm"
169Tm,63.12,6.513216870937298e-05,"(n,n')169Tm"
169Tm,197.96,6.471299653774885e-05,"(n,n')169Tm"
169Tm,367.67,5.763259014921419e-05,"(n,n')169Tm"
169Tm,93.61,5.194650301350752e-05,"(n,n')169Tm"
169Tm,177.22,4.336429783907835e-05,"(n,n')169Tm"
169Tm,115.32,3.4701988758390205e-05,"(n,n')169Tm"
169Tm,117.37,3.250117708736238e-05,"(n,n')169Tm"
169Tm,193.19,3.005583105925069e-05,"(n,n')169Tm"
169Tm,137.25,2.18074053871e-05,"(n,n')169Tm"
169Tm,291.19,2.0433304125985808e-05,"(n,n')169Tm"
169Tm,235.23,1.9545585458014188e-05,"(n,n')169Tm"
169Tm,141.86,1.85024399382e-05,"(n,n')169Tm"
169Tm,323.53,1.4429715820800003e-05,"(n,n')169Tm"
169Tm,165.87,1.3305069999999999e-05,"(n,n')169Tm"
169Tm,307.74,1.3206181512454647e-05,"(n,n')169Tm"
169Tm,158.35,1.1586604000000001e-05,"(n,n')169Tm"
169Tm,213.93,1.1426948181414181e-05,"(n,n')169Tm"
169Tm,259.23,9.104901061799999e-06,"(n,n')169Tm"
169Tm,528.57,8.627154792e-06,"(n,n')169Tm"
169Tm,552.48,8.5587455952e-06,"(n,n')169Tm"
169Tm,900.0,7.968019999999999e-06,"(n,n')169Tm"
169Tm,336.62,7.4315997936000006e-06,"(n,n')169Tm"
169Tm,579.86,7.287822144708e-06,"(n,n')169Tm"
169Tm,269.33,6.855198208e-06,"(n,n')169Tm"
169Tm,263.0,6.8370051792e-06,"(n,n')169Tm"
169Tm,304.88,6.533860792e-06,"(n,n')169Tm"
169Tm,500.29,5.9624058508e-06,"(n,n')169Tm"
169Tm,693.48,5.7238534868e-06,"(n,n')169Tm"
169Tm,739.42,5.700453739968e-06,"(n,n')169Tm"
169Tm,624.89,5.11379354403e-06,"(n,n')169Tm"
169Tm,546.23,4.690150987392e-06,"(n,n')169Tm"
169Tm,474.97,4.443343109100001e-06,"(n,n')169Tm"
169Tm,515.11,4.3804094892e-06,"(n,n')169Tm"
169Tm,600.6,4.2902531939190004e-06,"(n,n')169Tm"
169Tm,570.83,3.934955666799999e-06,"(n,n')169Tm"
169Tm,562.42,3.6994125459e-06,"(n,n')169Tm"
169Tm,172.78,3.6698187630531204e-06,"(n,n')169Tm"
169Tm,281.7,3.6040518279e-06,"(n,n')169Tm"
169Tm,206.1,3.4538737392e-06,"(n,n')169Tm"
169Tm,356.78,3.2192146481000005e-06,"(n,n')169Tm"
169Tm,252.57,3.1068016129000004e-06,"(n,n')169Tm"
169Tm,333.53,2.808187032e-06,"(n,n')169Tm"
169Tm,174.7,2.7225658208000003e-06,"(n,n')169Tm"
169Tm,760.16,2.56332327264e-06,"(n,n')169Tm"
169Tm,773.39,2.4507943908e-06,"(n,n')169Tm"
169Tm,464.74,2.3462326624e-06,"(n,n')169Tm"
169Tm,465.65,2.3208780664e-06,"(n,n')169Tm"
169Tm,663.61,2.2427080746e-06,"(n,n')169Tm"
169Tm,314.64,1.9216207736999997e-06,"(n,n')169Tm"
169Tm,454.48,1.8771395769000002e-06,"(n,n')169Tm"
169Tm,210.97,1.7791930528e-06,"(n,n')169Tm"
169Tm,494.37,1.57645558377e-06,"(n,n')169Tm"
169Tm,341.94,1.5428929680000002e-06,"(n,n')169Tm"
169Tm,386.67,1.35138924963e-06,"(n,n')169Tm"
169Tm,148.5,1.2771435280000002e-06,"(n,n')169Tm"
169Tm,171.79,1.2369053256e-06,"(n,n')169Tm"
16O,6129.89,146.36838353048446,"(n,n')16O"
16O,7116.85,57.273073635021944,"(n,n')16O"
16O,6917.1,38.987192309678534,"(n,n')16O"
16O,2742.01,38.30124342299654,"(n,n')16O"
16O,4162.9,14.03542404849533,"(n,n')16O"
16O,4950.11,12.759475039137904,"(n,n')16O"
16O,510.0,5.120510768255822,"(n,n')16O"
16O,2208.1,5.103791513866764,"(n,n')16O"
16O,3840.15,4.751862235053696,"(n,n')16O"
16O,8871.9,3.329336198790045,"(n,n')16O"
16O,1755.05,2.8746629597698465,"(n,n')16O"
16O,1954.8,1.6919574860595499,"(n,n')16O"
16O,2822.5,0.05642942648621522,"(n,n')16O"
16O,986.96,0.040119234802124044,"(n,n')16O"
16O,867.7,0.01052938361857297,"(n,n')16O"
170Er,78.68,136.41617288436507,"(n,n')170Er"
170Er,181.52,1.8008870406563966,"(n,n')170Er"
170Er,280.6,0.9811609050511999,"(n,n')170Er"
170Er,371.5,0.3656170999999999,"(n,n')170Er"
170Er,931.72,0.287830860824,"(n,n')170Er"
170Er,855.32,0.20154064097263358,"(n,n')170Er"
170Er,881.22,0.16198817199999996,"(n,n')170Er"
170Er,934.0,0.15947680483496957,"(n,n')170Er"
170Er,976.0,0.1392198872,"(n,n')170Er"
170Er,843.1,0.1109934972432,"(n,n')170Er"
170Er,867.0,0.1062637933024,"(n,n')170Er"
170Er,1138.72,0.10272936170879998,"(n,n')170Er"
170Er,699.7,0.09543216219999999,"(n,n')170Er"
170Er,959.9,0.09472786579999999,"(n,n')170Er"
170Er,258.2,0.09082216800000001,"(n,n')170Er"
170Er,812.32,0.08298392,"(n,n')170Er"
170Er,1048.52,0.07167072390000001,"(n,n')170Er"
170Er,750.2,0.06404060717599999,"(n,n')170Er"
170Er,1187.72,0.059057234999999986,"(n,n')170Er"
170Er,141.4,0.042135530399999996,"(n,n')170Er"
170Er,1024.62,0.030284929303200002,"(n,n')170Er"
170Er,957.2,0.028463690937599994,"(n,n')170Er"
170Er,695.4,0.0147844128,"(n,n')170Er"
170Er,283.4,0.013292688153599998,"(n,n')170Er"
170Er,586.4,0.0131874131976,"(n,n')170Er"
170Er,562.5,0.0124521790536,"(n,n')170Er"
170Er,1266.4,0.010421864999999997,"(n,n')170Er"
170Er,165.3,0.009231105600000001,"(n,n')170Er"
170Er,51.2,0.006104440800000001,"(n,n')170Er"
170Er,673.8,0.0047550423459968,"(n,n')170Er"
170Er,1008.4,0.0005955552000000001,"(n,n')170Er"
170Tm,38.71,2.6981860078308,"(n,n')170Tm"
170Tm,144.48,1.1894944516,"(n,n')170Tm"
170Tm,114.54,1.0394717921692,"(n,n')170Tm"
170Tm,75.83,0.6562407562307999,"(n,n')170Tm"
170Tm,68.65,0.0884325484,"(n,n')170Tm"
174Hf,91.0,280.55055000000004,"(n,n')174Hf"
174Hf,206.5,35.91275,"(n,n')174Hf"
176Hf,88.3,301.15138,"(n,n')176Hf"
176Hf,201.9,41.53688,"(n,n')176Hf"
177Hf,113.0,137.634944,"(n,n')177Hf"
177Hf,249.7,40.56577600000001,"(n,n')177Hf"
177Hf,136.7,10.141444000000002,"(n,n')177Hf"
178Hf,93.2,496.15858,"(n,n')178Hf"
178Hf,213.4,74.21788,"(n,n')178Hf"
179Hf,122.7,136.4602484,"(n,n')179Hf"
179Hf,146.1,25.852548399999993,"(n,n')179Hf"
179Hf,268.8,10.559491599999996,"(n,n')179Hf"
180Hf,93.3,297.28189620873474,"(n,n')180Hf"
180Hf,215.3,37.21989134290191,"(n,n')180Hf"
180Hf,332.3,1.3429019135199024e-06,"(n,n')180Hf"
180Hf,1197.7,1.1264116288628354e-06,"(n,n')180Hf"
180Ta,39.67,111.98640217706473,"(n,n')180Ta"
180Ta,107.85,96.9072544998245,"(n,n')180Ta"
180Ta,71.2,96.579202704795,"(n,n')180Ta"
180Ta,63.2,81.2521078305,"(n,n')180Ta"
180Ta,74.16,64.1044638976752,"(n,n')180Ta"
180Ta,22.7,57.793592464847414,"(n,n')180Ta"
180Ta,100.55,53.65993850362501,"(n,n')180Ta"
180Ta,40.73,52.767568271406915,"(n,n')180Ta"
180Ta,63.43,36.818886588254585,"(n,n')180Ta"
180Ta,83.87,32.643901691705,"(n,n')180Ta"
180Ta,125.94,22.261798706588696,"(n,n')180Ta"
180Ta,147.13,18.650051132412504,"(n,n')180Ta"
180Ta,101.65,17.48748667648,"(n,n')180Ta"
180Ta,202.93,15.0859157669125,"(n,n')180Ta"
180Ta,179.03,12.834619668362501,"(n,n')180Ta"
180Ta,105.43,9.905093914401002,"(n,n')180Ta"
180Ta,196.07,9.371503071787501,"(n,n')180Ta"
180Ta,50.52,5.3980849003525,"(n,n')180Ta"
180Ta,320.46,3.820270501478288,"(n,n')180Ta"
180Ta,280.79,2.9690266368567118,"(n,n')180Ta"
180Ta,315.76,1.29355599090625,"(n,n')180Ta"
180Ta,77.1,1.1246865,"(n,n')180Ta"
180Ta,200.1,1.1186822157473062,"(n,n')180Ta"
180Ta,252.33,0.8557121211202501,"(n,n')180Ta"
180Ta,231.37,0.3095228631015,"(n,n')180Ta"
180Ta,370.98,0.227779014048,"(n,n')180Ta"
180Ta,260.11,0.18987644064762502,"(n,n')180Ta"
180Ta,185.52,0.188782598699625,"(n,n')180Ta"
180Ta,383.94,0.17110405075962498,"(n,n')180Ta"
180Ta,331.31,0.10475723437762502,"(n,n')180Ta"
180Ta,423.61,0.0851260581385,"(n,n')180Ta"
180Ta,293.06,0.041707738144375,"(n,n')180Ta"
180W,103.56,174.459166652933,"(n,n')180W"
180W,233.98,15.562304688213814,"(n,n')180W"
180W,350.9,2.1836211999999997,"(n,n')180W"
180W,902.79,1.3750415947191676,"(n,n')180W"
180W,76.02,0.9180747364588799,"(n,n')180W"
180W,1013.74,0.5721659828,"(n,n')180W"
180W,1117.3,0.4790300172,"(n,n')180W"
180W,178.52,0.34088145408000003,"(n,n')180W"
180W,102.5,0.25772121216,"(n,n')180W"
180W,450.02,0.22359320000000002,"(n,n')180W"
180W,744.83,0.11000447570111999,"(n,n')180W"
180W,847.33,0.07025014656,"(n,n')180W"
180W,1081.31,0.017854387200000002,"(n,n')180W"
180W,1006.35,0.007782729867017727,"(n,n')180W"
180W,668.81,0.0069488659526944,"(n,n')180W"
181Ta,136.27,319.71182841616314,"(n,n')181Ta"
181Ta,165.35,90.77240277957205,"(n,n')181Ta"
181Ta,6.24,73.33120601610298,"(n,n')181Ta"
181Ta,152.31,41.61647544014938,"(n,n')181Ta"
181Ta,301.62,18.607224128497364,"(n,n')181Ta"
181Ta,178.99,15.880567059473124,"(n,n')181Ta"
181Ta,331.3,15.880567059473124,"(n,n')181Ta"
181Ta,193.57,12.547749482499274,"(n,n')181Ta"
181Ta,482.18,11.528872363236262,"(n,n')181Ta"
181Ta,204.97,11.302626635593748,"(n,n')181Ta"
181Ta,383.96,11.302626635593748,"(n,n')181Ta"
181Ta,435.43,9.524172914600001,"(n,n')181Ta"
181Ta,230.46,9.524172914600001,"(n,n')181Ta"
181Ta,358.92,7.991224231105594,"(n,n')181Ta"
181Ta,415.05,7.976227939930129,"(n,n')181Ta"
181Ta,534.09,7.941206678624999,"(n,n')181Ta"
181Ta,221.48,6.4976939571413554,"(n,n')181Ta"
181Ta,469.78,5.044124394863514,"(n,n')181Ta"
181Ta,522.81,3.9559662226979992,"(n,n')181Ta"
181Ta,133.03,3.93699765801375,"(n,n')181Ta"
181Ta,254.91,3.4834959021399996,"(n,n')181Ta"
181Ta,485.37,3.4834959021399996,"(n,n')181Ta"
181Ta,136.87,3.4680937609935003,"(n,n')181Ta"
181Ta,248.3,2.6771754832134866,"(n,n')181Ta"
181Ta,345.92,2.2732247735310125,"(n,n')181Ta"
181Ta,1072.85,1.4148495035509998,"(n,n')181Ta"
181Ta,1095.13,1.4148495035509998,"(n,n')181Ta"
181Ta,274.51,1.223475763326,"(n,n')181Ta"
181Ta,1340.0,0.8987965009594999,"(n,n')181Ta"
181Ta,1333.76,0.8987965009594999,"(n,n')181Ta"
181Ta,907.82,0.8316885835355,"(n,n')181Ta"
181Ta,774.79,0.8316885835355,"(n,n')181Ta"
181Ta,1244.85,0.5659662741585001,"(n,n')181Ta"
181Ta,1065.86,0.5659662741585001,"(n,n')181Ta"
181Ta,860.89,0.5659662741585001,"(n,n')181Ta"
181Ta,475.94,0.1295501840578249,"(n,n')181Ta"
181Ta,619.05,0.012911021491296002,"(n,n')181Ta"
181Ta,615.21,0.0059341139104500005,"(n,n')181Ta"
182W,100.11,169.08305950557613,"(n,n')182W"
182W,229.32,16.5407338442463,"(n,n')182W"
182W,1121.3,2.50376329625104,"(n,n')182W"
182W,1221.41,1.9346857975822,"(n,n')182W"
182W,351.07,1.92551,"(n,n')182W"
182W,1231.02,1.8684151160000002,"(n,n')182W"
182W,1257.42,0.9849720402831085,"(n,n')182W"
182W,67.75,0.9798752964000003,"(n,n')182W"
182W,1157.31,0.45336229804602723,"(n,n')182W"
182W,927.99,0.41071424207954166,"(n,n')182W"
182W,1001.7,0.33880888400000003,"(n,n')182W"
182W,1189.05,0.3184357176000001,"(n,n')182W"
182W,463.9,0.177872,"(n,n')182W"
182W,1035.7,0.04234923343275841,"(n,n')182W"
182W,1289.16,0.026739913200000003,"(n,n')182W"
182W,31.74,0.02538255720000001,"(n,n')182W"
182W,959.73,0.006922515600000002,"(n,n')182W"
182W,121.61,0.0053772934327584124,"(n,n')182W"
182W,891.98,0.00399820256676,"(n,n')182W"
183W,46.48,119.50582649033679,"(n,n')183W"
183W,52.6,52.88116336433679,"(n,n')183W"
183W,99.08,44.2554335576632,"(n,n')183W"
183W,162.33,6.304716264,"(n,n')183W"
183W,107.93,6.266377137999999,"(n,n')183W"
183W,109.73,1.7057397840000001,"(n,n')183W"
183W,160.53,0.585866862,"(n,n')183W"
183W,208.81,0.5697239519999999,"(n,n')183W"
184W,111.21,166.6889739696,"(n,n')184W"
184W,252.85,18.521297855999997,"(n,n')184W"
184W,384.25,2.247554,"(n,n')184W"
184W,894.76,1.2662953404000001,"(n,n')184W"
184W,903.28,1.0089867704000002,"(n,n')184W"
184W,792.07,0.9957000332000002,"(n,n')184W"
184W,641.91,0.1579486596,"(n,n')184W"
184W,891.27,0.046880740000000004,"(n,n')184W"
184W,539.22,0.0084551964,"(n,n')184W"
185Re,125.36,253.72334072331594,"(n,n')185Re"
185Re,242.84,130.52531112999998,"(n,n')185Re"
185Re,158.74,73.28586259725311,"(n,n')185Re"
185Re,178.7,66.89597135119999,"(n,n')185Re"
185Re,78.6,43.749288201099986,"(n,n')185Re"
185Re,389.2,34.65959242779999,"(n,n')185Re"
185Re,210.5,34.65959242779999,"(n,n')185Re"
185Re,350.24,25.619748576120003,"(n,n')185Re"
185Re,191.5,25.619748576120003,"(n,n')185Re"
185Re,221.4,19.49716326902,"(n,n')185Re"
185Re,412.9,19.49716326902,"(n,n')185Re"
185Re,129.0,9.384764088609998,"(n,n')185Re"
185Re,279.1,9.384764088609998,"(n,n')185Re"
185Re,242.6,8.97528221186,"(n,n')185Re"
185Re,252.5,8.53433952746,"(n,n')185Re"
185Re,473.9,8.53433952746,"(n,n')185Re"
185Re,646.12,6.834033952948342,"(n,n')185Re"
185Re,917.0,3.3908659759299997,"(n,n')185Re"
185Re,632.9,3.3908659759299997,"(n,n')185Re"
185Re,284.1,3.0814204692168743,"(n,n')185Re"
185Re,966.0,2.831091400354999,"(n,n')185Re"
185Re,681.9,2.831091400354999,"(n,n')185Re"
185Re,931.06,2.5005024458619998,"(n,n')185Re"
185Re,874.82,2.450134461905899,"(n,n')185Re"
185Re,768.93,2.0512610020009996,"(n,n')185Re"
185Re,122.81,2.0512610020009996,"(n,n')185Re"
185Re,717.43,1.967232444992608,"(n,n')185Re"
185Re,71.31,1.7200211367652936,"(n,n')185Re"
185Re,1013.0,1.4975172785399997,"(n,n')185Re"
185Re,728.9,1.4975172785399997,"(n,n')185Re"
185Re,880.28,0.9385509226712999,"(n,n')185Re"
185Re,592.07,0.6611994153547482,"(n,n')185Re"
185Re,162.85,0.5537152614696499,"(n,n')185Re"
185Re,234.16,0.16331697106365,"(n,n')185Re"
185Re,805.7,0.0019769582297679998,"(n,n')185Re"
185Re,749.46,0.0012085095907899998,"(n,n')185Re"
186W,122.58,125.48791025573624,"(n,n')186W"
186W,273.97,20.179130311040854,"(n,n')186W"
186W,412.06,4.998677999999999,"(n,n')186W"
186W,737.86,4.36011652110375,"(n,n')186W"
186W,615.28,4.0290004258779,"(n,n')186W"
186W,214.88,3.1609572044200003,"(n,n')186W"
186W,307.47,2.796657936,"(n,n')186W"
186W,92.59,2.5180386,"(n,n')186W"
186W,739.5,1.7997864406974942,"(n,n')186W"
186W,183.25,0.9156504000000001,"(n,n')186W"
186W,610.12,0.7227722772,"(n,n')186W"
186W,908.12,0.4793158202,"(n,n')186W"
186W,277.03,0.45514294488,"(n,n')186W"
186W,884.09,0.4232558736,"(n,n')186W"
186W,634.15,0.3456683798,"(n,n')186W"
186W,922.75,0.285159696,"(n,n')186W"
186W,892.31,0.24750949607999997,"(n,n')186W"
186W,90.66,0.19670818018000003,"(n,n')186W"
186W,268.81,0.19169584920000002,"(n,n')186W"
186W,465.53,0.181702539482506,"(n,n')186W"
186W,618.34,0.16610675904,"(n,n')186W"
186W,830.16,0.09922757224,"(n,n')186W"
186W,759.42,0.04862462,"(n,n')186W"
186W,952.74,0.037035643160000006,"(n,n')186W"
186W,341.31,0.03622898751835,"(n,n')186W"
186W,648.78,0.024853368,"(n,n')186W"
187Re,134.24,219.93265654318637,"(n,n')187Re"
187Re,168.89,158.25467936165998,"(n,n')187Re"
187Re,86.87,89.86762693204999,"(n,n')187Re"
187Re,353.0,51.008972073375006,"(n,n')187Re"
187Re,439.87,51.008972073375006,"(n,n')187Re"
187Re,72.0,38.19507904367826,"(n,n')187Re"
187Re,511.77,19.151829032773467,"(n,n')187Re"
187Re,70.22,11.490256591379223,"(n,n')187Re"
187Re,303.13,7.396483709887499,"(n,n')187Re"
187Re,262.87,5.740438429828499,"(n,n')187Re"
187Re,77.37,5.656897993694833,"(n,n')187Re"
187Re,685.78,4.255117195455536,"(n,n')187Re"
187Re,767.8,4.2425329630475,"(n,n')187Re"
187Re,772.9,3.777847938917268,"(n,n')187Re"
187Re,29.23,3.775093968034522,"(n,n')187Re"
187Re,479.53,3.5445452506738477,"(n,n')187Re"
187Re,7.15,3.469746101941038,"(n,n')187Re"
187Re,618.36,3.380712994695066,"(n,n')187Re"
187Re,647.23,3.168798971595,"(n,n')187Re"
187Re,100.37,2.8986499449252503,"(n,n')187Re"
187Re,206.24,2.6582883758527402,"(n,n')187Re"
187Re,43.66,2.17160808450585,"(n,n')187Re"
187Re,36.37,2.033220609653121,"(n,n')187Re"
187Re,93.22,1.9141087954845004,"(n,n')187Re"
187Re,141.01,1.67049745518425,"(n,n')187Re"
187Re,610.76,1.46355363764025,"(n,n')187Re"
187Re,682.76,1.46355363764025,"(n,n')187Re"
187Re,551.53,0.7948627082773324,"(n,n')187Re"
187Re,589.14,0.6925399499820676,"(n,n')187Re"
187Re,864.64,0.644038905538,"(n,n')187Re"
187Re,246.28,0.402860111383,"(n,n')187Re"
187Re,581.99,0.35489766888562035,"(n,n')187Re"
187Re,106.6,0.34822297947999115,"(n,n')187Re"
187Re,208.43,0.34547500056299996,"(n,n')187Re"
187Re,239.13,0.30324274962775,"(n,n')187Re"
187Re,692.55,0.275179190629875,"(n,n')187Re"
187Re,454.89,0.16760524178589556,"(n,n')187Re"
187Re,844.86,0.10416841635770001,"(n,n')187Re"
187Re,816.56,0.09576646444523501,"(n,n')187Re"
187Re,154.54,0.06752323483599162,"(n,n')187Re"
187Re,682.32,0.06740577348641999,"(n,n')187Re"
187Re,198.2,0.04907155135573,"(n,n')187Re"
187Re,826.79,0.04501331699132499,"(n,n')187Re"
187Re,178.86,0.030209072718014998,"(n,n')187Re"
187Re,375.75,0.021145589110728495,"(n,n')187Re"
187Re,261.13,0.01476092049293927,"(n,n')187Re"
187Re,484.12,0.009116781790252328,"(n,n')187Re"
187Re,275.5,0.0066357077978175,"(n,n')187Re"
187Re,113.75,0.004848030935163546,"(n,n')187Re"
187Re,352.87,0.0038554163193625,"(n,n')187Re"
187Re,625.51,0.0031891267892687532,"(n,n')187Re"
187Re,638.66,0.002974593485402202,"(n,n')187Re"
187Re,103.78,0.0028543293302255,"(n,n')187Re"
191Ir,129.42,74.28531010150112,"(n,n')191Ir"
191Ir,213.94,17.0853261775428,"(n,n')191Ir"
191Ir,343.36,16.8815250700572,"(n,n')191Ir"
191Ir,373.42,2.0964907524,"(n,n')191Ir"
191Ir,159.48,0.4046912476,"(n,n')191Ir"
191Ir,82.42,0.26840152798811484,"(n,n')191Ir"
191Ir,47.0,0.26839323694779404,"(n,n')191Ir"
191Ir,41.82,2.25259899138092e-05,"(n,n')191Ir"
191Ir,219.53,8.8999629938092e-06,"(n,n')191Ir"
191Ir,96.52,5.167531075697077e-06,"(n,n')191Ir"
191Ir,614.0,4.323492e-06,"(n,n')191Ir"
191Ir,385.52,4.110064e-06,"(n,n')191Ir"
191Ir,420.21,3.629758e-06,"(n,n')191Ir"
191Ir,263.2,2.8691110799999997e-06,"(n,n')191Ir"
191Ir,588.06,2.4770569252000005e-06,"(n,n')191Ir"
191Ir,208.95,2.434308196e-06,"(n,n')191Ir"
191Ir,556.98,2.2924504327999996e-06,"(n,n')191Ir"
191Ir,268.47,2.0061279138092003e-06,"(n,n')191Ir"
191Ir,172.2,1.9973169866624e-06,"(n,n')191Ir"
191Ir,161.06,1.9283325263999997e-06,"(n,n')191Ir"
191Ir,686.4,1.7076375671999997e-06,"(n,n')191Ir"
191Ir,482.73,1.4472889199999997e-06,"(n,n')191Ir"
193Ir,138.89,61.81746786566038,"(n,n')193Ir"
193Ir,218.8,15.626096254533879,"(n,n')193Ir"
193Ir,357.69,11.408671542336,"(n,n')193Ir"
193Ir,383.01,1.2462947476798403,"(n,n')193Ir"
193Ir,164.21,0.30536668800000005,"(n,n')193Ir"
193Ir,80.22,1.2073366402182225e-05,"(n,n')193Ir"
193Ir,219.13,4.699390402182225e-06,"(n,n')193Ir"
193Ir,73.04,4.47665207075523e-06,"(n,n')193Ir"
193Ir,377.68,3.2353085696000003e-06,"(n,n')193Ir"
193Ir,563.35,3.0228546988000007e-06,"(n,n')193Ir"
193Ir,107.02,2.18804317077977e-06,"(n,n')193Ir"
193Ir,499.46,1.91846e-06,"(n,n')193Ir"
193Ir,477.34,1.912556e-06,"(n,n')193Ir"
193Ir,748.68,1.908896e-06,"(n,n')193Ir"
193Ir,975.0,1.9072080000000004e-06,"(n,n')193Ir"
193Ir,492.93,1.9044400000000002e-06,"(n,n')193Ir"
193Ir,503.22,1.9034940000000001e-06,"(n,n')193Ir"
193Ir,389.16,1.8433959999999999e-06,"(n,n')193Ir"
193Ir,513.6,1.7874500000000001e-06,"(n,n')193Ir"
193Ir,398.76,1.6336799999999998e-06,"(n,n')193Ir"
193Ir,178.0,1.3854251572e-06,"(n,n')193Ir"
193Ir,930.37,1.3202804000000001e-06,"(n,n')193Ir"
193Ir,234.6,1.154639272e-06,"(n,n')193Ir"
193Ir,885.87,1.09593857406e-06,"(n,n')193Ir"
193Ir,269.52,1.0927106988000002e-06,"(n,n')193Ir"
193Ir,559.24,1.0399442944310402e-06,"(n,n')193Ir"
193Ir,142.13,1.0374442901999999e-06,"(n,n')193Ir"
193Ir,482.33,1.0026558029999998e-06,"(n,n')193Ir"
196Hg,425.98,87.78801391138913,"(n,n')196Hg"
196Hg,634.92,9.389216216081547e-06,"(n,n')196Hg"
196Hg,695.9,4.837094125146049e-06,"(n,n')196Hg"
196Hg,724.1,2.8524192575619664e-06,"(n,n')196Hg"
196Hg,84.0,2.7747037457857398e-06,"(n,n')196Hg"
196Hg,505.2,1.287887721704223e-06,"(n,n')196Hg"
196Hg,477.6,1.2057632662976884e-06,"(n,n')196Hg"
196Hg,1495.52,1.0845398885958934e-06,"(n,n')196Hg"
198Hg,411.8,100.36779793110111,"(n,n')198Hg"
198Hg,636.7,12.678872316614237,"(n,n')198Hg"
198Hg,786.4,7.7023375199999995,"(n,n')198Hg"
198Hg,675.9,3.5681532957999993,"(n,n')198Hg"
198Hg,587.1,2.810707714640014,"(n,n')198Hg"
198Hg,747.2,2.0846224799999997,"(n,n')198Hg"
198Hg,989.7,1.9715650000000002,"(n,n')198Hg"
198Hg,1087.7,0.7050841842000001,"(n,n')198Hg"
198Hg,47.7,0.4162572597104961,"(n,n')198Hg"
198Hg,767.3,2.0819742245904296e-06,"(n,n')198Hg"
198Hg,226.4,1.6223742169589256e-06,"(n,n')198Hg"
198Hg,1489.6,1.3973133876827085e-06,"(n,n')198Hg"
198Hg,1200.6,1.322445072953558e-06,"(n,n')198Hg"
198Hg,227.5,1.2373362791151382e-06,"(n,n')198Hg"
198Hg,1447.0,1.1731559282868073e-06,"(n,n')198Hg"
198Hg,1007.6,1.1435557091659199e-06,"(n,n')198Hg"
199Hg,158.38,53.38877599999999,"(n,n')199Hg"
199Hg,208.2,24.209874,"(n,n')199Hg"
199Hg,49.82,6.828425999999999,"(n,n')199Hg"
199Hg,668.9,1.0475433669904762e-06,"(n,n')199Hg"
199Hg,695.9,1.046201107731798e-06,"(n,n')199Hg"
199Hg,281.9,1.0441353446595174e-06,"(n,n')199Hg"
19F,197.0,185.51245337,"(n,n')19F"
19F,1357.0,63.89371158,"(n,n')19F"
19F,109.9,48.77008633491089,"(n,n')19F"
19F,1236.1,30.2486376,"(n,n')19F"
19F,2583.0,14.9478465,"(n,n')19F"
19F,1349.1,7.879194801000001,"(n,n')19F"
19F,4352.0,7.856546999999998,"(n,n')19F"
19F,4909.0,6.088200000000001,"(n,n')19F"
19F,2686.0,4.4720705,"(n,n')19F"
19F,2653.0,4.1963215,"(n,n')19F"
19F,1444.1,3.4724843250000004,"(n,n')19F"
19F,2684.0,2.7944465,"(n,n')19F"
19F,3337.0,2.6593875000000002,"(n,n')19F"
19F,1459.0,2.3980158090000003,"(n,n')19F"
19F,3907.0,2.2926580000000003,"(n,n')19F"
19F,4084.0,2.1515750000000002,"(n,n')19F"
19F,1554.0,2.083490595,"(n,n')19F"
19F,5343.0,2.0783165000000006,"(n,n')19F"
19F,2995.0,2.0495339999999995,"(n,n')19F"
19F,1868.0,2.01705,"(n,n')19F"
19F,4081.0,1.9898775000000004,"(n,n')19F"
19F,4275.0,1.8053560000000002,"(n,n')19F"
19F,5302.0,1.6765105000000002,"(n,n')19F"
19F,4181.0,1.5800000000000003,"(n,n')19F"
19F,3647.0,1.5220500000000003,"(n,n')19F"
19F,4118.0,1.5156319999999999,"(n,n')19F"
19F,4448.1,1.450215,"(n,n')19F"
19F,3224.0,1.3085875,"(n,n')19F"
19F,1431.0,1.2909450000000002,"(n,n')19F"
19F,1149.0,1.2603599,"(n,n')19F"
19F,4558.0,1.160172,"(n,n')19F"
19F,5424.0,1.154244,"(n,n')19F"
19F,1262.0,1.1419122900000003,"(n,n')19F"
19F,3802.0,1.0790541,"(n,n')19F"
19F,3090.0,0.9109039999999999,"(n,n')19F"
19F,5389.1,0.8553625000000001,"(n,n')19F"
19F,5256.1,0.833133,"(n,n')19F"
19F,3797.1,0.7899700000000001,"(n,n')19F"
19F,5366.0,0.753787,"(n,n')19F"
19F,2540.0,0.7193693999999999,"(n,n')19F"
19F,2353.0,0.7109730000000001,"(n,n')19F"
19F,3203.0,0.5693149999999999,"(n,n')19F"
19F,3971.0,0.5594095,"(n,n')19F"
19F,3710.0,0.5529790000000001,"(n,n')19F"
19F,4153.0,0.547432,"(n,n')19F"
19F,1598.0,0.3950000000000001,"(n,n')19F"
19F,5540.0,0.3537560000000001,"(n,n')19F"
19F,4040.0,0.3421450000000001,"(n,n')19F"
19F,1398.0,0.30122050000000006,"(n,n')19F"
19F,4361.0,0.290043,"(n,n')19F"
19F,4486.0,0.25327500000000003,"(n,n')19F"
19F,3910.0,0.2368175,"(n,n')19F"
19F,3004.0,0.19336199999999998,"(n,n')19F"
19F,5267.0,0.18945399999999998,"(n,n')19F"
19F,3212.0,0.128908,"(n,n')19F"
200Hg,367.9,137.70944000249108,"(n,n')200Hg"
200Hg,1263.0,18.443992316292622,"(n,n')200Hg"
200Hg,1147.3,11.910062048514362,"(n,n')200Hg"
200Hg,2189.5,8.9781017,"(n,n')200Hg"
200Hg,1205.8,5.370266398273161,"(n,n')200Hg"
200Hg,1821.6,4.47823386,"(n,n')200Hg"
200Hg,1225.5,4.457166509033934,"(n,n')200Hg"
200Hg,935.4,4.39169794,"(n,n')200Hg"
200Hg,886.2,3.8720115380744633,"(n,n')200Hg"
200Hg,1783.5,3.6851200000000004,"(n,n')200Hg"
200Hg,579.3,2.952663325551938,"(n,n')200Hg"
200Hg,1254.1,1.901225673020782,"(n,n')200Hg"
200Hg,661.4,1.8929194481833904,"(n,n')200Hg"
200Hg,1630.9,1.7842332274478798,"(n,n')200Hg"
200Hg,1273.5,1.0236323572868724,"(n,n')200Hg"
200Hg,615.8,0.99516308,"(n,n')200Hg"
200Hg,596.1,0.88699318,"(n,n')200Hg"
200Hg,1570.3,0.5749691578512329,"(n,n')200Hg"
200Hg,674.3,0.5624834799999999,"(n,n')200Hg"
200Hg,115.7,0.39419106187802,"(n,n')200Hg"
200Hg,306.6,0.36777766,"(n,n')200Hg"
200Hg,558.6,0.32450969999999996,"(n,n')200Hg"
200Hg,471.2,0.30287572,"(n,n')200Hg"
200Hg,759.5,0.25107390034506133,"(n,n')200Hg"
200Hg,255.9,0.24618345629190103,"(n,n')200Hg"
200Hg,1202.4,0.24185913727794547,"(n,n')200Hg"
200Hg,455.2,0.23797378,"(n,n')200Hg"
200Hg,1515.0,0.22434840053581195,"(n,n')200Hg"
200Hg,1718.3,0.15044190638202196,"(n,n')200Hg"
200Hg,172.9,0.138136466,"(n,n')200Hg"
200Hg,787.1,0.12434883978116194,"(n,n')200Hg"
200Hg,181.2,0.11383404999999998,"(n,n')200Hg"
200Hg,332.7,0.10816990000000001,"(n,n')200Hg"
200Hg,1488.9,0.09573175224237108,"(n,n')200Hg"
200Hg,1366.4,0.08677755290771144,"(n,n')200Hg"
200Hg,601.6,0.08298759197432,"(n,n')200Hg"
200Hg,612.1,0.07685976744133513,"(n,n')200Hg"
200Hg,1350.4,0.07346420056871561,"(n,n')200Hg"
200Hg,1180.7,0.06322823414999999,"(n,n')200Hg"
200Hg,541.0,0.06201516340460139,"(n,n')200Hg"
200Hg,689.0,0.05685412212187999,"(n,n')200Hg"
200Hg,628.8,0.056270992265539714,"(n,n')200Hg"
200Hg,387.3,0.048910761099031454,"(n,n')200Hg"
200Hg,1593.4,0.04538866098812559,"(n,n')200Hg"
200Hg,376.8,0.04149379598716,"(n,n')200Hg"
200Hg,289.5,0.028686657480000006,"(n,n')200Hg"
200Hg,564.1,0.022694330494062796,"(n,n')200Hg"
200Hg,140.9,0.01987574317744,"(n,n')200Hg"
200Hg,873.8,0.01895521485,"(n,n')200Hg"
200Hg,626.5,0.016256705610346922,"(n,n')200Hg"
200Hg,252.0,0.01581443938,"(n,n')200Hg"
200Hg,694.2,0.015139045102081162,"(n,n')200Hg"
200Hg,309.2,0.014711106400000002,"(n,n')200Hg"
200Hg,646.2,0.013616598296437679,"(n,n')200Hg"
200Hg,76.9,0.013415017579320005,"(n,n')200Hg"
200Hg,468.9,0.01259262525,"(n,n')200Hg"
200Hg,1760.0,0.01259262525,"(n,n')200Hg"
200Hg,224.8,0.011592839469638917,"(n,n')200Hg"
200Hg,306.9,0.011592839469638917,"(n,n')200Hg"
200Hg,319.6,0.01083780374023128,"(n,n')200Hg"
200Hg,544.4,0.01083780374023128,"(n,n')200Hg"
200Hg,1573.7,0.01083780374023128,"(n,n')200Hg"
200Hg,164.6,0.009562219160000001,"(n,n')200Hg"
200Hg,352.3,0.009411330449999998,"(n,n')200Hg"
200Hg,1291.1,0.008873365731888603,"(n,n')200Hg"
200Hg,480.2,0.008725936029119998,"(n,n')200Hg"
200Hg,464.2,0.00862393987242,"(n,n')200Hg"
200Hg,828.4,0.00798782014927766,"(n,n')200Hg"
200Hg,316.2,0.00708688309662896,"(n,n')200Hg"
200Hg,144.6,0.00702691397012,"(n,n')200Hg"
200Hg,1363.0,0.007026385354058636,"(n,n')200Hg"
200Hg,152.0,0.00698777554,"(n,n')200Hg"
200Hg,904.3,0.006388785626278603,"(n,n')200Hg"
200Hg,225.9,0.0062738542,"(n,n')200Hg"
200Hg,148.0,0.006068698428740001,"(n,n')200Hg"
200Hg,111.1,0.005795321868,"(n,n')200Hg"
200Hg,86.4,0.005456534000000001,"(n,n')200Hg"
200Hg,534.5,0.005037050099999999,"(n,n')200Hg"
200Hg,397.0,0.005037050099999999,"(n,n')200Hg"
200Hg,342.4,0.004880977878935718,"(n,n')200Hg"
200Hg,148.6,0.00441333192,"(n,n')200Hg"
200Hg,138.5,0.0037859465000000007,"(n,n')200Hg"
200Hg,711.8,0.003638079950074327,"(n,n')200Hg"
200Hg,203.1,0.00351345698506,"(n,n')200Hg"
200Hg,935.7,0.00330999894,"(n,n')200Hg"
200Hg,409.6,0.0031812947999999997,"(n,n')200Hg"
200Hg,701.6,0.0028875556249556037,"(n,n')200Hg"
200Hg,160.6,0.0026903078823999997,"(n,n')200Hg"
200Hg,486.5,0.0025185250499999996,"(n,n')200Hg"
200Hg,241.5,0.0018388883000000002,"(n,n')200Hg"
200Hg,312.6,0.0018388883000000002,"(n,n')200Hg"
200Hg,602.7,0.0017307184000000004,"(n,n')200Hg"
200Hg,783.7,0.00117843291272,"(n,n')200Hg"
200Hg,1407.7,0.0010634803408499998,"(n,n')200Hg"
200Hg,476.8,0.0007335143640399999,"(n,n')200Hg"
200Hg,286.5,0.0006490194000000001,"(n,n')200Hg"
200Hg,197.6,0.0005838491380000001,"(n,n')200Hg"
200Hg,521.5,0.00018822660899999998,"(n,n')200Hg"
200Hg,404.9,0.0001646829066168,"(n,n')200Hg"
200Hg,137.5,0.00015632273332,"(n,n')200Hg"
201Hg,26.27,23.889781278255803,"(n,n')201Hg"
201Hg,1.56,14.369926095054153,"(n,n')201Hg"
201Hg,32.14,8.945233683726837,"(n,n')201Hg"
201Hg,30.58,8.838531095054151,"(n,n')201Hg"
201Hg,414.5,8.0908326,"(n,n')201Hg"
201Hg,388.23,7.295013,"(n,n')201Hg"
201Hg,382.36,6.720254399999999,"(n,n')201Hg"
201Hg,521.03,1.2480180755249892e-05,"(n,n')201Hg"
201Hg,218.9,6.099633840192182e-06,"(n,n')201Hg"
201Hg,438.13,3.577046077223988e-06,"(n,n')201Hg"
201Hg,733.0,3.5349398881900946e-06,"(n,n')201Hg"
201Hg,613.26,3.2566466821940764e-06,"(n,n')201Hg"
201Hg,352.46,2.1221343040136265e-06,"(n,n')201Hg"
201Hg,384.6,1.6769313031716071e-06,"(n,n')201Hg"
201Hg,645.4,1.6258820767175823e-06,"(n,n')201Hg"
201Hg,167.5,1.4950419387609263e-06,"(n,n')201Hg"
201Hg,553.0,1.1910757054476937e-06,"(n,n')201Hg"
201Hg,358.33,1.1476344021705394e-06,"(n,n')201Hg"
201Hg,464.4,1.1430780852836988e-06,"(n,n')201Hg"
201Hg,526.73,1.0733945728735203e-06,"(n,n')201Hg"
202Hg,439.59,70.86015688983197,"(n,n')202Hg"
202Hg,680.11,6.295454438355791,"(n,n')202Hg"
202Hg,520.11,4.831419157388816,"(n,n')202Hg"
202Hg,351.9,3.8458463677495702,"(n,n')202Hg"
202Hg,872.01,2.3479170759630525,"(n,n')202Hg"
202Hg,1203.61,1.0004415500000001,"(n,n')202Hg"
202Hg,129.4,0.7733490083791488,"(n,n')202Hg"
202Hg,959.7,0.5910448768992322,"(n,n')202Hg"
202Hg,222.5,0.536748358664153,"(n,n')202Hg"
202Hg,742.61,0.19335183945608544,"(n,n')202Hg"
202Hg,1182.2,0.0433101071963126,"(n,n')202Hg"
202Hg,549.1,2.9034327871628112e-05,"(n,n')202Hg"
202Hg,1354.71,2.7054876923694293e-05,"(n,n')202Hg"
202Hg,542.6,1.7826313624932243e-05,"(n,n')202Hg"
202Hg,950.21,1.7261900057608335e-05,"(n,n')202Hg"
202Hg,1306.31,1.496512882592257e-05,"(n,n')202Hg"
202Hg,908.31,1.4603962041857831e-05,"(n,n')202Hg"
202Hg,476.9,1.430409051889949e-05,"(n,n')202Hg"
202Hg,1788.5,1.430409051889949e-05,"(n,n')202Hg"
202Hg,379.9,1.1985593490348842e-05,"(n,n')202Hg"
202Hg,1017.41,1.1489822872587921e-05,"(n,n')202Hg"
202Hg,1084.41,1.145139488809236e-05,"(n,n')202Hg"
202Hg,413.2,1.0879505416826604e-05,"(n,n')202Hg"
202Hg,602.4,1.0324938970601712e-05,"(n,n')202Hg"
202Hg,718.5,8.427096289990235e-06,"(n,n')202Hg"
202Hg,388.2,8.179130067124745e-06,"(n,n')202Hg"
202Hg,1136.01,7.667289266639326e-06,"(n,n')202Hg"
202Hg,497.3,7.659881915058615e-06,"(n,n')202Hg"
202Hg,564.3,7.63426325872824e-06,"(n,n')202Hg"
202Hg,1125.11,6.864232075383841e-06,"(n,n')202Hg"
202Hg,615.9,6.828227422365588e-06,"(n,n')202Hg"
202Hg,1238.61,6.817426212126932e-06,"(n,n')202Hg"
202Hg,442.4,6.60651689377662e-06,"(n,n')202Hg"
202Hg,455.9,4.831838896334971e-06,"(n,n')202Hg"
202Hg,250.5,4.801457633181916e-06,"(n,n')202Hg"
202Hg,393.4,3.529846379358482e-06,"(n,n')202Hg"
202Hg,227.7,3.529846379358482e-06,"(n,n')202Hg"
202Hg,786.2,3.434619730539606e-06,"(n,n')202Hg"
202Hg,430.1,2.7283257340452847e-06,"(n,n')202Hg"
202Hg,185.8,2.5461186998651343e-06,"(n,n')202Hg"
202Hg,288.4,2.518660239480228e-06,"(n,n')202Hg"
202Hg,1389.8,1.7292205356625042e-06,"(n,n')202Hg"
202Hg,172.3,1.1913391119925056e-06,"(n,n')202Hg"
202Hg,1122.51,1.1913391119925056e-06,"(n,n')202Hg"
202Hg,496.0,1.174112292088527e-06,"(n,n')202Hg"
202Hg,207.6,1.0951730059195861e-06,"(n,n')202Hg"
203Tl,279.2,65.72429581408981,"(n,n')203Tl"
203Tl,401.32,37.71259804027192,"(n,n')203Tl"
203Tl,680.52,7.097996034879074,"(n,n')203Tl"
203Tl,793.17,4.715218999999999,"(n,n')203Tl"
203Tl,786.22,4.387877711991111,"(n,n')203Tl"
203Tl,834.6,3.5792269623376005,"(n,n')203Tl"
203Tl,1223.0,3.018723,"(n,n')203Tl"
203Tl,764.94,2.85807051234601,"(n,n')203Tl"
203Tl,1293.9,2.521893,"(n,n')203Tl"
203Tl,953.16,2.470690539352771,"(n,n')203Tl"
203Tl,363.62,2.25131458041347,"(n,n')203Tl"
203Tl,1113.8,1.6596883806624003,"(n,n')203Tl"
203Tl,654.38,1.5734331250000002,"(n,n')203Tl"
203Tl,1044.14,1.47148184794052,"(n,n')203Tl"
203Tl,1618.0,1.2995169999999998,"(n,n')203Tl"
203Tl,1656.0,1.2176289999999999,"(n,n')203Tl"
203Tl,1168.85,1.2148926823000001,"(n,n')203Tl"
203Tl,1404.54,1.1626260000000002,"(n,n')203Tl"
203Tl,1696.0,1.1395089999999999,"(n,n')203Tl"
203Tl,497.24,1.110473343,"(n,n')203Tl"
203Tl,1752.9,1.0407146,"(n,n')203Tl"
203Tl,276.0,1.0216319551,"(n,n')203Tl"
203Tl,1817.0,0.944074,"(n,n')203Tl"
203Tl,1830.0,0.9261204999999999,"(n,n')203Tl"
203Tl,1850.0,0.8994829999999999,"(n,n')203Tl"
203Tl,1608.6,0.8521770999999999,"(n,n')203Tl"
203Tl,1040.94,0.8264488503,"(n,n')203Tl"
203Tl,551.84,0.7311047514226678,"(n,n')203Tl"
203Tl,1055.7,0.7151968750000001,"(n,n')203Tl"
203Tl,384.9,0.57522342135479,"(n,n')203Tl"
203Tl,336.51,0.5749016178269999,"(n,n')203Tl"
203Tl,888.35,0.5326419331859998,"(n,n')203Tl"
203Tl,639.62,0.4796672175000001,"(n,n')203Tl"
203Tl,403.91,0.3694619856000001,"(n,n')203Tl"
203Tl,1232.36,0.3182083270515608,"(n,n')203Tl"
203Tl,1448.05,0.20567433210000005,"(n,n')203Tl"
203Tl,930.52,0.20494165700000003,"(n,n')203Tl"
203Tl,1289.67,0.17343532286399996,"(n,n')203Tl"
203Tl,1305.78,0.15533088381000004,"(n,n')203Tl"
203Tl,503.45,0.13727313334589997,"(n,n')203Tl"
203Tl,1026.58,0.06871481619,"(n,n')203Tl"
203Tl,1320.14,0.0409789771,"(n,n')203Tl"
203Tl,905.16,0.038791426090361604,"(n,n')203Tl"
203Tl,1743.0,0.02831969,"(n,n')203Tl"
203Tl,794.73,0.025792069147926387,"(n,n')203Tl"
203Tl,303.97,0.02215136,"(n,n')203Tl"
203Tl,1273.0,0.018381570000000003,"(n,n')203Tl"
203Tl,143.8,0.01009199235597639,"(n,n')203Tl"
203Tl,503.84,0.00591369910442358,"(n,n')203Tl"
203Tl,33.37,0.005449464447806387,"(n,n')203Tl"
203Tl,537.21,0.002077244935002822,"(n,n')203Tl"
203Tl,232.0,4.72917387856e-05,"(n,n')203Tl"
203Tl,1760.0,2.4680306999999997e-05,"(n,n')203Tl"
203Tl,386.87,2.22200477856e-05,"(n,n')203Tl"
203Tl,1839.97,1.413404e-05,"(n,n')203Tl"
203Tl,1669.24,8.267925666e-06,"(n,n')203Tl"
203Tl,1407.2,7.3688191512e-06,"(n,n')203Tl"
203Tl,564.97,6.986791950000001e-06,"(n,n')203Tl"
203Tl,1390.04,5.960134334e-06,"(n,n')203Tl"
203Tl,936.39,4.945763771700001e-06,"(n,n')203Tl"
203Tl,1715.83,4.48994358e-06,"(n,n')203Tl"
203Tl,1035.31,3.38715042e-06,"(n,n')203Tl"
203Tl,535.07,2.3314713390000004e-06,"(n,n')203Tl"
203Tl,1156.08,2.2729502144e-06,"(n,n')203Tl"
204Hg,436.5,95.61735744197405,"(n,n')204Hg"
204Hg,691.8,50.70458699201647,"(n,n')204Hg"
204Hg,1134.5,38.154678914652685,"(n,n')204Hg"
204Hg,412.5,34.203095000000005,"(n,n')204Hg"
204Hg,2376.3,9.1787885,"(n,n')204Hg"
204Hg,1062.5,1.3342641355500862,"(n,n')204Hg"
204Hg,109.6,0.7894060357549696,"(n,n')204Hg"
204Hg,1172.1,0.41029918575714225,"(n,n')204Hg"
204Hg,423.7,5.3221512111844587e-05,"(n,n')204Hg"
204Hg,1392.1,5.195877167677922e-05,"(n,n')204Hg"
204Hg,1552.5,4.747783555199492e-05,"(n,n')204Hg"
204Hg,1511.2,4.520800087249814e-05,"(n,n')204Hg"
204Hg,1404.9,4.3661473720773926e-05,"(n,n')204Hg"
204Hg,497.5,4.3609274651706125e-05,"(n,n')204Hg"
204Hg,554.7,4.2261189613443843e-05,"(n,n')204Hg"
204Hg,723.0,3.406363631817483e-05,"(n,n')204Hg"
204Hg,2088.8,3.109534356106263e-05,"(n,n')204Hg"
204Hg,1704.3,3.10172955599927e-05,"(n,n')204Hg"
204Hg,1841.4,3.009101567242528e-05,"(n,n')204Hg"
204Hg,1598.4,2.5192420239445915e-05,"(n,n')204Hg"
204Hg,898.1,2.044602222331842e-05,"(n,n')204Hg"
204Hg,1414.8,1.3395812035237297e-05,"(n,n')204Hg"
204Hg,461.3,1.3305378027961147e-05,"(n,n')204Hg"
204Hg,569.5,1.309979511644228e-05,"(n,n')204Hg"
204Hg,1959.6,4.230768157121441e-06,"(n,n')204Hg"
204Hg,1947.7,2.3793684669735862e-06,"(n,n')204Hg"
204Pb,899.17,228.20175581870203,"(n,n')204Pb"
204Pb,374.83,151.75474435019413,"(n,n')204Pb"
204Pb,791.2,38.01303824878091,"(n,n')204Pb"
204Pb,289.27,33.58686005039272,"(n,n')204Pb"
204Pb,1351.17,14.200257327859717,"(n,n')204Pb"
204Pb,918.28,11.343792605338315,"(n,n')204Pb"
204Pb,501.93,10.219878706761653,"(n,n')204Pb"
204Pb,683.59,9.531319447409551,"(n,n')204Pb"
204Pb,330.76,5.685982740898256,"(n,n')204Pb"
204Pb,1258.76,4.660175104479081,"(n,n')204Pb"
204Pb,361.03,4.377044136081195,"(n,n')204Pb"
204Pb,452.0,4.254285408078735,"(n,n')204Pb"
204Pb,766.11,3.64364783936517,"(n,n')204Pb"
204Pb,1665.28,3.423286357552465,"(n,n')204Pb"
204Pb,861.91,3.404558213494764,"(n,n')204Pb"
204Pb,1061.19,3.0873107377412152,"(n,n')204Pb"
204Pb,1761.08,2.64447230769104,"(n,n')204Pb"
204Pb,705.59,2.611691089810129,"(n,n')204Pb"
204Pb,2105.48,2.354940741530451,"(n,n')204Pb"
204Pb,754.31,1.6616798523639726,"(n,n')204Pb"
204Pb,883.93,1.5504546643049815,"(n,n')204Pb"
204Pb,377.6,1.4082190023393395,"(n,n')204Pb"
204Pb,1206.31,1.2592276211958882,"(n,n')204Pb"
204Pb,609.19,1.2008841238592687,"(n,n')204Pb"
204Pb,597.18,1.0030547535733187,"(n,n')204Pb"
204Pb,1872.11,0.9970369912176709,"(n,n')204Pb"
204Pb,1049.18,0.9199064701143731,"(n,n')204Pb"
204Pb,438.2,0.8726080953323125,"(n,n')204Pb"
204Pb,1933.29,0.7850960199692867,"(n,n')204Pb"
204Pb,365.59,0.7811535754057786,"(n,n')204Pb"
204Pb,1681.2,0.7661244498922226,"(n,n')204Pb"
204Pb,782.03,0.7194211541718964,"(n,n')204Pb"
204Pb,813.03,0.6638095802939151,"(n,n')204Pb"
204Pb,674.35,0.576884867517778,"(n,n')204Pb"
204Pb,212.69,0.5505722724598249,"(n,n')204Pb"
204Pb,409.91,0.47874033168658636,"(n,n')204Pb"
204Pb,683.33,0.3399282370117747,"(n,n')204Pb"
204Pb,1582.76,0.27956098280131364,"(n,n')204Pb"
204Pb,1729.97,0.2665538549098707,"(n,n')204Pb"
204Pb,543.45,0.1402510703366497,"(n,n')204Pb"
204Pb,1034.12,0.09532786003922215,"(n,n')204Pb"
204Pb,1274.0,0.018060766009469903,"(n,n')204Pb"
205Tl,203.68,7.625659358681846,"(n,n')205Tl"
205Tl,415.72,3.1620084480990456,"(n,n')205Tl"
205Tl,720.06,2.0626279597792725,"(n,n')205Tl"
205Tl,619.4,0.2122402426479884,"(n,n')205Tl"
205Tl,505.81,0.00268329785295,"(n,n')205Tl"
205Tl,54.38,0.0020829818,"(n,n')205Tl"
205Tl,1219.15,0.0018950553974126597,"(n,n')205Tl"
205Tl,1916.0,0.0011159301,"(n,n')205Tl"
205Tl,1668.0,0.0010928211,"(n,n')205Tl"
205Tl,2286.0,0.0010898782999999997,"(n,n')205Tl"
205Tl,1553.0,0.0010140126,"(n,n')205Tl"
205Tl,2126.0,0.0009689185999999999,"(n,n')205Tl"
205Tl,570.55,0.0009460310000000001,"(n,n')205Tl"
205Tl,2185.0,0.0009380209000000001,"(n,n')205Tl"
205Tl,937.05,0.0008837777261746841,"(n,n')205Tl"
205Tl,1574.03,0.0008505199000000001,"(n,n')205Tl"
205Tl,1644.0,0.0008477763,"(n,n')205Tl"
205Tl,1848.0,0.0008397583999999999,"(n,n')205Tl"
205Tl,646.95,0.0008390447999999999,"(n,n')205Tl"
205Tl,1946.0,0.000835897,"(n,n')205Tl"
205Tl,2036.0,0.0008323302,"(n,n')205Tl"
205Tl,2112.0,0.0008293138,"(n,n')205Tl"
205Tl,1136.59,0.000754267233470962,"(n,n')205Tl"
205Tl,1383.03,0.0007505449983,"(n,n')205Tl"
205Tl,2098.22,0.00062770633092,"(n,n')205Tl"
205Tl,1694.0,0.0006179666000000001,"(n,n')205Tl"
205Tl,1765.0,0.0006159917000000001,"(n,n')205Tl"
205Tl,491.89,0.0005599096224999999,"(n,n')205Tl"
205Tl,810.15,0.0005168188470500001,"(n,n')205Tl"
205Tl,1163.23,0.00045510622983,"(n,n')205Tl"
205Tl,976.3,0.00044289565627663125,"(n,n')205Tl"
205Tl,963.69,0.0003665334701700001,"(n,n')205Tl"
205Tl,1829.0,0.00032993359999999996,"(n,n')205Tl"
205Tl,2005.62,0.00032430680000000006,"(n,n')205Tl"
205Tl,521.33,0.000303854312378485,"(n,n')205Tl"
205Tl,1433.9,0.00029958494467999995,"(n,n')205Tl"
205Tl,1234.74,0.00029937894873000004,"(n,n')205Tl"
205Tl,560.58,0.0002990285003388375,"(n,n')205Tl"
205Tl,1140.73,0.000298208119776831,"(n,n')205Tl"
205Tl,1001.35,0.00028968895850999996,"(n,n')205Tl"
205Tl,1959.55,0.0002889653174,"(n,n')205Tl"
205Tl,570.31,0.0002852369775,"(n,n')205Tl"
205Tl,630.87,0.00027261356,"(n,n')205Tl"
205Tl,256.24,0.000233932364622495,"(n,n')205Tl"
205Tl,1015.47,0.00020962629673733997,"(n,n')205Tl"
205Tl,1478.82,0.00020215396908,"(n,n')205Tl"
205Tl,1966.39,0.00020206713851999997,"(n,n')205Tl"
205Tl,1350.93,0.00019208560375000001,"(n,n')205Tl"
205Tl,1543.83,0.000188692296,"(n,n')205Tl"
205Tl,720.87,0.000186429088156875,"(n,n')205Tl"
205Tl,2220.5,0.00017099067194999994,"(n,n')205Tl"
205Tl,1696.84,0.000165701315,"(n,n')205Tl"
205Tl,1601.1,0.00014246206953999994,"(n,n')205Tl"
205Tl,2163.23,0.0001271253866,"(n,n')205Tl"
205Tl,374.63,0.00012480278625,"(n,n')205Tl"
205Tl,1469.62,0.00012100535118979996,"(n,n')205Tl"
205Tl,1175.51,0.000112263851,"(n,n')205Tl"
205Tl,1885.34,0.00010737548332819998,"(n,n')205Tl"
205Tl,2089.02,9.772376548199998e-05,"(n,n')205Tl"
205Tl,1078.69,8.31160017e-05,"(n,n')205Tl"
205Tl,747.24,7.735741313999999e-05,"(n,n')205Tl"
205Tl,1340.27,5.3592148542163004e-05,"(n,n')205Tl"
205Tl,1762.71,4.850004833999999e-05,"(n,n')205Tl"
205Tl,2112.56,4.4724833999999995e-05,"(n,n')205Tl"
205Tl,1230.22,3.604685531999999e-05,"(n,n')205Tl"
205Tl,1554.61,3.233555e-05,"(n,n')205Tl"
205Tl,1438.42,1.975435127e-05,"(n,n')205Tl"
205Tl,1179.98,1.4862260371179374e-05,"(n,n')205Tl"
206Pb,803.1,335.91487701851776,"(n,n')206Pb"
206Pb,537.44,104.38971481136144,"(n,n')206Pb"
206Pb,516.17,93.84946324357037,"(n,n')206Pb"
206Pb,880.94,84.74893671752642,"(n,n')206Pb"
206Pb,1844.74,65.18411894309952,"(n,n')206Pb"
206Pb,343.5,50.44713500884329,"(n,n')206Pb"
206Pb,183.98,33.646088426858164,"(n,n')206Pb"
206Pb,856.16,21.813133671882433,"(n,n')206Pb"
206Pb,458.09,21.73832155952101,"(n,n')206Pb"
206Pb,1393.6,16.948328153011094,"(n,n')206Pb"
206Pb,657.17,12.806872788739069,"(n,n')206Pb"
206Pb,1432.6,9.748905106191932,"(n,n')206Pb"
206Pb,663.7,9.468305518001515,"(n,n')206Pb"
206Pb,398.03,8.36822615783428,"(n,n')206Pb"
206Pb,1098.18,7.247017936894437,"(n,n')206Pb"
206Pb,1344.8,6.297286735626649,"(n,n')206Pb"
206Pb,981.1,5.54228811589713,"(n,n')206Pb"
206Pb,1620.0,5.438925773155539,"(n,n')206Pb"
206Pb,1588.26,4.557968493087459,"(n,n')206Pb"
206Pb,313.67,4.222483114738142,"(n,n')206Pb"
206Pb,963.8,4.194121061560595,"(n,n')206Pb"
206Pb,44.14,4.050984154287599,"(n,n')206Pb"
206Pb,157.42,3.6251644012423254,"(n,n')206Pb"
206Pb,480.4,3.167594620373347,"(n,n')206Pb"
206Pb,1275.96,3.1145030904800994,"(n,n')206Pb"
206Pb,962.29,3.1145030904800994,"(n,n')206Pb"
206Pb,664.38,3.0481903801418144,"(n,n')206Pb"
206Pb,1466.8,2.6835589271961373,"(n,n')206Pb"
206Pb,1703.5,2.496547038036968,"(n,n')206Pb"
206Pb,2984.0,2.1769642065140506,"(n,n')206Pb"
206Pb,2180.9,2.1769642065140506,"(n,n')206Pb"
206Pb,317.4,2.116395968364359,"(n,n')206Pb"
206Pb,202.5,2.045047911917774,"(n,n')206Pb"
206Pb,1180.55,1.9042548693223726,"(n,n')206Pb"
206Pb,1194.61,1.6815464238547326,"(n,n')206Pb"
206Pb,739.43,1.2628929216908642,"(n,n')206Pb"
206Pb,1588.29,0.9456625172836441,"(n,n')206Pb"
206Pb,362.9,0.9423197726037185,"(n,n')206Pb"
206Pb,555.45,0.298777215501064,"(n,n')206Pb"
206Pb,784.51,0.2886921765889535,"(n,n')206Pb"
206Pb,1784.2,0.2844265125113945,"(n,n')206Pb"
206Pb,582.01,0.26928451616534316,"(n,n')206Pb"
206Pb,2315.0,0.20684352247900625,"(n,n')206Pb"
206Pb,1142.32,0.1427436266494298,"(n,n')206Pb"
206Pb,442.17,0.05229104289666024,"(n,n')206Pb"
206Pb,434.97,0.038797815165883376,"(n,n')206Pb"
206Pb,2023.26,0.01649555597801859,"(n,n')206Pb"
207Pb,569.7,264.6544572376962,"(n,n')207Pb"
207Pb,1063.67,121.7341333144959,"(n,n')207Pb"
207Pb,2092.7,67.92018316721057,"(n,n')207Pb"
207Pb,897.8,53.298911377593654,"(n,n')207Pb"
207Pb,1725.7,44.07281922809143,"(n,n')207Pb"
207Pb,1770.25,22.593632264918075,"(n,n')207Pb"
207Pb,1590.63,18.559296197521014,"(n,n')207Pb"
207Pb,3450.0,18.121768192689824,"(n,n')207Pb"
207Pb,1568.63,16.66324838614511,"(n,n')207Pb"
207Pb,1546.63,9.071580895110777,"(n,n')207Pb"
207Pb,1093.63,7.77697413481335,"(n,n')207Pb"
207Pb,751.6,6.86895519851584,"(n,n')207Pb"
207Pb,2844.3,6.86895519851584,"(n,n')207Pb"
207Pb,1750.63,5.584440482984614,"(n,n')207Pb"
207Pb,1068.63,4.717080725963689,"(n,n')207Pb"
207Pb,362.05,4.717080725963689,"(n,n')207Pb"
207Pb,1876.63,2.9907964907940547,"(n,n')207Pb"
207Pb,376.0,2.0976196801406948,"(n,n')207Pb"
207Pb,216.0,2.0976196801406948,"(n,n')207Pb"
207Pb,1949.63,1.411864730954629,"(n,n')207Pb"
207Pb,1243.05,1.411864730954629,"(n,n')207Pb"
207Pb,387.05,1.2715393926077805,"(n,n')207Pb"
207Pb,1088.05,1.2591260828627449,"(n,n')207Pb"
207Pb,1794.63,1.2591260828627449,"(n,n')207Pb"
207Pb,1843.63,1.2512040930291293,"(n,n')207Pb"
207Pb,1137.05,1.2512040930291293,"(n,n')207Pb"
207Pb,328.1,0.507555594167568,"(n,n')207Pb"
207Pb,1442.15,0.4274550294918512,"(n,n')207Pb"
207Pb,3305.0,0.32927908411025875,"(n,n')207Pb"
208Pb,2614.55,110.0755957490141,"(n,n')208Pb"
208Pb,233.33,50.267495921848855,"(n,n')208Pb"
208Pb,583.19,44.758721033167326,"(n,n')208Pb"
208Pb,277.37,33.0321540034931,"(n,n')208Pb"
208Pb,1638.95,19.08612614077353,"(n,n')208Pb"
208Pb,4085.4,18.833972003516557,"(n,n')208Pb"
208Pb,1093.89,14.377918302631494,"(n,n')208Pb"
208Pb,1125.46,13.834884950980516,"(n,n')208Pb"
208Pb,1224.26,11.735830291013349,"(n,n')208Pb"
208Pb,117.2,10.353951301746509,"(n,n')208Pb"
208Pb,211.36,10.345906254440946,"(n,n')208Pb"
208Pb,444.7,10.251461058548616,"(n,n')208Pb"
208Pb,860.56,8.354505135275213,"(n,n')208Pb"
208Pb,283.56,7.814166130533163,"(n,n')208Pb"
208Pb,1223.09,7.366687154962772,"(n,n')208Pb"
208Pb,1500.46,7.366687154962772,"(n,n')208Pb"
208Pb,722.06,6.709021160812386,"(n,n')208Pb"
208Pb,1615.45,3.6778653956870624,"(n,n')208Pb"
208Pb,748.7,3.320827411259411,"(n,n')208Pb"
208Pb,152.0,2.5548249464246404,"(n,n')208Pb"
208Pb,839.26,2.487508296185433,"(n,n')208Pb"
208Pb,1282.76,2.26262317373766,"(n,n')208Pb"
208Pb,20.6,1.9253956295863728,"(n,n')208Pb"
208Pb,70.0,1.5085762387438792,"(n,n')208Pb"
208Pb,4626.0,1.4524393011651604,"(n,n')208Pb"
208Pb,4229.5,1.406738208838633,"(n,n')208Pb"
208Pb,85.0,1.0523497388793406,"(n,n')208Pb"
208Pb,481.5,1.0523497388793406,"(n,n')208Pb"
208Pb,252.52,1.0343170682204996,"(n,n')208Pb"
208Pb,1007.66,0.892839390716052,"(n,n')208Pb"
208Pb,1185.16,0.8580358941964021,"(n,n')208Pb"
208Pb,1160.72,0.8070219835560524,"(n,n')208Pb"
208Pb,22.0,0.8058469401055403,"(n,n')208Pb"
208Pb,41.0,0.7846257493415754,"(n,n')208Pb"
208Pb,694.56,0.7739575413443374,"(n,n')208Pb"
208Pb,1544.45,0.70439895206758,"(n,n')208Pb"
208Pb,1435.95,0.7009035648647689,"(n,n')208Pb"
208Pb,754.89,0.6838311464427179,"(n,n')208Pb"
208Pb,1526.45,0.5995772239848,"(n,n')208Pb"
208Pb,510.7,0.5878831998736153,"(n,n')208Pb"
208Pb,1703.45,0.5070460550895759,"(n,n')208Pb"
208Pb,821.06,0.5022240557916859,"(n,n')208Pb"
208Pb,883.35,0.45830777299605147,"(n,n')208Pb"
208Pb,1614.95,0.3903952100315088,"(n,n')208Pb"
208Pb,797.96,0.2824997356213899,"(n,n')208Pb"
208Pb,1381.15,0.2824997356213899,"(n,n')208Pb"
208Pb,1743.91,0.2815484188005764,"(n,n')208Pb"
208Pb,491.6,0.26631233736358306,"(n,n')208Pb"
208Pb,125.2,0.23996199518937764,"(n,n')208Pb"
208Pb,1647.85,0.23280639369941586,"(n,n')208Pb"
208Pb,847.26,0.2060221706427912,"(n,n')208Pb"
208Pb,1032.26,0.17081620456164762,"(n,n')208Pb"
208Pb,787.29,0.16993397054660161,"(n,n')208Pb"
208Pb,927.89,0.1523500420531286,"(n,n')208Pb"
208Pb,553.96,0.13446566901529033,"(n,n')208Pb"
208Pb,927.57,0.13307099116538354,"(n,n')208Pb"
208Pb,982.67,0.08349871468616395,"(n,n')208Pb"
208Pb,650.2,0.05749997416865116,"(n,n')208Pb"
208Pb,328.56,0.05244759088543153,"(n,n')208Pb"
208Pb,485.85,0.04298380831997026,"(n,n')208Pb"
208Pb,442.04,0.03967973215160601,"(n,n')208Pb"
208Pb,1788.45,0.038364719528058894,"(n,n')208Pb"
208Pb,705.3,0.0360798010743164,"(n,n')208Pb"
208Pb,1205.26,0.0335939379323509,"(n,n')208Pb"
208Pb,4577.0,0.03157752605080942,"(n,n')208Pb"
208Pb,763.22,0.0153913429540185,"(n,n')208Pb"
208Pb,587.73,0.011734744100093947,"(n,n')208Pb"
208Pb,573.0,0.011321377896610092,"(n,n')208Pb"
208Pb,209.5,0.007823242585996234,"(n,n')208Pb"
208Pb,1848.45,0.007823242585996234,"(n,n')208Pb"
208Pb,357.0,0.005071871921107767,"(n,n')208Pb"
208Pb,233.5,0.005071871921107767,"(n,n')208Pb"
208Pb,468.2,0.001977858530244822,"(n,n')208Pb"
208Pb,212.0,0.0019633200078267537,"(n,n')208Pb"
208Pb,521.56,0.001593361638951842,"(n,n')208Pb"
208Pb,120.8,0.0011988284386183056,"(n,n')208Pb"
208Pb,412.5,0.0011353627479276601,"(n,n')208Pb"
208Pb,456.56,0.001042508908550956,"(n,n')208Pb"
208Pb,267.5,0.0009773241777871174,"(n,n')208Pb"
208Pb,220.0,0.0003299761991663177,"(n,n')208Pb"
208Pb,336.56,0.000299555203456279,"(n,n')208Pb"
208Pb,569.89,0.00020494480783612428,"(n,n')208Pb"
208Pb,340.0,3.6870186089254254e-05,"(n,n')208Pb"
208Pb,134.0,3.501553503543415e-05,"(n,n')208Pb"
225Ac,29.94,353.53299605982716,"(n,n')225Ac"
225Ac,47.18,217.08965420986124,"(n,n')225Ac"
225Ac,49.74,99.07404058634445,"(n,n')225Ac"
225Ac,71.85,56.740731658835905,"(n,n')225Ac"
225Ac,67.83,22.692124121848746,"(n,n')225Ac"
225Ac,64.7,21.969578027772357,"(n,n')225Ac"
225Ac,75.12,18.84051681023705,"(n,n')225Ac"
225Ac,158.38,14.197954726299878,"(n,n')225Ac"
225Ac,40.09,10.399132146816036,"(n,n')225Ac"
225Ac,140.85,8.861139771667803,"(n,n')225Ac"
225Ac,221.0,4.4586062401949045,"(n,n')225Ac"
225Ac,156.3,4.4586062401949045,"(n,n')225Ac"
225Ac,93.67,4.164202885549804,"(n,n')225Ac"
225Ac,135.15,4.056372757631997,"(n,n')225Ac"
225Ac,94.79,2.5143587104051925,"(n,n')225Ac"
225Ac,169.91,2.271562198946407,"(n,n')225Ac"
225Ac,79.05,2.027594633428588,"(n,n')225Ac"
225Ac,120.8,1.38455727522972,"(n,n')225Ac"
225Ac,34.76,1.0984813887217673,"(n,n')225Ac"
225Ac,122.73,0.9734096711619508,"(n,n')225Ac"
225Ac,115.56,0.8509792795200858,"(n,n')225Ac"
225Ac,125.71,0.165926165494307,"(n,n')225Ac"
225Ac,34.85,0.11062856092071527,"(n,n')225Ac"
225Ac,80.71,0.06923450240759145,"(n,n')225Ac"
225Ac,155.65,0.04255461773759905,"(n,n')225Ac"
226Ac,18.8,299.81554328338393,"(n,n')226Ac"
226Ac,26.2,145.57880254557332,"(n,n')226Ac"
226Ac,5.1,61.343912061931796,"(n,n')226Ac"
226Ac,14.5,35.71003005882806,"(n,n')226Ac"
226Ac,28.2,35.71003005882806,"(n,n')226Ac"
226Ac,32.7,35.56249057154241,"(n,n')226Ac"
226Ac,13.3,13.439925329617443,"(n,n')226Ac"
226Ac,58.3,13.439925329617443,"(n,n')226Ac"
226Ac,51.5,8.42885973292948,"(n,n')226Ac"
226Ac,12.0,8.42885973292948,"(n,n')226Ac"
227Ac,22.0,40.406960264209914,"(n,n')227Ac"
227Ac,28.29,24.72829401078675,"(n,n')227Ac"
227Ac,142.45,24.72829401078675,"(n,n')227Ac"
227Ac,27.37,23.5599623216026,"(n,n')227Ac"
227Ac,124.57,6.225164422007335,"(n,n')227Ac"
227Ac,277.36,5.770599790267008,"(n,n')227Ac"
227Ac,42.86,5.465421077715209,"(n,n')227Ac"
227Ac,37.27,5.10280950756344,"(n,n')227Ac"
227Ac,33.14,4.614383005356072,"(n,n')227Ac"
227Ac,113.65,4.614383005356072,"(n,n')227Ac"
227Ac,101.65,3.988245303573059,"(n,n')227Ac"
227Ac,118.02,3.988245303573059,"(n,n')227Ac"
227Ac,258.38,3.9820396934589524,"(n,n')227Ac"
227Ac,77.38,3.371988711885048,"(n,n')227Ac"
227Ac,273.14,3.0535673794591585,"(n,n')227Ac"
227Ac,44.16,2.601835138945005,"(n,n')227Ac"
227Ac,243.16,2.4726613685080423,"(n,n')227Ac"
227Ac,71.85,2.426953508517162,"(n,n')227Ac"
227Ac,144.43,2.300837211251224,"(n,n')227Ac"
227Ac,96.88,1.9615536956833868,"(n,n')227Ac"
227Ac,52.72,1.7461321770925853,"(n,n')227Ac"
227Ac,300.06,0.985233824678965,"(n,n')227Ac"
227Ac,74.14,0.9624116754078471,"(n,n')227Ac"
227Ac,302.67,0.8964223123891396,"(n,n')227Ac"
227Ac,29.98,0.8930048594298454,"(n,n')227Ac"
227Ac,18.98,0.7843896382958766,"(n,n')227Ac"
227Ac,38.2,0.727702064721923,"(n,n')227Ac"
227Ac,72.58,0.7134939468344519,"(n,n')227Ac"
227Ac,283.69,0.6798637895755767,"(n,n')227Ac"
227Ac,16.37,0.6431976017751299,"(n,n')227Ac"
227Ac,102.77,0.6408119391335347,"(n,n')227Ac"
227Ac,330.04,0.5573652391928248,"(n,n')227Ac"
227Ac,245.77,0.549553181181242,"(n,n')227Ac"
227Ac,100.84,0.4883629597513961,"(n,n')227Ac"
227Ac,46.35,0.4706735154600009,"(n,n')227Ac"
227Ac,220.18,0.4155000756010356,"(n,n')227Ac"
227Ac,54.57,0.34931027513727,"(n,n')227Ac"
227Ac,60.46,0.29674333362498034,"(n,n')227Ac"
227Ac,199.0,0.2443064392172216,"(n,n')227Ac"
227Ac,25.39,0.21085843220097283,"(n,n')227Ac"
227Ac,226.79,0.14960830530586075,"(n,n')227Ac"
227Ac,57.18,0.12222329040723678,"(n,n')227Ac"
227Ac,63.59,0.0885342944872158,"(n,n')227Ac"
227Ac,23.46,0.07814815095893937,"(n,n')227Ac"
227Ac,255.9,0.04453679123906192,"(n,n')227Ac"
227Ac,35.8,0.029097063538437915,"(n,n')227Ac"
227Ac,230.59,0.005770599790267009,"(n,n')227Ac"
227Ac,56.9,0.004729297211911024,"(n,n')227Ac"
227Ac,245.49,0.0031521315057517897,"(n,n')227Ac"
227Th,9.29,294.10232830242774,"(n,n')227Th"
227Th,24.38,129.36572679369402,"(n,n')227Th"
227Th,77.49,69.07767751146508,"(n,n')227Th"
227Th,64.38,26.443760482685228,"(n,n')227Th"
227Th,102.92,15.76197069759608,"(n,n')227Th"
227Th,157.79,15.28675681234238,"(n,n')227Th"
227Th,68.33,11.442612396184481,"(n,n')227Th"
227Th,53.24,9.497633971887513,"(n,n')227Th"
227Th,129.48,8.774759634428024,"(n,n')227Th"
227Th,37.86,8.374981582395018,"(n,n')227Th"
227Th,66.94,8.212749634023167,"(n,n')227Th"
227Th,28.57,8.040113501089008,"(n,n')227Th"
227Th,72.72,7.306371988071698,"(n,n')227Th"
227Th,118.01,6.936712306613234,"(n,n')227Th"
227Th,56.41,5.743264390689562,"(n,n')227Th"
227Th,190.73,4.45723337681349,"(n,n')227Th"
227Th,89.9,3.524597230528584,"(n,n')227Th"
227Th,204.1,2.8866150633580427,"(n,n')227Th"
227Th,15.09,2.84644072899966,"(n,n')227Th"
227Th,150.86,2.8293613950144203,"(n,n')227Th"
227Th,61.33,2.8200344846007988,"(n,n')227Th"
227Th,51.85,2.0531873408247807,"(n,n')227Th"
227Th,219.19,1.9056125041818817,"(n,n')227Th"
227Th,74.81,1.6920186650534073,"(n,n')227Th"
227Th,159.33,1.3206681493929926,"(n,n')227Th"
227Th,99.19,0.9167356163009214,"(n,n')227Th"
227Th,39.76,0.9152350079101762,"(n,n')227Th"
227Th,129.29,0.6928555714872205,"(n,n')227Th"
227Th,84.52,0.3101167968086094,"(n,n')227Th"
227Th,145.85,0.2642100241067113,"(n,n')227Th"
227Th,190.62,0.2309803573728237,"(n,n')227Th"
228Th,57.76,474.9985158917624,"(n,n')228Th"
228Th,129.06,236.268272499293,"(n,n')228Th"
228Th,191.36,126.94243642113429,"(n,n')228Th"
228Th,244.32,59.003726098579,"(n,n')228Th"
228Th,332.37,23.46672073164444,"(n,n')228Th"
228Th,317.42,22.51973002273167,"(n,n')228Th"
228Th,289.3,22.319829181327062,"(n,n')228Th"
228Th,338.32,20.64991146463831,"(n,n')228Th"
228Th,298.3,11.039827553863773,"(n,n')228Th"
228Th,270.24,10.65120607580956,"(n,n')228Th"
228Th,328.0,9.510088644698667,"(n,n')228Th"
228Th,209.26,7.124007900226522,"(n,n')228Th"
228Th,248.2,4.968355437572,"(n,n')228Th"
228Th,278.0,4.553927914894348,"(n,n')228Th"
228Th,987.68,4.175179711041056,"(n,n')228Th"
228Th,964.77,3.6609266172120862,"(n,n')228Th"
228Th,911.21,3.607443369963848,"(n,n')228Th"
228Th,904.19,3.459982331776461,"(n,n')228Th"
228Th,269.0,3.051166528876131,"(n,n')228Th"
228Th,572.29,2.8180119434622366,"(n,n')228Th"
228Th,225.2,2.7152510961739593,"(n,n')228Th"
228Th,141.01,2.3699224253953894,"(n,n')228Th"
228Th,968.97,2.2044533218141695,"(n,n')228Th"
228Th,958.65,2.030189292716264,"(n,n')228Th"
228Th,794.95,1.9532608521626218,"(n,n')228Th"
228Th,873.11,1.9468533847329599,"(n,n')228Th"
228Th,478.4,1.9344954638226703,"(n,n')228Th"
228Th,546.47,1.7605830709794865,"(n,n')228Th"
228Th,663.85,1.6936002367099232,"(n,n')228Th"
228Th,944.2,1.635170041829626,"(n,n')228Th"
228Th,503.82,1.5835486774117846,"(n,n')228Th"
228Th,231.57,1.5449620400144934,"(n,n')228Th"
228Th,616.19,1.487767504501859,"(n,n')228Th"
228Th,772.3,1.3010645830298802,"(n,n')228Th"
228Th,583.42,1.2410277015952285,"(n,n')228Th"
228Th,835.7,1.1860551904203396,"(n,n')228Th"
228Th,540.74,1.12890733863211,"(n,n')228Th"
228Th,449.18,1.098871982246292,"(n,n')228Th"
228Th,651.5,1.0091515507378261,"(n,n')228Th"
228Th,988.57,0.9421668538251327,"(n,n')228Th"
228Th,1033.26,0.9169739243721139,"(n,n')228Th"
228Th,792.68,0.8981117825287571,"(n,n')228Th"
228Th,840.37,0.8053939710648707,"(n,n')228Th"
228Th,640.37,0.7892117913224056,"(n,n')228Th"
228Th,610.58,0.7834723968772613,"(n,n')228Th"
228Th,321.64,0.7152823665038276,"(n,n')228Th"
228Th,1117.63,0.6594291128519388,"(n,n')228Th"
228Th,1013.72,0.6333623426203397,"(n,n')228Th"
228Th,687.65,0.6191776091059351,"(n,n')228Th"
228Th,620.33,0.5766350947943832,"(n,n')228Th"
228Th,774.06,0.5225148711332576,"(n,n')228Th"
228Th,278.99,0.5077811659662478,"(n,n')228Th"
228Th,688.4,0.48742526288328386,"(n,n')228Th"
228Th,874.47,0.4449689702098203,"(n,n')228Th"
228Th,1153.47,0.43622957672208607,"(n,n')228Th"
228Th,1095.71,0.39329843732365094,"(n,n')228Th"
228Th,178.01,0.3397998475503482,"(n,n')228Th"
228Th,153.98,0.32607227272588735,"(n,n')228Th"
228Th,231.19,0.301397313308312,"(n,n')228Th"
228Th,979.5,0.29265694259965025,"(n,n')228Th"
228Th,1175.39,0.2919572526335924,"(n,n')228Th"
228Th,199.41,0.2706225885459469,"(n,n')228Th"
228Th,726.87,0.2675332739547838,"(n,n')228Th"
228Th,1110.62,0.2432999788030618,"(n,n')228Th"
228Th,816.71,0.23797570152416803,"(n,n')228Th"
228Th,184.5,0.22169266778937202,"(n,n')228Th"
228Th,880.82,0.21153921938573592,"(n,n')228Th"
228Th,921.74,0.18767803783511824,"(n,n')228Th"
228Th,1142.78,0.1699539292286579,"(n,n')228Th"
228Th,1016.41,0.13804986319785106,"(n,n')228Th"
228Th,145.85,0.13532549324073018,"(n,n')228Th"
228Th,173.97,0.11085796759879846,"(n,n')228Th"
228Th,694.94,0.10032232421511536,"(n,n')228Th"
228Th,782.14,0.0682092517558576,"(n,n')228Th"
228Th,712.84,0.06228152659253434,"(n,n')228Th"
228Th,1065.19,0.05898962633859818,"(n,n')228Th"
228Th,100.42,0.04296418487591739,"(n,n')228Th"
228Th,981.55,0.03904333596821605,"(n,n')228Th"
228Th,649.18,0.0351361739115811,"(n,n')228Th"
228Th,77.36,0.022117017566125212,"(n,n')228Th"
229Pa,73.0,218.42552661531286,"(n,n')229Pa"
229Pa,93.86,119.18786480626244,"(n,n')229Pa"
229Pa,0.16,71.9963199893171,"(n,n')229Pa"
229Pa,122.51,53.27650722639911,"(n,n')229Pa"
229Pa,114.71,47.18912732554568,"(n,n')229Pa"
229Pa,17.33,33.50181145376966,"(n,n')229Pa"
229Pa,47.0,25.272230216401475,"(n,n')229Pa"
229Pa,30.0,10.515523843793591,"(n,n')229Pa"
229Pa,88.42,4.607064055974116,"(n,n')229Pa"
229Pa,211.09,4.607064055974116,"(n,n')229Pa"
229Pa,241.91,4.402742293146288,"(n,n')229Pa"
229Pa,119.24,4.402742293146288,"(n,n')229Pa"
229Th,21.0,181.66468329958434,"(n,n')229Th"
229Th,47.0,86.0437016661103,"(n,n')229Th"
229Th,42.44,46.9404747765278,"(n,n')229Th"
229Th,97.13,26.499295214855056,"(n,n')229Th"
229Th,71.82,26.44337530327547,"(n,n')229Th"
229Th,29.19,24.938328782390457,"(n,n')229Th"
229Th,54.69,23.661222436427536,"(n,n')229Th"
229Th,119.0,18.334249500574806,"(n,n')229Th"
229Th,72.0,17.844474935883856,"(n,n')229Th"
229Th,7.0,17.009513728008606,"(n,n')229Th"
229Th,0.01,16.37916270296211,"(n,n')229Th"
229Th,120.82,14.717485591750357,"(n,n')229Th"
229Th,173.6,12.437881592947537,"(n,n')229Th"
229Th,255.94,11.768158160936773,"(n,n')229Th"
229Th,53.59,8.3480601957498,"(n,n')229Th"
229Th,88.45,6.950110865584057,"(n,n')229Th"
229Th,146.34,6.901448481318379,"(n,n')229Th"
229Th,118.97,6.101189565656107,"(n,n')229Th"
229Th,127.0,5.486285105009491,"(n,n')229Th"
229Th,101.78,3.9713720833256003,"(n,n')229Th"
229Th,66.13,3.3859616000626316,"(n,n')229Th"
229Th,164.52,3.1978915823191727,"(n,n')229Th"
229Th,226.75,2.7068117529925293,"(n,n')229Th"
229Th,96.22,2.5883425863460916,"(n,n')229Th"
229Th,117.16,2.4153443513541477,"(n,n')229Th"
229Th,123.89,2.3478804435975658,"(n,n')229Th"
229Th,70.3,2.183234047160714,"(n,n')229Th"
229Th,86.64,2.085394195622498,"(n,n')229Th"
229Th,259.33,1.6306150836717335,"(n,n')229Th"
229Th,74.53,1.5876937021703317,"(n,n')229Th"
229Th,86.93,1.5199698542836173,"(n,n')229Th"
229Th,131.16,1.4696096444420916,"(n,n')229Th"
229Th,37.85,1.4570769755615118,"(n,n')229Th"
229Th,25.31,1.4434810222078416,"(n,n')229Th"
229Th,208.17,1.4212843790429244,"(n,n')229Th"
229Th,216.1,1.3994678628249841,"(n,n')229Th"
229Th,261.92,1.2564335165984941,"(n,n')229Th"
229Th,135.34,1.189392739303151,"(n,n')229Th"
229Th,212.34,1.1550889644768207,"(n,n')229Th"
229Th,217.16,1.1380991922702992,"(n,n')229Th"
229Th,31.18,0.986143448217567,"(n,n')229Th"
229Th,317.16,0.9485013982077469,"(n,n')229Th"
229Th,154.73,0.6915324723079749,"(n,n')229Th"
229Th,291.35,0.6866541265279287,"(n,n')229Th"
229Th,187.97,0.6715835134484792,"(n,n')229Th"
229Th,76.34,0.5430184608205265,"(n,n')229Th"
229Th,145.34,0.534952107375384,"(n,n')229Th"
229Th,114.32,0.5317372649071069,"(n,n')229Th"
229Th,148.16,0.4941911687495988,"(n,n')229Th"
229Th,260.45,0.48409066984361615,"(n,n')229Th"
229Th,245.35,0.44575399952923433,"(n,n')229Th"
229Th,67.94,0.37856894207411945,"(n,n')229Th"
229Th,320.54,0.3708336950325778,"(n,n')229Th"
229Th,72.83,0.34099075626239755,"(n,n')229Th"
229Th,82.97,0.32556353290638707,"(n,n')229Th"
229Th,302.89,0.3181376454540906,"(n,n')229Th"
229Th,129.29,0.3181376454540906,"(n,n')229Th"
229Th,111.95,0.27997656168731716,"(n,n')229Th"
229Th,139.76,0.2196218621985734,"(n,n')229Th"
229Th,165.54,0.2132053247669764,"(n,n')229Th"
229Th,153.27,0.19957271529162912,"(n,n')229Th"
229Th,91.01,0.1861918971254608,"(n,n')229Th"
229Th,248.72,0.18533963851896562,"(n,n')229Th"
229Th,278.1,0.1373462093164662,"(n,n')229Th"
229Th,125.41,0.12526101340967494,"(n,n')229Th"
229Th,287.98,0.1185710500205091,"(n,n')229Th"
229Th,32.62,0.11605432816717341,"(n,n')229Th"
229Th,52.63,0.08195383121960549,"(n,n')229Th"
229Th,274.73,0.04931952583330121,"(n,n')229Th"
229Th,69.0,0.03527734608057853,"(n,n')229Th"
229Th,174.19,0.026778159139325027,"(n,n')229Th"
229Th,63.76,0.018476423935920826,"(n,n')229Th"
229Th,170.82,0.016126726738965577,"(n,n')229Th"
229Th,103.38,0.0117433154067289,"(n,n')229Th"
229Th,169.01,0.007587375054628874,"(n,n')229Th"
229Th,156.01,0.006798357259498369,"(n,n')229Th"
229Th,100.01,0.006070221179860411,"(n,n')229Th"
229Th,172.38,0.004120541362974111,"(n,n')229Th"
229Th,223.41,0.0038462558495427645,"(n,n')229Th"
230Pa,60.0,214.1040802405583,"(n,n')230Pa"
230Th,53.2,407.87224892145804,"(n,n')230Th"
230Th,120.9,181.97182795134904,"(n,n')230Th"
230Th,182.5,89.96676688287741,"(n,n')230Th"
230Th,237.5,34.823261832201354,"(n,n')230Th"
230Th,518.57,6.262383198442592,"(n,n')230Th"
230Th,397.67,6.074861927933043,"(n,n')230Th"
230Th,512.6,5.847267718561477,"(n,n')230Th"
230Th,454.96,4.920037600101252,"(n,n')230Th"
230Th,330.1,3.216147910660846,"(n,n')230Th"
230Th,508.16,2.9520197744275927,"(n,n')230Th"
230Th,581.7,2.9118704456606124,"(n,n')230Th"
230Th,677.6,2.6929925357427327,"(n,n')230Th"
230Th,624.4,2.2086622149300634,"(n,n')230Th"
230Th,503.5,2.1278229987184636,"(n,n')230Th"
230Th,114.93,1.1110532037858345,"(n,n')230Th"
230U,51.72,398.00414177242897,"(n,n')230U"
230U,117.78,178.02060065266082,"(n,n')230U"
230U,177.6,92.66421313796528,"(n,n')230U"
230U,231.1,30.383627424820737,"(n,n')230U"
230U,383.58,13.809930696597366,"(n,n')230U"
230U,387.0,11.02037764691177,"(n,n')230U"
230U,211.2,8.2891422502849,"(n,n')230U"
230U,388.8,8.2891422502849,"(n,n')230U"
230U,314.84,7.4113073067282,"(n,n')230U"
230U,366.56,6.002828033220252,"(n,n')230U"
230U,265.8,5.386513361254278,"(n,n')230U"
231Pa,68.48,98.35996000000002,"(n,n')231Pa"
231Pa,9.21,98.35996000000002,"(n,n')231Pa"
231Pa,58.57,58.99454,"(n,n')231Pa"
231Pa,115.51,14.61254,"(n,n')231Pa"
231Th,41.95,232.20292951465495,"(n,n')231Th"
231Th,119.99,69.91330755435118,"(n,n')231Th"
231Th,96.13,60.42447831086882,"(n,n')231Th"
231Th,172.06,28.41615738762788,"(n,n')231Th"
231Th,54.18,21.153032224593467,"(n,n')231Th"
231Th,185.71,8.642350531317499,"(n,n')231Th"
231Th,163.36,7.658195588267298,"(n,n')231Th"
231Th,205.31,7.581036801633071,"(n,n')231Th"
231Th,221.4,7.302101606179627,"(n,n')231Th"
231Th,72.49,7.260835499768725,"(n,n')231Th"
231Th,194.94,7.256302366250528,"(n,n')231Th"
231Th,289.56,5.910674105921895,"(n,n')231Th"
231Th,240.88,5.347850759906836,"(n,n')231Th"
231Th,272.18,4.957140061247635,"(n,n')231Th"
231Th,115.86,4.356500124188456,"(n,n')231Th"
231Th,247.58,4.326585401511747,"(n,n')231Th"
231Th,228.78,4.075544503581236,"(n,n')231Th"
231Th,275.13,4.050103862039133,"(n,n')231Th"
231Th,233.47,3.7255012000181513,"(n,n')231Th"
231Th,198.93,3.4755360640041246,"(n,n')231Th"
231Th,202.11,3.0068954614776833,"(n,n')231Th"
231Th,301.74,2.8092037897170927,"(n,n')231Th"
231Th,140.76,2.5392207697191,"(n,n')231Th"
231Th,282.96,2.5266662605183545,"(n,n')231Th"
231Th,109.18,2.2972817866350033,"(n,n')231Th"
231Th,309.56,2.0915253991881997,"(n,n')231Th"
231Th,136.7,1.9609187806739565,"(n,n')231Th"
231Th,40.91,1.8148752875908067,"(n,n')231Th"
231Th,143.76,1.655967915178638,"(n,n')231Th"
231Th,255.38,1.65238091034353,"(n,n')231Th"
231Th,172.27,1.627827612897687,"(n,n')231Th"
231Th,179.3,1.48995491739711,"(n,n')231Th"
231Th,80.35,1.4324383941205103,"(n,n')231Th"
231Th,343.74,1.3595292213951664,"(n,n')231Th"
231Th,351.51,1.3387759979420595,"(n,n')231Th"
231Th,281.45,1.1765496894025542,"(n,n')231Th"
231Th,259.79,1.0111653446761681,"(n,n')231Th"
231Th,182.52,0.9620621824050313,"(n,n')231Th"
231Th,275.42,0.9312212478370305,"(n,n')231Th"
231Th,76.2,0.8099191567287429,"(n,n')231Th"
231Th,74.95,0.7256302366250528,"(n,n')231Th"
231Th,230.23,0.2726192855954267,"(n,n')231Th"
231Th,51.18,0.21767860660628993,"(n,n')231Th"
231Th,150.93,0.2104738782957171,"(n,n')231Th"
231Th,317.08,0.1863065252559869,"(n,n')231Th"
231Th,31.58,0.1450823861280716,"(n,n')231Th"
231Th,291.7,0.11426743952308002,"(n,n')231Th"
231Th,345.88,0.10521479817705036,"(n,n')231Th"
231Th,387.83,0.10521479817705036,"(n,n')231Th"
231U,45.1,265.60988190825634,"(n,n')231U"
231U,57.99,141.09902540220597,"(n,n')231U"
231U,40.0,96.97494633131794,"(n,n')231U"
231U,70.87,86.31278071934352,"(n,n')231U"
231U,103.09,57.50149448336324,"(n,n')231U"
232Pa,60.0,209.1328629678328,"(n,n')232Pa"
232Th,49.37,274.2826795267319,"(n,n')232Th"
232Th,112.75,71.55295887317556,"(n,n')232Th"
232Th,171.08,27.3504364817,"(n,n')232Th"
232Th,223.7,9.6097594542,"(n,n')232Th"
232Th,888.9,5.18882,"(n,n')232Th"
232Th,1243.83,4.625929999999999,"(n,n')232Th"
232Th,680.98,3.6801199999999996,"(n,n')232Th"
232Th,884.9,3.45006,"(n,n')232Th"
232Th,486.0,3.0448438015,"(n,n')232Th"
232Th,36.6,2.44164,"(n,n')232Th"
232Th,206.7,2.41632,"(n,n')232Th"
232Th,1046.78,2.38821,"(n,n')232Th"
232Th,1029.33,1.91123,"(n,n')232Th"
232Th,1167.28,1.8297,"(n,n')232Th"
232Th,76.8,1.82948,"(n,n')232Th"
232Th,270.1,1.2764039999999999,"(n,n')232Th"
232Th,727.98,1.274428547,"(n,n')232Th"
232Th,1023.53,1.07333,"(n,n')232Th"
232Th,780.23,1.0556830190000002,"(n,n')232Th"
232Th,735.93,1.03873313352,"(n,n')232Th"
232Th,1225.08,0.933537717,"(n,n')232Th"
232Th,981.18,0.916212,"(n,n')232Th"
232Th,1133.13,0.912847333,"(n,n')232Th"
232Th,812.8,0.882215,"(n,n')232Th"
232Th,539.8,0.8637941400000001,"(n,n')232Th"
232Th,774.1,0.8560202091441154,"(n,n')232Th"
232Th,986.18,0.7700680659999999,"(n,n')232Th"
232Th,798.28,0.753753721,"(n,n')232Th"
232Th,860.98,0.72576504,"(n,n')232Th"
232Th,823.63,0.7036058600000001,"(n,n')232Th"
232Th,1072.43,0.653504905156,"(n,n')232Th"
232Th,1004.23,0.6000238619999999,"(n,n')232Th"
232Th,1337.83,0.585038922,"(n,n')232Th"
232Th,785.3,0.58014824848,"(n,n')232Th"
232Th,612.28,0.5751812619,"(n,n')232Th"
232Th,1053.6,0.47355613799999996,"(n,n')232Th"
232Th,550.4,0.444712832,"(n,n')232Th"
232Th,466.2,0.44463496,"(n,n')232Th"
232Th,1077.5,0.441864,"(n,n')232Th"
232Th,627.2,0.395436279,"(n,n')232Th"
232Th,664.88,0.3947263686,"(n,n')232Th"
232Th,1045.03,0.387539799,"(n,n')232Th"
232Th,1056.33,0.37372907613300005,"(n,n')232Th"
232Th,611.98,0.371696256947561,"(n,n')232Th"
232Th,887.78,0.37063430729999997,"(n,n')232Th"
232Th,815.1,0.36355193399999997,"(n,n')232Th"
232Th,1387.2,0.31081336099999995,"(n,n')232Th"
232Th,932.28,0.306354201,"(n,n')232Th"
232Th,1020.38,0.27282266699999996,"(n,n')232Th"
232Th,667.48,0.26540698100000004,"(n,n')232Th"
232Th,310.1,0.245464,"(n,n')232Th"
232Th,959.68,0.2291842615,"(n,n')232Th"
232Th,840.73,0.228365809,"(n,n')232Th"
232Th,493.0,0.20283669270000002,"(n,n')232Th"
232Th,331.6,0.16886129413900003,"(n,n')232Th"
232Th,556.9,0.064575644,"(n,n')232Th"
232Th,714.25,0.06308663140000001,"(n,n')232Th"
232Th,943.58,0.0486007479662,"(n,n')232Th"
232Th,725.03,0.045897738099999995,"(n,n')232Th"
232Th,1121.8,0.0326751994896,"(n,n')232Th"
232Th,709.7,0.0180711985,"(n,n')232Th"
232Th,724.73,0.015414828047323598,"(n,n')232Th"
232Th,623.18,0.008299447861800001,"(n,n')232Th"
232Th,721.48,0.007967168000000002,"(n,n')232Th"
232U,47.57,402.79698835599265,"(n,n')232U"
232U,109.0,180.29489837614213,"(n,n')232U"
232U,166.03,95.79755514179004,"(n,n')232U"
232U,218.4,42.88384131640844,"(n,n')232U"
232U,264.8,14.005138866165385,"(n,n')232U"
232U,676.5,6.546287491863198,"(n,n')232U"
232U,581.4,6.125790283108736,"(n,n')232U"
232U,662.2,4.761551195545698,"(n,n')232U"
232U,515.62,4.748008060994462,"(n,n')232U"
232U,590.33,4.667253947039095,"(n,n')232U"
232U,424.3,4.667253947039095,"(n,n')232U"
232U,472.4,4.22707402394136,"(n,n')232U"
232U,863.85,3.930562553452372,"(n,n')232U"
232U,814.11,3.697442903673836,"(n,n')232U"
232U,563.19,3.1811972956987735,"(n,n')232U"
232U,592.5,3.1700355916470935,"(n,n')232U"
232U,374.1,3.1700355916470935,"(n,n')232U"
232U,686.99,3.0531064773299255,"(n,n')232U"
232U,734.56,3.0531064773299255,"(n,n')232U"
232U,819.22,2.7834134780853947,"(n,n')232U"
232U,643.64,2.4174743171330366,"(n,n')232U"
232U,866.79,2.115090816153821,"(n,n')232U"
232U,969.28,1.6820517871649148,"(n,n')232U"
232U,754.85,0.9432760318671626,"(n,n')232U"
232U,923.11,0.9243597870785368,"(n,n')232U"
232U,150.06,0.43741174126520477,"(n,n')232U"
232U,453.66,0.3481267656295888,"(n,n')232U"
232U,387.88,0.28089575741837236,"(n,n')232U"
232U,710.22,0.0695600103552229,"(n,n')232U"
232U,105.43,0.06728764349999335,"(n,n')232U"
232U,132.23,0.04731294347774897,"(n,n')232U"
232U,175.58,0.03618436652690684,"(n,n')232U"
232U,911.42,0.02358431946510028,"(n,n')232U"
232U,176.86,0.007863081979307341,"(n,n')232U"
232U,1016.85,0.0005551435869441414,"(n,n')232U"
232U,282.29,0.00038671377298789625,"(n,n')232U"
233Pa,6.65,99.70877048,"(n,n')233Pa"
233Pa,63.84,99.70877048,"(n,n')233Pa"
233Pa,57.1,81.6053,"(n,n')233Pa"
233Pa,70.49,12.67712952,"(n,n')233Pa"
233Th,6.04,185.26441872207735,"(n,n')233Th"
233Th,16.86,154.29205146317457,"(n,n')233Th"
233Th,0.02,88.6949631915432,"(n,n')233Th"
233Th,138.04,74.08692139957776,"(n,n')233Th"
233Th,48.51,57.47956066327483,"(n,n')233Th"
233Th,37.69,57.47956066327483,"(n,n')233Th"
233Th,54.55,57.47956066327483,"(n,n')233Th"
233Th,103.45,37.4986952394786,"(n,n')233Th"
233Th,108.2,29.758786463213898,"(n,n')233Th"
233Th,44.34,28.07593065858822,"(n,n')233Th"
233Th,56.96,15.032674335301307,"(n,n')233Th"
233Th,76.76,12.59020087388482,"(n,n')233Th"
233Th,39.07,12.59020087388482,"(n,n')233Th"
233Th,33.9,11.126901332694516,"(n,n')233Th"
233Th,174.6,9.799616045519233,"(n,n')233Th"
233Th,75.9,8.51272978671409,"(n,n')233Th"
233Th,155.2,7.568881407208103,"(n,n')233Th"
233Th,218.66,4.1497733013121785,"(n,n')233Th"
233Th,256.18,3.494865117933475,"(n,n')233Th"
233Th,229.02,3.386831839936337,"(n,n')233Th"
233Th,331.31,2.963283586498189,"(n,n')233Th"
233Th,309.5,2.7519977752052798,"(n,n')233Th"
233Th,335.93,1.3253768046937482,"(n,n')233Th"
233Th,319.07,1.2313409813085272,"(n,n')233Th"
233Th,172.06,0.7790129087230995,"(n,n')233Th"
233Th,211.86,0.5941315487555605,"(n,n')233Th"
233Th,329.89,0.3444839827700989,"(n,n')233Th"
233Th,286.97,0.2963283586498189,"(n,n')233Th"
233Th,281.38,0.26507552308502197,"(n,n')233Th"
234Np,30.0,554.945544619557,"(n,n')234Np"
234Np,40.0,112.32073942221872,"(n,n')234Np"
234Np,10.0,39.497956297821005,"(n,n')234Np"
234Th,49.55,438.82822555235475,"(n,n')234Th"
234Th,113.45,197.16131022854177,"(n,n')234Th"
234Th,173.5,99.6066862866148,"(n,n')234Th"
234Th,228.3,38.51464643016372,"(n,n')234Th"
235Np,34.23,283.35565094660035,"(n,n')235Np"
235Np,44.87,157.92613787982182,"(n,n')235Np"
235Np,53.9,78.21624055610378,"(n,n')235Np"
235Np,67.0,35.58516641417581,"(n,n')235Np"
235Np,49.1,20.46150188220869,"(n,n')235Np"
235Np,57.37,16.197705021410012,"(n,n')235Np"
235Np,67.7,14.364388492286377,"(n,n')235Np"
236Np,56.0,177.62905582662128,"(n,n')236Np"
236Np,60.0,83.59477273714377,"(n,n')236Np"
236Np,16.0,68.2023327295044,"(n,n')236Np"
236Np,64.0,62.16816929974554,"(n,n')236Np"
236Np,24.0,46.816198756377744,"(n,n')236Np"
236Np,32.0,21.607207424035565,"(n,n')236Np"
236Pu,44.63,358.2514490644356,"(n,n')236Pu"
236Pu,102.82,147.30177384773037,"(n,n')236Pu"
236Pu,158.35,74.93598830408614,"(n,n')236Pu"
236Pu,209.9,34.37598879220915,"(n,n')236Pu"
236Pu,257.8,12.935937544101503,"(n,n')236Pu"
237Np,33.19,210.24587587719998,"(n,n')237Np"
237Np,42.7,68.26687587719998,"(n,n')237Np"
237Np,75.89,7.509432122799998,"(n,n')237Np"
237Pu,47.71,271.6833743307726,"(n,n')237Pu"
237Pu,58.29,155.11400853715028,"(n,n')237Pu"
237Pu,69.0,104.08449990716417,"(n,n')237Pu"
237Pu,82.0,69.151806924357,"(n,n')237Pu"
237Pu,145.54,31.332310920438108,"(n,n')237Pu"
237Pu,500.0,31.293424938592462,"(n,n')237Pu"
237Pu,9.91,19.540673450039737,"(n,n')237Pu"
237Pu,68.8,7.354235552676338,"(n,n')237Pu"
237Pu,55.64,6.2652116925468375,"(n,n')237Pu"
237Pu,256.29,5.805592072544897,"(n,n')237Pu"
237Pu,323.29,4.613207952825957,"(n,n')237Pu"
237Pu,280.22,4.287621827517175,"(n,n')237Pu"
237Pu,438.29,3.1429424509473214,"(n,n')237Pu"
237Pu,541.0,3.030467401597654,"(n,n')237Pu"
237Pu,465.29,2.9195860270057445,"(n,n')237Pu"
237Pu,45.73,2.882415291122223,"(n,n')237Pu"
237Pu,438.41,2.631417334161172,"(n,n')237Pu"
237Pu,320.97,2.619277035421898,"(n,n')237Pu"
237Pu,635.0,2.0611483710844216,"(n,n')237Pu"
237Pu,380.82,1.728688331607575,"(n,n')237Pu"
237Pu,473.5,1.7131978904147704,"(n,n')237Pu"
237Pu,655.0,1.608147194487406,"(n,n')237Pu"
237Pu,435.55,1.5727158722378713,"(n,n')237Pu"
237Pu,691.0,1.4506784597869915,"(n,n')237Pu"
237Pu,273.26,1.414656257021134,"(n,n')237Pu"
237Pu,655.3,1.412601219256376,"(n,n')237Pu"
237Pu,224.86,1.3613391345576336,"(n,n')237Pu"
237Pu,214.95,1.3613391345576336,"(n,n')237Pu"
237Pu,248.74,1.26079550637808,"(n,n')237Pu"
237Pu,399.46,1.2095330429086253,"(n,n')237Pu"
237Pu,407.83,1.1274156815076883,"(n,n')237Pu"
237Pu,252.02,1.0052041464298567,"(n,n')237Pu"
237Pu,228.95,1.0052041464298567,"(n,n')237Pu"
237Pu,203.01,0.8952067383678913,"(n,n')237Pu"
237Pu,648.49,0.7836578585308412,"(n,n')237Pu"
237Pu,425.79,0.7709119682041713,"(n,n')237Pu"
237Pu,453.2,0.6734469673122473,"(n,n')237Pu"
237Pu,696.2,0.6033465618326864,"(n,n')237Pu"
237Pu,206.65,0.5863545102417321,"(n,n')237Pu"
237Pu,179.94,0.5169114837476795,"(n,n')237Pu"
237Pu,252.38,0.4848539754686358,"(n,n')237Pu"
237Pu,183.58,0.3383339005831277,"(n,n')237Pu"
237Pu,127.61,0.19167711536723087,"(n,n')237Pu"
237Pu,390.7,0.17366656381032103,"(n,n')237Pu"
237Pu,123.97,0.08825047925430088,"(n,n')237Pu"
237Pu,40.75,0.05238562434717138,"(n,n')237Pu"
237Pu,193.28,0.03598761956128085,"(n,n')237Pu"
237Pu,124.77,0.025296937483367976,"(n,n')237Pu"
237Pu,158.19,0.021051932870592278,"(n,n')237Pu"
237Pu,79.04,0.018008027014141822,"(n,n')237Pu"
238Np,26.43,226.89334050785197,"(n,n')238Np"
238Np,62.33,66.56883258570788,"(n,n')238Np"
238Np,35.9,55.26291015148017,"(n,n')238Np"
238Np,43.82,51.24112223640603,"(n,n')238Np"
238Np,55.53,33.6751529887824,"(n,n')238Np"
238Np,86.67,25.000258240132222,"(n,n')238Np"
238Np,139.1,18.683229467426855,"(n,n')238Np"
238Np,43.89,18.683229467426855,"(n,n')238Np"
238Np,79.73,16.395000443646758,"(n,n')238Np"
238Np,121.64,15.141455248570736,"(n,n')238Np"
238Np,243.96,14.23459571150636,"(n,n')238Np"
238Np,34.97,14.08239220578798,"(n,n')238Np"
238Np,53.17,12.251199687378255,"(n,n')238Np"
238Np,49.37,8.934133921622733,"(n,n')238Np"
238Np,95.22,7.8749257044894,"(n,n')238Np"
238Np,111.18,7.750531935764115,"(n,n')238Np"
238Np,60.25,7.400385265291699,"(n,n')238Np"
238Np,182.88,7.04851843495564,"(n,n')238Np"
238Np,131.5,6.884406235829728,"(n,n')238Np"
238Np,163.07,4.731497264414217,"(n,n')238Np"
238Np,135.21,4.724279096533168,"(n,n')238Np"
238Np,152.73,4.704485709472518,"(n,n')238Np"
238Np,153.87,4.663878325202005,"(n,n')238Np"
238Np,217.95,3.827590941283303,"(n,n')238Np"
238Np,215.52,3.762331651894368,"(n,n')238Np"
238Np,108.79,3.3493654318547192,"(n,n')238Np"
238Np,2.44,3.0727257337163563,"(n,n')238Np"
238Np,250.33,3.038929559315105,"(n,n')238Np"
238Np,67.92,2.787593025597169,"(n,n')238Np"
238Np,41.84,2.7811240241720974,"(n,n')238Np"
238Np,92.48,2.7035342949009276,"(n,n')238Np"
238Np,61.44,2.6869372633036543,"(n,n')238Np"
238Np,116.91,2.686657053595028,"(n,n')238Np"
238Np,190.88,2.6852493802901796,"(n,n')238Np"
238Np,90.04,2.5779830528837926,"(n,n')238Np"
238Np,156.45,2.142667995673624,"(n,n')238Np"
238Np,82.24,2.077375324761792,"(n,n')238Np"
238Np,277.64,2.0346139271730634,"(n,n')238Np"
238Np,250.39,2.032210792965891,"(n,n')238Np"
238Np,189.1,2.0320916600897068,"(n,n')238Np"
238Np,153.19,1.9938205379858776,"(n,n')238Np"
238Np,152.7,1.9583253345699285,"(n,n')238Np"
238Np,236.04,1.8331505662683594,"(n,n')238Np"
238Np,151.02,1.72743002704696,"(n,n')238Np"
238Np,232.43,1.7178384442513592,"(n,n')238Np"
238Np,53.67,1.5503166571653142,"(n,n')238Np"
238Np,107.26,1.54896203228766,"(n,n')238Np"
238Np,59.32,1.408239220578798,"(n,n')238Np"
238Np,250.37,1.387997247150973,"(n,n')238Np"
238Np,236.9,1.3795012544867682,"(n,n')238Np"
238Np,223.96,1.3729654935756506,"(n,n')238Np"
238Np,271.94,1.3197796084509577,"(n,n')238Np"
238Np,96.78,1.317771018298331,"(n,n')238Np"
238Np,251.21,1.241209410417369,"(n,n')238Np"
238Np,272.8,1.1175000504954853,"(n,n')238Np"
238Np,142.33,1.0534563771896301,"(n,n')238Np"
238Np,194.59,0.9920040590713822,"(n,n')238Np"
238Np,164.64,0.8939473413003407,"(n,n')238Np"
238Np,117.8,0.8939473413003407,"(n,n')238Np"
238Np,85.16,0.8939473413003407,"(n,n')238Np"
238Np,109.62,0.8934133921622732,"(n,n')238Np"
238Np,299.23,0.8279005943508415,"(n,n')238Np"
238Np,79.48,0.7901323871320111,"(n,n')238Np"
238Np,135.91,0.7270099726741938,"(n,n')238Np"
238Np,136.04,0.7058079850591116,"(n,n')238Np"
238Np,179.02,0.6854767080191672,"(n,n')238Np"
238Np,43.11,0.6218053682454038,"(n,n')238Np"
238Np,176.66,0.575809510841641,"(n,n')238Np"
238Np,73.72,0.5092591366861271,"(n,n')238Np"
238Np,196.52,0.2920288770763124,"(n,n')238Np"
238Np,97.18,0.18426656902661773,"(n,n')238Np"
238Np,298.37,0.16864689521230222,"(n,n')238Np"
238Np,35.07,0.13779000283132628,"(n,n')238Np"
238Np,32.65,0.12039466166944435,"(n,n')238Np"
238Np,122.81,0.11336173863457315,"(n,n')238Np"
238Np,139.06,0.09920040590713823,"(n,n')238Np"
238Np,24.34,0.07000919611874863,"(n,n')238Np"
238Np,53.85,0.05758095108416412,"(n,n')238Np"
238Np,46.83,0.056391681140069594,"(n,n')238Np"
238Np,75.98,0.037789964359352037,"(n,n')238Np"
238Np,43.33,0.027312173016993263,"(n,n')238Np"
238Np,54.41,0.012097651604133734,"(n,n')238Np"
239Np,71.21,169.0842129851644,"(n,n')239Np"
239Np,31.13,130.05739409779142,"(n,n')239Np"
239Np,51.29,91.53447293076219,"(n,n')239Np"
239Np,57.5,41.865552977469264,"(n,n')239Np"
239Np,194.9,15.59754744871632,"(n,n')239Np"
239Np,74.66,10.708059411648103,"(n,n')239Np"
239Np,170.15,9.779796342943232,"(n,n')239Np"
239Np,220.2,7.889103316015803,"(n,n')239Np"
239Np,141.89,7.8497402560742255,"(n,n')239Np"
239Np,231.0,7.216539567812209,"(n,n')239Np"
239Np,117.84,6.5463228570516785,"(n,n')239Np"
239Np,235.87,5.975877567478561,"(n,n')239Np"
239Np,275.79,5.327806869124399,"(n,n')239Np"
239Np,284.37,5.225205923479159,"(n,n')239Np"
239Np,287.79,5.185399181468732,"(n,n')239Np"
239Np,258.3,5.162229943952444,"(n,n')239Np"
239Np,298.1,4.980783382264552,"(n,n')239Np"
239Np,325.0,4.792187502497867,"(n,n')239Np"
239Np,260.8,4.7458916071313775,"(n,n')239Np"
239Np,50.7,3.7355945920751465,"(n,n')239Np"
239Np,86.71,2.945335995186496,"(n,n')239Np"
239Np,43.53,0.9316035402905105,"(n,n')239Np"
239Np,43.18,0.7527765352300695,"(n,n')239Np"
239Np,55.18,0.6829726317412178,"(n,n')239Np"
239Np,98.36,0.6201444907646999,"(n,n')239Np"
239Np,186.14,0.3322027183590561,"(n,n')239Np"
239Np,50.52,0.19624338455883128,"(n,n')239Np"
240Am,41.0,307.0195725819424,"(n,n')240Am"
240Am,55.0,185.05533438284687,"(n,n')240Am"
240Am,62.0,108.342269900531,"(n,n')240Am"
240Am,75.0,64.53246517575225,"(n,n')240Am"
240Am,83.0,25.89678753554559,"(n,n')240Am"
240Am,53.0,23.90072222001032,"(n,n')240Am"
240Am,87.0,11.057861662732355,"(n,n')240Am"
240Am,89.0,10.886960058216992,"(n,n')240Am"
240Am,90.0,10.660170781136266,"(n,n')240Am"
240Am,94.0,10.509166585874699,"(n,n')240Am"
240Am,96.0,9.83516209098916,"(n,n')240Am"
240Am,160.0,8.223707629457689,"(n,n')240Am"
240Am,185.0,7.387786282563519,"(n,n')240Am"
240Am,398.0,4.632417772274245,"(n,n')240Am"
240Am,293.0,4.572401655275362,"(n,n')240Am"
240Cm,38.0,333.85870547788784,"(n,n')240Cm"
240Cm,89.0,130.48439769930667,"(n,n')240Cm"
240Cm,139.0,62.51816574039492,"(n,n')240Cm"
240Cm,190.0,25.245609202980155,"(n,n')240Cm"
241Cm,5.5,288.06826984448,"(n,n')241Cm"
241Cm,57.1,124.04545089747194,"(n,n')241Cm"
241Cm,51.6,124.04545089747194,"(n,n')241Cm"
241Cm,23.9,57.998142216165085,"(n,n')241Cm"
241Cm,75.5,57.998142216165085,"(n,n')241Cm"
241Cm,105.9,38.59304487692094,"(n,n')241Cm"
241Cm,82.0,38.59304487692094,"(n,n')241Cm"
242Cm,42.13,343.98320600384966,"(n,n')242Cm"
242Cm,94.87,136.94298034231795,"(n,n')242Cm"
242Cm,151.0,61.36236681748012,"(n,n')242Cm"
242Pu,44.54,445.3845827333957,"(n,n')242Pu"
242Pu,102.76,172.91071434358093,"(n,n')242Pu"
242Pu,159.1,88.29066245064661,"(n,n')242Pu"
242Pu,211.7,47.04060067145585,"(n,n')242Pu"
242Pu,260.5,21.06525306510056,"(n,n')242Pu"
242Pu,779.7,9.462864270771453,"(n,n')242Pu"
242Pu,305.8,7.703107287034952,"(n,n')242Pu"
242Pu,32.7,5.652360574602136,"(n,n')242Pu"
242Pu,685.0,5.530797182434908,"(n,n')242Pu"
242Pu,787.76,5.530797182434908,"(n,n')242Pu"
242Pu,195.0,3.357017055179388,"(n,n')242Pu"
242Pu,916.7,3.2825597569494507,"(n,n')242Pu"
242Pu,974.96,3.253153393636592,"(n,n')242Pu"
242Pu,947.96,2.979687004512552,"(n,n')242Pu"
242Pu,785.7,2.4331314072589496,"(n,n')242Pu"
242Pu,735.91,2.4095179212384137,"(n,n')242Pu"
242Pu,1039.2,2.253527813922445,"(n,n')242Pu"
242Pu,1057.46,2.178920331856244,"(n,n')242Pu"
242Pu,1106.46,1.8655896203848872,"(n,n')242Pu"
242Pu,944.8,1.5328514350794142,"(n,n')242Pu"
242Pu,1109.96,1.4900734640094424,"(n,n')242Pu"
242Pu,780.45,1.2770119648107972,"(n,n')242Pu"
242Pu,956.0,0.888019227434268,"(n,n')242Pu"
242Pu,1007.2,0.6407324259741728,"(n,n')242Pu"
243Cm,42.0,322.6312558949642,"(n,n')243Cm"
243Cm,52.0,126.22710239727434,"(n,n')243Cm"
243Cm,57.0,38.18316140332346,"(n,n')243Cm"
243Cm,130.0,26.694136386520828,"(n,n')243Cm"
243Cm,88.0,26.694136386520828,"(n,n')243Cm"
243Cm,87.4,21.823053442978644,"(n,n')243Cm"
243Cm,32.0,19.854198004402907,"(n,n')243Cm"
243Cm,125.0,19.854198004402907,"(n,n')243Cm"
243Cm,6.6,12.19664470679609,"(n,n')243Cm"
243Cm,164.0,6.866231915948711,"(n,n')243Cm"
243Cm,122.0,6.866231915948711,"(n,n')243Cm"
243Cm,186.0,6.565309614201076,"(n,n')243Cm"
243Cm,228.0,6.565309614201076,"(n,n')243Cm"
243Cm,59.0,6.17320277424995,"(n,n')243Cm"
243Cm,111.0,6.17320277424995,"(n,n')243Cm"
244Cm,42.96,385.40815779148625,"(n,n')244Cm"
244Cm,99.38,155.77460392198768,"(n,n')244Cm"
244Cm,153.86,79.49695429017736,"(n,n')244Cm"
244Cm,205.58,33.77582584263334,"(n,n')244Cm"
244Cm,927.04,5.190893856085965,"(n,n')244Cm"
244Cm,827.65,5.190893856085965,"(n,n')244Cm"
244Cm,743.98,4.3463642312807504,"(n,n')244Cm"
244Cm,977.8,4.079876692337372,"(n,n')244Cm"
244Cm,68.0,3.8498555580471066,"(n,n')244Cm"
244Cm,1062.94,2.9707840097626343,"(n,n')244Cm"
244Cm,1084.18,2.3715547820156253,"(n,n')244Cm"
244Cm,897.84,1.825436537241364,"(n,n')244Cm"
244Cm,1041.22,1.2568953334362447,"(n,n')244Cm"
244Cm,984.91,0.8108435781813562,"(n,n')244Cm"
244Cm,941.95,0.8108435781813562,"(n,n')244Cm"
244Cm,1105.91,0.4454805958702791,"(n,n')244Cm"
244Cm,538.4,0.0434636423128075,"(n,n')244Cm"
244Pu,44.2,455.57058422940463,"(n,n')244Pu"
244Pu,110.8,159.9000910497669,"(n,n')244Pu"
244Pu,162.9,84.49851484771608,"(n,n')244Pu"
244Pu,217.1,40.46544024010063,"(n,n')244Pu"
244Pu,267.4,14.864546691041387,"(n,n')244Pu"
244Pu,663.8,7.387399227596919,"(n,n')244Pu"
244Pu,912.8,4.720121839282742,"(n,n')244Pu"
245Bk,29.9,269.70320975115436,"(n,n')245Bk"
245Bk,41.7,146.7194339282348,"(n,n')245Bk"
245Bk,40.8,65.88827459518586,"(n,n')245Bk"
245Bk,53.9,50.15815912975324,"(n,n')245Bk"
245Bk,61.0,35.817695859451824,"(n,n')245Bk"
245Cm,54.81,162.20572374318357,"(n,n')245Cm"
245Cm,121.6,72.91477325810966,"(n,n')245Cm"
245Cm,252.8,49.43357066565479,"(n,n')245Cm"
245Cm,66.79,46.656892268641215,"(n,n')245Cm"
245Cm,103.1,36.36221065564611,"(n,n')245Cm"
245Cm,75.8,35.33439219581025,"(n,n')245Cm"
245Cm,5.5,31.231087898801505,"(n,n')245Cm"
245Cm,57.3,24.180027732161143,"(n,n')245Cm"
245Cm,388.18,22.6394548928179,"(n,n')245Cm"
245Cm,229.04,20.706439012265033,"(n,n')245Cm"
245Cm,65.96,17.49985257953617,"(n,n')245Cm"
245Cm,79.0,17.151678703714545,"(n,n')245Cm"
245Cm,12.3,15.57848013588774,"(n,n')245Cm"
245Cm,66.16,13.480176116326007,"(n,n')245Cm"
245Cm,120.82,13.480176116326007,"(n,n')245Cm"
245Cm,321.24,13.016562071905573,"(n,n')245Cm"
245Cm,101.0,9.557355491351512,"(n,n')245Cm"
245Cm,81.4,8.114353605616891,"(n,n')245Cm"
245Cm,54.66,7.290083779126921,"(n,n')245Cm"
245Cm,240.91,7.001502892829707,"(n,n')245Cm"
245Cm,23.0,4.85534928974946,"(n,n')245Cm"
245Cm,333.37,4.776732083853623,"(n,n')245Cm"
245Cm,295.72,4.551807496566618,"(n,n')245Cm"
245Cm,54.92,4.142278785647555,"(n,n')245Cm"
245Cm,128.4,2.267742324374512,"(n,n')245Cm"
245Cm,545.0,2.267742324374512,"(n,n')245Cm"
245Cm,305.2,2.172077526956378,"(n,n')245Cm"
245Cm,139.3,2.172077526956378,"(n,n')245Cm"
245Cm,42.92,1.225359512040052,"(n,n')245Cm"
245Cm,197.99,0.26694934702585293,"(n,n')245Cm"
245Cm,266.58,0.23772525599950114,"(n,n')245Cm"
245Cm,92.46,0.1118365456937617,"(n,n')245Cm"
245Cm,37.54,0.005071105461254012,"(n,n')245Cm"
246Bk,48.0,297.0438238303866,"(n,n')246Bk"
246Bk,64.0,132.21421980911097,"(n,n')246Bk"
246Cf,44.0,336.7352712685532,"(n,n')246Cf"
246Cf,103.0,129.12590197445772,"(n,n')246Cf"
246Cf,161.0,61.21588081537761,"(n,n')246Cf"
246Cf,220.0,23.390803925411994,"(n,n')246Cf"
246Cm,42.85,384.47647093781575,"(n,n')246Cm"
246Cm,99.16,153.930816298708,"(n,n')246Cm"
246Cm,152.89,81.73718101166709,"(n,n')246Cm"
246Cm,204.9,37.116498633425884,"(n,n')246Cm"
246Cm,781.3,9.122385381395102,"(n,n')246Cm"
246Cm,678.8,6.613950343778545,"(n,n')246Cm"
246Cm,798.83,5.434453966511849,"(n,n')246Cm"
246Cm,1062.01,4.72667260253763,"(n,n')246Cm"
246Cm,756.2,4.5938055398460635,"(n,n')246Cm"
246Cm,838.99,4.187365594048503,"(n,n')246Cm"
246Cm,686.1,4.187365594048503,"(n,n')246Cm"
246Cm,833.6,3.4340509661098877,"(n,n')246Cm"
246Cm,833.9,3.2358976200764342,"(n,n')246Cm"
246Cm,1257.6,2.661426142296046,"(n,n')246Cm"
246Cm,78.0,2.476901950635319,"(n,n')246Cm"
246Cm,135.69,2.476901950635319,"(n,n')246Cm"
246Cm,1078.85,2.469459474800509,"(n,n')246Cm"
246Cm,734.44,2.232444289448349,"(n,n')246Cm"
246Cm,1122.64,1.995859067336536,"(n,n')246Cm"
246Cm,96.55,1.9850244891214603,"(n,n')246Cm"
246Cm,1085.17,1.969399401786259,"(n,n')246Cm"
246Cm,925.08,1.919997996672019,"(n,n')246Cm"
246Cm,1274.72,1.7436750511981578,"(n,n')246Cm"
246Cm,629.0,1.6177092051636424,"(n,n')246Cm"
246Cm,1167.68,1.4687874322669732,"(n,n')246Cm"
246Cm,1336.38,1.4108227509665994,"(n,n')246Cm"
246Cm,1198.19,1.3735482221241404,"(n,n')246Cm"
246Cm,1081.43,1.35966896917173,"(n,n')246Cm"
246Cm,1178.15,1.2537294851182357,"(n,n')246Cm"
246Cm,116.14,1.2537294851182357,"(n,n')246Cm"
246Cm,986.01,1.2347630684489612,"(n,n')246Cm"
246Cm,1036.0,1.1283935059233,"(n,n')246Cm"
246Cm,127.79,1.1021686186295827,"(n,n')246Cm"
246Cm,1124.28,1.0333222863078817,"(n,n')246Cm"
246Cm,1158.44,0.851846325555108,"(n,n')246Cm"
246Cm,1289.3,0.8109281899710852,"(n,n')246Cm"
246Cm,1023.48,0.798227516952879,"(n,n')246Cm"
246Cm,1177.13,0.7872748213648211,"(n,n')246Cm"
246Cm,1131.89,0.7280676215613566,"(n,n')246Cm"
246Cm,270.01,0.7053920057315565,"(n,n')246Cm"
246Cm,1206.92,0.7029756899767763,"(n,n')246Cm"
246Cm,1249.77,0.7029756899767763,"(n,n')246Cm"
246Cm,1210.53,0.6608163877486477,"(n,n')246Cm"
246Cm,1237.22,0.5502865918923489,"(n,n')246Cm"
246Cm,244.0,0.47257743813463376,"(n,n')246Cm"
246Cm,1297.35,0.4669301302162219,"(n,n')246Cm"
246Cm,261.77,0.4418420998930425,"(n,n')246Cm"
246Cm,238.61,0.41539754530872136,"(n,n')246Cm"
246Cm,127.5,0.396808975299804,"(n,n')246Cm"
246Cm,287.78,0.3667413951221705,"(n,n')246Cm"
246Cm,424.0,0.2661426142296046,"(n,n')246Cm"
246Cm,170.92,0.2319464567856942,"(n,n')246Cm"
246Cm,524.95,0.20671653399260562,"(n,n')246Cm"
246Cm,377.14,0.186311821768776,"(n,n')246Cm"
246Cm,81.63,0.14591732829894982,"(n,n')246Cm"
246Cm,373.32,0.09841655718530866,"(n,n')246Cm"
246Cm,289.04,0.09580459061852878,"(n,n')246Cm"
246Cm,1348.86,0.08252736872033545,"(n,n')246Cm"
246Cm,1323.78,0.07068868367057715,"(n,n')246Cm"
246Cm,982.27,0.0516537454520898,"(n,n')246Cm"
246Cm,408.09,0.04779879270644176,"(n,n')246Cm"
246Cm,507.18,0.046549419465221745,"(n,n')246Cm"
246Cm,472.41,0.025179224011420264,"(n,n')246Cm"
246Cm,237.17,0.012840173359017243,"(n,n')246Cm"
246Cm,443.32,0.00972082509072035,"(n,n')246Cm"
246Cm,263.18,0.00921653425363506,"(n,n')246Cm"
246Cm,46.86,0.008208679659146909,"(n,n')246Cm"
246Cm,34.77,0.006869946876146133,"(n,n')246Cm"
246Cm,1306.01,0.004302119515755945,"(n,n')246Cm"
246Cm,251.57,0.003544856573823811,"(n,n')246Cm"
246Cm,962.85,0.000141799861354769,"(n,n')246Cm"
246Pu,46.0,471.2478527939164,"(n,n')246Pu"
246Pu,109.0,169.27122683571898,"(n,n')246Pu"
246Pu,162.9,90.37896402051713,"(n,n')246Pu"
246Pu,217.1,41.259429407564305,"(n,n')246Pu"
246Pu,403.0,13.270631450155108,"(n,n')246Pu"
246Pu,583.1,5.390513291850939,"(n,n')246Pu"
246Pu,769.0,5.068191231645858,"(n,n')246Pu"
246Pu,885.0,4.125697861289332,"(n,n')246Pu"
246Pu,991.0,1.1662885435518466,"(n,n')246Pu"
247Bk,71.6,90.59913401375162,"(n,n')247Bk"
247Bk,125.5,35.2453073673651,"(n,n')247Bk"
247Bk,265.0,29.199409930472424,"(n,n')247Bk"
247Bk,196.0,25.17975708758967,"(n,n')247Bk"
247Bk,137.0,20.642603753764245,"(n,n')247Bk"
247Bk,29.9,0.5092478404824569,"(n,n')247Bk"
247Bk,42.0,0.18211867905821738,"(n,n')247Bk"
247Cm,61.67,144.12492460928743,"(n,n')247Cm"
247Cm,134.65,53.534535614355406,"(n,n')247Cm"
247Cm,227.38,30.9161427798197,"(n,n')247Cm"
247Cm,84.35,27.319577643328056,"(n,n')247Cm"
247Cm,72.98,15.524448987812235,"(n,n')247Cm"
247Cm,157.33,13.657757186478031,"(n,n')247Cm"
247Cm,177.52,13.077669628556256,"(n,n')247Cm"
247Cm,265.86,12.871067252027476,"(n,n')247Cm"
247Cm,285.41,8.77798071232424,"(n,n')247Cm"
247Cm,28.1,8.637204847679405,"(n,n')247Cm"
247Cm,256.63,6.901374062755791,"(n,n')247Cm"
247Cm,151.0,6.1926270889217845,"(n,n')247Cm"
247Cm,308.33,6.1926270889217845,"(n,n')247Cm"
247Cm,62.7,5.972015304115619,"(n,n')247Cm"
247Cm,289.32,5.578263025122053,"(n,n')247Cm"
247Cm,15.0,3.7028431009771716,"(n,n')247Cm"
247Cm,336.0,3.255046991366756,"(n,n')247Cm"
247Cm,50.59,3.255046991366756,"(n,n')247Cm"
247Cm,315.84,3.2370484157926662,"(n,n')247Cm"
247Cm,28.0,3.172660968485864,"(n,n')247Cm"
247Cm,398.0,3.172660968485864,"(n,n')247Cm"
247Cm,284.23,3.127557580189484,"(n,n')247Cm"
247Cm,291.2,2.751596595066885,"(n,n')247Cm"
247Cm,33.3,2.7306362683758567,"(n,n')247Cm"
247Cm,69.0,2.7024814148559537,"(n,n')247Cm"
247Cm,220.0,2.7024814148559537,"(n,n')247Cm"
247Cm,318.3,2.6221362642527706,"(n,n')247Cm"
247Cm,52.44,2.5532883920476257,"(n,n')247Cm"
247Cm,43.14,2.4198118823923185,"(n,n')247Cm"
247Cm,247.33,2.4198118823923185,"(n,n')247Cm"
247Cm,22.3,2.354748058589342,"(n,n')247Cm"
247Cm,19.0,1.8400272333459646,"(n,n')247Cm"
247Cm,81.0,1.8400272333459646,"(n,n')247Cm"
247Cm,354.32,1.7476258348467626,"(n,n')247Cm"
247Cm,101.1,1.228148084094432,"(n,n')247Cm"
247Cm,73.0,1.228148084094432,"(n,n')247Cm"
247Cm,211.0,1.2147154380291731,"(n,n')247Cm"
247Cm,273.7,1.2147154380291731,"(n,n')247Cm"
247Cm,38.48,1.132638898874234,"(n,n')247Cm"
247Cm,345.9,1.1260124803408889,"(n,n')247Cm"
247Cm,165.71,0.5442644391976896,"(n,n')247Cm"
247Cm,60.49,0.2595917681356052,"(n,n')247Cm"
247Cm,113.68,0.22012122709213644,"(n,n')247Cm"
247Cm,58.03,0.1843604763841803,"(n,n')247Cm"
248Bk,50.0,23.31694869174517,"(n,n')248Bk"
248Bk,171.5,20.00417112735116,"(n,n')248Bk"
248Bk,64.42,16.205817381704602,"(n,n')248Bk"
248Bk,178.0,13.408012898295311,"(n,n')248Bk"
248Bk,144.0,11.192510052137555,"(n,n')248Bk"
248Bk,151.32,1.6138431200483394,"(n,n')248Bk"
248Bk,70.64,1.5951701874895514,"(n,n')248Bk"
248Bk,80.68,0.7100333817591016,"(n,n')248Bk"
248Cf,285.0,43.76089820700768,"(n,n')248Cf"
248Cf,806.0,9.96133192991727,"(n,n')248Cf"
248Cf,630.0,8.545933053522235,"(n,n')248Cf"
248Cf,550.67,8.16630858615961,"(n,n')248Cf"
248Cf,677.0,8.021744976134057,"(n,n')248Cf"
248Cf,735.0,7.901537692077056,"(n,n')248Cf"
248Cf,96.28,2.0992564615680016,"(n,n')248Cf"
248Cf,41.53,0.18559382460468687,"(n,n')248Cf"
248Cm,43.4,388.6990724730426,"(n,n')248Cm"
248Cm,100.2,163.83281210569328,"(n,n')248Cm"
248Cm,154.5,83.66643122896878,"(n,n')248Cm"
248Cm,206.9,43.13492843485236,"(n,n')248Cm"
248Cm,255.7,18.855990046062825,"(n,n')248Cm"
248Cm,1049.0,10.63423808460466,"(n,n')248Cm"
248Cm,905.4,10.63423808460466,"(n,n')248Cm"
248Cm,45.0,7.720096107027699,"(n,n')248Cm"
248Cm,300.6,6.558935897443275,"(n,n')248Cm"
248Cm,42.0,6.486880414579965,"(n,n')248Cm"
248Cm,1084.0,3.628636536315895,"(n,n')248Cm"
248Cm,35.0,3.628636536315895,"(n,n')248Cm"
248Cm,78.0,3.4229885067601624,"(n,n')248Cm"
248Cm,94.0,3.3434790532068943,"(n,n')248Cm"
248Cm,96.0,2.7870329773912803,"(n,n')248Cm"
248Cm,109.0,1.062050947207603,"(n,n')248Cm"
248Cm,141.0,1.062050947207603,"(n,n')248Cm"
249Bk,41.79,1.6312514105169742,"(n,n')249Bk"
249Bk,51.95,1.4275408053701741,"(n,n')249Bk"
249Bk,62.09,1.225387016910671,"(n,n')249Bk"
249Bk,73.42,1.2170978056094663,"(n,n')249Bk"
249Bk,114.04,0.6492814421075833,"(n,n')249Bk"
249Bk,135.51,0.4623551519511675,"(n,n')249Bk"
249Bk,55.12,0.38709833736689975,"(n,n')249Bk"
249Bk,145.42,0.35849003035652754,"(n,n')249Bk"
249Bk,78.58,0.35849003035652754,"(n,n')249Bk"
249Bk,66.84,0.3294134145682692,"(n,n')249Bk"
249Bk,42.97,0.24820075237399003,"(n,n')249Bk"
249Bk,121.96,0.22738140388872094,"(n,n')249Bk"
249Bk,93.74,0.19991590536742238,"(n,n')249Bk"
249Bk,98.09,0.19739197548043974,"(n,n')249Bk"
249Bk,30.86,0.14602687703690362,"(n,n')249Bk"
249Bk,73.83,0.02283487138600582,"(n,n')249Bk"
249Bk,162.78,0.004611784622694597,"(n,n')249Bk"
249Bk,8.78,2.0415067682748597e-05,"(n,n')249Bk"
249Cf,315.0,25.30118652374157,"(n,n')249Cf"
249Cf,220.0,21.834188274892043,"(n,n')249Cf"
249Cf,425.0,16.403245835725627,"(n,n')249Cf"
249Cf,379.52,7.6360851175280775,"(n,n')249Cf"
249Cf,384.0,5.7266812987171605,"(n,n')249Cf"
249Cf,440.0,4.130359539864716,"(n,n')249Cf"
249Cf,460.0,3.896760142574213,"(n,n')249Cf"
249Cf,500.7,3.1556730267881075,"(n,n')249Cf"
249Cf,136.2,3.018938543771678,"(n,n')249Cf"
249Cf,271.84,2.4063057979688813,"(n,n')249Cf"
249Cf,62.49,2.321054149984184,"(n,n')249Cf"
249Cf,375.07,1.4313212578378376,"(n,n')249Cf"
249Cf,73.71,0.8604947144310449,"(n,n')249Cf"
249Cf,298.02,0.5233323529813032,"(n,n')249Cf"
249Cf,144.96,0.5150911629291106,"(n,n')249Cf"
249Cf,437.56,0.3248846255753406,"(n,n')249Cf"
249Cf,42.98,0.1693467868458747,"(n,n')249Cf"
249Cf,55.13,0.14631397834003193,"(n,n')249Cf"
249Cf,255.04,0.10466627663554574,"(n,n')249Cf"
249Cf,191.58,0.07559251089900408,"(n,n')249Cf"
249Cf,63.46,0.05441745309195089,"(n,n')249Cf"
249Cf,234.56,0.04886900343651901,"(n,n')249Cf"
249Cf,442.98,0.028777556373335542,"(n,n')249Cf"
249Cf,58.04,0.019033065103138933,"(n,n')249Cf"
249Cf,136.45,0.012212938388897343,"(n,n')249Cf"
249Cm,26.23,393.4402182108056,"(n,n')249Cm"
249Cm,21.98,144.7004903822804,"(n,n')249Cm"
249Cm,83.93,106.41112029136923,"(n,n')249Cm"
249Cm,35.85,77.67936538346989,"(n,n')249Cm"
249Cm,22.53,50.296391898530864,"(n,n')249Cm"
249Cm,61.24,29.63861098654205,"(n,n')249Cm"
249Cm,96.17,25.76209932368825,"(n,n')249Cm"
249Cm,80.0,14.63374487519183,"(n,n')249Cm"
249Cm,74.0,12.967495962186156,"(n,n')249Cm"
249Cm,110.0,12.967495962186156,"(n,n')249Cm"
249Cm,240.8,4.729199671524743,"(n,n')249Cm"
249Cm,193.8,3.914464999060349,"(n,n')249Cm"
249Cm,240.25,2.9793562581933477,"(n,n')249Cm"
249Cm,193.25,2.700679473805399,"(n,n')249Cm"
249Cm,208.0,2.5097860204707017,"(n,n')249Cm"
249Cm,181.77,1.6315617930878201,"(n,n')249Cm"
249Cm,159.24,1.581280626214931,"(n,n')249Cm"
249Cm,159.8,1.4304567785640132,"(n,n')249Cm"
249Cm,242.01,1.3703012207223988,"(n,n')249Cm"
249Cm,97.85,0.7027401215934179,"(n,n')249Cm"
24Mg,1368.6,160.66439481755046,"(n,n')24Mg"
24Mg,2751.39,12.417106678270569,"(n,n')24Mg"
24Mg,3867.49,11.74711737105004,"(n,n')24Mg"
24Mg,4641.69,7.7202992020006524,"(n,n')24Mg"
24Mg,4238.39,7.70402376115486,"(n,n')24Mg"
24Mg,6247.59,4.821166860294718,"(n,n')24Mg"
24Mg,2575.9,3.6990298619698834,"(n,n')24Mg"
24Mg,7347.89,3.298096031298132,"(n,n')24Mg"
24Mg,6378.59,2.2244348355437755,"(n,n')24Mg"
24Mg,2869.79,2.060264909510362,"(n,n')24Mg"
24Mg,3692.0,2.034466424083436,"(n,n')24Mg"
24Mg,5979.29,2.0214136966020813,"(n,n')24Mg"
24Mg,7552.99,1.550747414367085,"(n,n')24Mg"
24Mg,7616.19,1.540094969260813,"(n,n')24Mg"
24Mg,6184.39,1.2061368778410662,"(n,n')24Mg"
24Mg,1771.9,1.1536079267357295,"(n,n')24Mg"
24Mg,5063.59,1.1270543864372056,"(n,n')24Mg"
24Mg,3314.6,0.6892210730520378,"(n,n')24Mg"
24Mg,7747.19,0.6312585344110715,"(n,n')24Mg"
24Mg,1801.7,0.43155348389648646,"(n,n')24Mg"
24Mg,3496.2,0.33480325418713325,"(n,n')24Mg"
24Mg,2193.8,0.24740218238865488,"(n,n')24Mg"
24Mg,997.7,0.21532394366486834,"(n,n')24Mg"
24Mg,3508.8,0.15029965105025514,"(n,n')24Mg"
250Bk,80.26,71.18866183119134,"(n,n')250Bk"
250Bk,78.33,31.003472504616624,"(n,n')250Bk"
250Bk,137.32,24.3518921075102,"(n,n')250Bk"
250Bk,157.0,19.274025280819945,"(n,n')250Bk"
250Bk,61.91,8.398608140523827,"(n,n')250Bk"
250Bk,130.49,7.536251074578473,"(n,n')250Bk"
250Bk,191.0,5.523520346281844,"(n,n')250Bk"
250Bk,115.44,4.475869785527743,"(n,n')250Bk"
250Bk,148.6,4.1035951498185685,"(n,n')250Bk"
250Bk,157.39,3.564746036308244,"(n,n')250Bk"
250Bk,146.47,3.5372054836099727,"(n,n')250Bk"
250Bk,179.99,3.256509065328872,"(n,n')250Bk"
250Bk,203.64,3.2184781484526392,"(n,n')250Bk"
250Bk,71.3,1.4999553783535258,"(n,n')250Bk"
250Bk,103.83,0.6772597875449682,"(n,n')250Bk"
250Bk,50.12,0.329885200955352,"(n,n')250Bk"
250Bk,90.54,0.2834972932542897,"(n,n')250Bk"
250Bk,69.6,0.214559973474128,"(n,n')250Bk"
250Bk,125.01,0.21263429238532086,"(n,n')250Bk"
250Bk,175.12,0.09750110086745119,"(n,n')250Bk"
250Bk,34.47,0.07890793208378556,"(n,n')250Bk"
250Bk,8.07,2.231090860941109e-05,"(n,n')250Bk"
250Bk,35.59,1.6602194661478406e-06,"(n,n')250Bk"
250Cf,500.0,31.37568672314465,"(n,n')250Cf"
250Cf,154.34,11.201725400322312,"(n,n')250Cf"
250Cf,99.16,5.264220526403699,"(n,n')250Cf"
250Cf,42.72,0.279378650987211,"(n,n')250Cf"
250Cm,43.0,417.10675023516217,"(n,n')250Cm"
250Cm,100.6,173.68566791288671,"(n,n')250Cm"
250Cm,154.5,89.7210878296564,"(n,n')250Cm"
250Cm,206.9,42.2659187503455,"(n,n')250Cm"
250Cm,255.7,15.64338516683282,"(n,n')250Cm"
251Cf,149.24,4.85437128726929,"(n,n')251Cf"
251Cf,98.63,2.3809352997276703,"(n,n')251Cf"
251Cf,132.03,2.2023581838013233,"(n,n')251Cf"
251Cf,73.03,0.8574375339361578,"(n,n')251Cf"
251Cf,23.0,0.8270222877211078,"(n,n')251Cf"
251Cf,60.01,0.7736283542820391,"(n,n')251Cf"
251Cf,86.01,0.6509079972105419,"(n,n')251Cf"
251Cf,80.9,0.554124023574137,"(n,n')251Cf"
251Cf,172.83,0.5082384550270984,"(n,n')251Cf"
251Cf,81.48,0.4932984707497947,"(n,n')251Cf"
251Cf,163.89,0.4224659691396367,"(n,n')251Cf"
251Cf,58.48,0.40944200368715006,"(n,n')251Cf"
251Cf,210.61,0.37875542975677273,"(n,n')251Cf"
251Cf,159.04,0.35804534590074893,"(n,n')251Cf"
251Cf,177.69,0.34889107192332663,"(n,n')251Cf"
251Cf,233.62,0.3295165927128976,"(n,n')251Cf"
251Cf,24.82,0.3279636855218211,"(n,n')251Cf"
251Cf,152.71,0.2537406533829189,"(n,n')251Cf"
251Cf,133.04,0.24875270582319015,"(n,n')251Cf"
251Cf,57.9,0.2272091291407993,"(n,n')251Cf"
251Cf,186.9,0.21123283007954813,"(n,n')251Cf"
251Cf,129.86,0.20237855252615125,"(n,n')251Cf"
251Cf,213.56,0.16772708412048623,"(n,n')251Cf"
251Cf,152.86,0.13431831888660964,"(n,n')251Cf"
251Cf,47.83,0.10504105374416112,"(n,n')251Cf"
251Es,31.7,203.55536626917433,"(n,n')251Es"
251Es,8.4,89.07641647048263,"(n,n')251Es"
251Es,44.5,83.98593442486437,"(n,n')251Es"
251Es,58.3,35.94370294655065,"(n,n')251Es"
251Es,47.4,0.5573592230456461,"(n,n')251Es"
252Cf,167.47,59.267859255968155,"(n,n')252Cf"
252Cf,228.0,24.50300011520598,"(n,n')252Cf"
252Cf,106.01,7.132962518438848,"(n,n')252Cf"
252Cf,765.3,3.6934812942152844,"(n,n')252Cf"
252Cf,785.09,3.683378994394682,"(n,n')252Cf"
252Cf,800.0,3.2999713291378345,"(n,n')252Cf"
252Cf,748.57,2.7993099745017416,"(n,n')252Cf"
252Cf,715.78,2.765874653759925,"(n,n')252Cf"
252Cf,759.1,2.3859073064193876,"(n,n')252Cf"
252Cf,804.82,1.8369747828075933,"(n,n')252Cf"
252Cf,854.58,1.2596498535123426,"(n,n')252Cf"
252Cf,821.79,1.1065073848789984,"(n,n')252Cf"
252Cf,693.99,1.0229698962179958,"(n,n')252Cf"
252Cf,45.72,0.3914417191826042,"(n,n')252Cf"
252Es,60.0,196.16181403766265,"(n,n')252Es"
252Es,70.0,89.00315492050595,"(n,n')252Es"
252Es,92.0,38.66914217519275,"(n,n')252Es"
252Es,80.0,36.15811100258802,"(n,n')252Es"
252Es,65.0,10.481358474439187,"(n,n')252Es"
252Es,157.0,10.481358474439187,"(n,n')252Es"
252Es,77.0,5.561081555445369,"(n,n')252Es"
252Es,142.0,5.561081555445369,"(n,n')252Es"
253Cf,89.28,49.06626654865052,"(n,n')253Cf"
253Cf,103.1,21.155197272504953,"(n,n')253Cf"
253Cf,75.01,4.50621137738217,"(n,n')253Cf"
253Cf,61.61,4.298136228592132,"(n,n')253Cf"
253Cf,241.01,1.7320771575561178,"(n,n')253Cf"
253Cf,179.4,1.368644825358135,"(n,n')253Cf"
253Cf,136.62,1.3513554295520687,"(n,n')253Cf"
253Cf,80.2,0.1665118215985716,"(n,n')253Cf"
253Cf,104.39,0.09702173798087942,"(n,n')253Cf"
253Es,46.4,224.31609037470596,"(n,n')253Es"
253Es,33.6,89.36806064178572,"(n,n')253Es"
253Es,33.0,17.100587290008537,"(n,n')253Es"
253Es,181.3,15.136770476291828,"(n,n')253Es"
253Es,106.0,0.5270069671253846,"(n,n')253Es"
254Cf,167.47,75.193181871767,"(n,n')254Cf"
254Cf,228.0,28.900393259875877,"(n,n')254Cf"
254Cf,106.01,8.490911005603678,"(n,n')254Cf"
254Cf,45.72,0.4278252161102267,"(n,n')254Cf"
254Es,114.2,166.0614864495295,"(n,n')254Es"
254Es,80.1,165.37152625969225,"(n,n')254Es"
254Es,154.2,94.505964296965,"(n,n')254Es"
254Es,204.2,40.8344736770011,"(n,n')254Es"
254Es,171.1,35.47617376196172,"(n,n')254Es"
254Es,84.2,22.37846769526339,"(n,n')254Es"
254Es,4.1,22.37846769526339,"(n,n')254Es"
254Es,91.0,9.221048095671593,"(n,n')254Es"
254Es,130.5,8.89785703637195,"(n,n')254Es"
254Es,214.7,8.89785703637195,"(n,n')254Es"
255Es,46.4,251.81703356444504,"(n,n')255Es"
255Es,33.6,92.68849463750107,"(n,n')255Es"
255Fm,60.0,184.44054926146913,"(n,n')255Fm"
255Fm,73.0,87.82891546960192,"(n,n')255Fm"
255Fm,84.0,65.3502256178901,"(n,n')255Fm"
255Fm,81.0,46.430408560528285,"(n,n')255Fm"
255Fm,272.0,17.78081550553109,"(n,n')255Fm"
255Fm,46.0,8.214698031193784,"(n,n')255Fm"
25Mg,585.1,4.681196373294815,"(n,n')25Mg"
25Mg,1611.8,3.291466011176204,"(n,n')25Mg"
25Mg,974.8,1.922300773730964,"(n,n')25Mg"
25Mg,389.7,1.8469164296630831,"(n,n')25Mg"
25Mg,1379.6,1.4990364001957237,"(n,n')25Mg"
25Mg,2746.69,1.298092427582343,"(n,n')25Mg"
25Mg,1793.39,1.2824976979030398,"(n,n')25Mg"
25Mg,1762.9,1.1953762047356709,"(n,n')25Mg"
25Mg,4059.59,0.8846486191613671,"(n,n')25Mg"
25Mg,3970.69,0.8744285757818049,"(n,n')25Mg"
25Mg,989.9,0.8611485703252032,"(n,n')25Mg"
25Mg,1964.7,0.8292541788316771,"(n,n')25Mg"
25Mg,2447.79,0.5750216024548886,"(n,n')25Mg"
25Mg,2932.99,0.4973916352040374,"(n,n')25Mg"
25Mg,3047.49,0.3921810886747475,"(n,n')25Mg"
25Mg,2828.59,0.3541578139176892,"(n,n')25Mg"
25Mg,3405.19,0.3008327933352809,"(n,n')25Mg"
25Mg,5012.19,0.28012934905339104,"(n,n')25Mg"
25Mg,2216.0,0.26683360993224864,"(n,n')25Mg"
25Mg,836.4,0.26683360993224864,"(n,n')25Mg"
25Mg,2005.99,0.23244303913187217,"(n,n')25Mg"
25Mg,3774.29,0.21239193125645678,"(n,n')25Mg"
25Mg,1978.7,0.20878266359058242,"(n,n')25Mg"
25Mg,3384.59,0.19196963017410512,"(n,n')25Mg"
25Mg,3747.19,0.1813011990944655,"(n,n')25Mg"
25Mg,3302.19,0.15120242507747605,"(n,n')25Mg"
25Mg,2801.1,0.15052152355152487,"(n,n')25Mg"
25Mg,2211.09,0.12138938458980279,"(n,n')25Mg"
25Mg,3400.39,0.11205173962135642,"(n,n')25Mg"
25Mg,1170.09,0.0979710796614013,"(n,n')25Mg"
25Mg,773.0,0.09617969463390456,"(n,n')25Mg"
25Mg,3907.79,0.08289860586733956,"(n,n')25Mg"
25Mg,1973.69,0.08285696346270273,"(n,n')25Mg"
25Mg,2737.7,0.08243973825763247,"(n,n')25Mg"
25Mg,1106.69,0.07536236897030871,"(n,n')25Mg"
25Mg,2438.89,0.06523959730062696,"(n,n')25Mg"
25Mg,3413.69,0.04659971235759069,"(n,n')25Mg"
25Mg,1589.0,0.044366316012998765,"(n,n')25Mg"
25Mg,1713.19,0.02296745697379383,"(n,n')25Mg"
25Mg,1104.4,0.018675289936892738,"(n,n')25Mg"
25Mg,654.4,0.01474414365268945,"(n,n')25Mg"
25Mg,3691.89,0.009569773739080764,"(n,n')25Mg"
25Mg,1041.5,0.009337644968446369,"(n,n')25Mg"
25Mg,2563.8,0.007829349884646841,"(n,n')25Mg"
25Mg,863.3,0.0076558189912646095,"(n,n')25Mg"
25Mg,1795.59,0.004084460216470322,"(n,n')25Mg"
26Mg,1808.7,51.94345661602599,"(n,n')26Mg"
26Mg,1129.7,17.629350790511772,"(n,n')26Mg"
26Mg,2509.29,6.429291184242859,"(n,n')26Mg"
26Mg,3091.29,3.7202165131020015,"(n,n')26Mg"
26Mg,1002.09,3.2172461424852754,"(n,n')26Mg"
26Mg,2352.59,2.670308360423788,"(n,n')26Mg"
26Mg,2523.29,2.6220346451385437,"(n,n')26Mg"
26Mg,1895.59,2.479113656140465,"(n,n')26Mg"
26Mg,2541.29,2.2282023122972605,"(n,n')26Mg"
26Mg,1156.0,2.1350844657232075,"(n,n')26Mg"
26Mg,2131.79,1.9718605389425883,"(n,n')26Mg"
26Mg,2938.4,1.9588167545013084,"(n,n')26Mg"
26Mg,1411.59,1.823074619152304,"(n,n')26Mg"
26Mg,1533.5,1.1257718091995093,"(n,n')26Mg"
26Mg,3881.29,1.0524924540113756,"(n,n')26Mg"
26Mg,1779.29,0.8360984822978738,"(n,n')26Mg"
26Mg,2033.59,0.6743896779157735,"(n,n')26Mg"
26Mg,3665.29,0.6211154809376604,"(n,n')26Mg"
26Mg,2751.59,0.5003652650218013,"(n,n')26Mg"
26Mg,1961.59,0.3679335012958023,"(n,n')26Mg"
26Mg,4833.99,0.3366697557721619,"(n,n')26Mg"
26Mg,1393.59,0.31976032257787124,"(n,n')26Mg"
26Mg,4331.99,0.255808258062297,"(n,n')26Mg"
26Mg,3482.29,0.20540833541721448,"(n,n')26Mg"
26Mg,5689.99,0.1725397465592419,"(n,n')26Mg"
26Mg,484.0,0.1224253657353316,"(n,n')26Mg"
26Mg,3025.29,0.1224253657353316,"(n,n')26Mg"
26Mg,5290.99,0.05868809583348985,"(n,n')26Mg"
26Mg,3163.29,0.05076051339150983,"(n,n')26Mg"
27Al,2211.1,61.00358161074554,"(n,n')27Al"
27Al,1014.45,40.07528850051675,"(n,n')27Al"
27Al,3004.0,35.23454728159778,"(n,n')27Al"
27Al,843.75,21.63326576504597,"(n,n')27Al"
27Al,1720.35,9.496548047840038,"(n,n')27Al"
27Al,2981.1,7.027387008337879,"(n,n')27Al"
27Al,3208.8,6.67563223089923,"(n,n')27Al"
27Al,2428.8,6.518575726607009,"(n,n')27Al"
27Al,2299.2,4.906926841380114,"(n,n')27Al"
27Al,792.9,4.533558499416688,"(n,n')27Al"
27Al,5156.3,4.463072,"(n,n')27Al"
27Al,6287.0,4.3771432453326495,"(n,n')27Al"
27Al,4580.0,3.542632099982123,"(n,n')27Al"
27Al,4410.2,3.17265350883142,"(n,n')27Al"
27Al,5667.0,3.0886018097895125,"(n,n')27Al"
27Al,4233.75,3.0602327442807105,"(n,n')27Al"
27Al,2495.8,2.9871359442989585,"(n,n')27Al"
27Al,3956.8,2.98339677853213,"(n,n')27Al"
27Al,6820.0,2.951268,"(n,n')27Al"
27Al,2734.8,2.7724394924119244,"(n,n')27Al"
27Al,2663.0,2.5270373033141738,"(n,n')27Al"
27Al,4812.35,2.396424174427954,"(n,n')27Al"
27Al,3210.55,2.3690600226888012,"(n,n')27Al"
27Al,6651.5,2.3650285145072916,"(n,n')27Al"
27Al,1044.1,2.3502096143185205,"(n,n')27Al"
27Al,1031.2,2.2641700517720227,"(n,n')27Al"
27Al,4811.7,2.245137074946547,"(n,n')27Al"
27Al,6477.3,2.2112377868383626,"(n,n')27Al"
27Al,5438.4,2.1984904360703332,"(n,n')27Al"
27Al,5315.45,2.1693258139502736,"(n,n')27Al"
27Al,3748.5,2.168053716313765,"(n,n')27Al"
27Al,2001.5,2.1059102758678803,"(n,n')27Al"
27Al,2600.6,1.964495332081039,"(n,n')27Al"
27Al,2836.35,1.9330970178188445,"(n,n')27Al"
27Al,6080.0,1.8937400000000002,"(n,n')27Al"
27Al,3709.0,1.882116778922934,"(n,n')27Al"
27Al,3395.75,1.8283064478939794,"(n,n')27Al"
27Al,5959.6,1.8067109567382098,"(n,n')27Al"
27Al,1345.1,1.7320823679153976,"(n,n')27Al"
27Al,1332.2,1.6827263512156723,"(n,n')27Al"
27Al,5550.7,1.6491243465789807,"(n,n')27Al"
27Al,3507.8,1.63792994950965,"(n,n')27Al"
27Al,4321.9,1.5947338942933518,"(n,n')27Al"
27Al,1506.3,1.465706919712209,"(n,n')27Al"
27Al,3797.25,1.4032108023425285,"(n,n')27Al"
27Al,5100.95,1.3230025570407795,"(n,n')27Al"
27Al,6533.0,1.304782318020381,"(n,n')27Al"
27Al,5761.55,1.2448133329025708,"(n,n')27Al"
27Al,2665.65,1.2380861757350945,"(n,n')27Al"
27Al,4075.9,1.2345792503392328,"(n,n')27Al"
27Al,170.7,1.1968932128982543,"(n,n')27Al"
27Al,3224.8,1.1872677142532215,"(n,n')27Al"
27Al,4266.2,1.0868793861299266,"(n,n')27Al"
27Al,4300.7,0.9359601756187983,"(n,n')27Al"
27Al,4501.9,0.8947757837355919,"(n,n')27Al"
27Al,2160.25,0.7953474788309078,"(n,n')27Al"
27Al,3288.7,0.7940502882235843,"(n,n')27Al"
27Al,5931.65,0.7861634530979753,"(n,n')27Al"
27Al,2368.9,0.7557630320039033,"(n,n')27Al"
27Al,2438.8,0.6675601827522005,"(n,n')27Al"
27Al,4907.55,0.6594049778470413,"(n,n')27Al"
27Al,3037.1,0.6517878032180763,"(n,n')27Al"
27Al,5799.75,0.6160580392515649,"(n,n')27Al"
27Al,2770.2,0.6086821217196261,"(n,n')27Al"
27Al,2685.1,0.5006740948794667,"(n,n')27Al"
27Al,2067.1,0.44974325081103983,"(n,n')27Al"
27Al,4536.25,0.44570920709484235,"(n,n')27Al"
27Al,5826.8,0.42621780225964584,"(n,n')27Al"
27Al,1845.2,0.4251158966255327,"(n,n')27Al"
27Al,1775.5,0.3823586920277235,"(n,n')27Al"
27Al,830.2,0.3823586920277235,"(n,n')27Al"
27Al,3039.85,0.37290755094081784,"(n,n')27Al"
27Al,2703.6,0.3487985104124537,"(n,n')27Al"
27Al,6115.4,0.3103342104810804,"(n,n')27Al"
27Al,6775.4,0.30483891827859433,"(n,n')27Al"
27Al,1830.6,0.2806421604685057,"(n,n')27Al"
27Al,5637.05,0.2787348201782489,"(n,n')27Al"
27Al,3794.3,0.2567067925832861,"(n,n')27Al"
27Al,3495.85,0.25490308279889173,"(n,n')27Al"
27Al,3666.55,0.25490308279889173,"(n,n')27Al"
27Al,1529.2,0.25490308279889173,"(n,n')27Al"
27Al,2199.1,0.24736127559629598,"(n,n')27Al"
27Al,6605.3,0.23710709475631014,"(n,n')27Al"
27Al,3565.55,0.23617368822502333,"(n,n')27Al"
27Al,1891.05,0.22580958992262923,"(n,n')27Al"
27Al,4736.85,0.2198010575877311,"(n,n')27Al"
27Al,1222.0,0.20501864590753166,"(n,n')27Al"
27Al,2071.2,0.20289472074973108,"(n,n')27Al"
27Al,2815.9,0.20056964377850747,"(n,n')27Al"
27Al,1989.55,0.19883685070461707,"(n,n')27Al"
27Al,4404.45,0.19871510295421954,"(n,n')27Al"
27Al,5970.45,0.1908910820528783,"(n,n')27Al"
27Al,5248.2,0.17884273501879816,"(n,n')27Al"
27Al,3113.05,0.17674196707498024,"(n,n')27Al"
27Al,2365.2,0.17648552198695128,"(n,n')27Al"
27Al,3670.4,0.1717461846893435,"(n,n')27Al"
27Al,2942.35,0.16967096684321822,"(n,n')27Al"
27Al,1131.6,0.1683852545208036,"(n,n')27Al"
27Al,269.2,0.1590612862379998,"(n,n')27Al"
27Al,1870.6,0.1559971211943723,"(n,n')27Al"
28Si,1779.0,244.6942600493198,"(n,n')28Si"
28Si,2838.0,34.39619078266667,"(n,n')28Si"
28Si,6879.0,22.071488768000002,"(n,n')28Si"
28Si,5110.0,16.795333333333332,"(n,n')28Si"
28Si,4497.0,16.426073453333334,"(n,n')28Si"
28Si,5100.0,11.380611395999999,"(n,n')28Si"
28Si,7417.0,8.789520133333335,"(n,n')28Si"
28Si,6810.0,8.709219066666666,"(n,n')28Si"
28Si,7933.0,7.240605466666667,"(n,n')28Si"
28Si,6020.0,7.183255333333332,"(n,n')28Si"
28Si,1534.0,7.138567866666666,"(n,n')28Si"
28Si,6480.0,5.935916000000001,"(n,n')28Si"
28Si,5602.0,5.912911200000001,"(n,n')28Si"
28Si,3200.0,4.908613333333333,"(n,n')28Si"
28Si,8328.0,3.9826992000000003,"(n,n')28Si"
28Si,3926.0,3.8003933333333326,"(n,n')28Si"
28Si,7381.0,3.4726621333333334,"(n,n')28Si"
28Si,1523.0,2.9759200666666663,"(n,n')28Si"
28Si,7125.0,2.866399,"(n,n')28Si"
28Si,8904.0,2.5419009999999997,"(n,n')28Si"
28Si,4912.0,2.5082933333333335,"(n,n')28Si"
28Si,6634.0,2.122276933333333,"(n,n')28Si"
28Si,6549.0,1.5488274666666668,"(n,n')28Si"
28Si,3280.0,1.4415796,"(n,n')28Si"
28Si,1659.0,1.4283542133333336,"(n,n')28Si"
28Si,2262.0,1.0346010359999998,"(n,n')28Si"
28Si,8259.0,0.7631892,"(n,n')28Si"
28Si,3316.0,0.7064005333333334,"(n,n')28Si"
28Si,5638.0,0.5610332,"(n,n')28Si"
28Si,2313.0,0.5559076000000001,"(n,n')28Si"
28Si,2954.0,0.5298004,"(n,n')28Si"
28Si,3796.0,0.3858685333333333,"(n,n')28Si"
28Si,6154.0,0.3532002666666667,"(n,n')28Si"
28Si,3642.0,0.33919520000000003,"(n,n')28Si"
28Si,3182.0,0.10261793333333333,"(n,n')28Si"
29Si,2028.0,127.21545506222934,"(n,n')29Si"
29Si,1273.0,108.51756904443734,"(n,n')29Si"
29Si,1595.0,39.89401266666667,"(n,n')29Si"
29Si,1794.0,36.454165333333336,"(n,n')29Si"
29Si,2426.0,25.15229856,"(n,n')29Si"
29Si,2807.0,23.298731508266666,"(n,n')29Si"
29Si,2713.0,20.844104880000003,"(n,n')29Si"
29Si,1632.0,19.99006666666667,"(n,n')29Si"
29Si,3258.0,16.612789333333332,"(n,n')29Si"
29Si,4934.0,15.963017333333333,"(n,n')29Si"
29Si,2052.0,10.964108945066666,"(n,n')29Si"
29Si,3622.0,10.7075,"(n,n')29Si"
29Si,2746.0,9.43494,"(n,n')29Si"
29Si,1039.0,9.113541333333334,"(n,n')29Si"
29Si,1572.0,8.779662666666665,"(n,n')29Si"
29Si,4840.0,8.396159999999998,"(n,n')29Si"
29Si,755.0,8.120135429504,"(n,n')29Si"
29Si,2585.0,7.658854666666665,"(n,n')29Si"
29Si,2867.0,6.8528,"(n,n')29Si"
29Si,3387.0,6.28996,"(n,n')29Si"
29Si,3785.0,5.241633333333333,"(n,n')29Si"
29Si,556.0,4.034226,"(n,n')29Si"
29Si,4895.0,3.8547,"(n,n')29Si"
29Si,1153.0,3.75838944,"(n,n')29Si"
29Si,2860.0,2.8416613333333336,"(n,n')29Si"
29Si,4013.0,2.4044826666666665,"(n,n')29Si"
29Si,911.0,2.2416159999999996,"(n,n')29Si"
29Si,661.0,1.5689111200000003,"(n,n')29Si"
29Si,3567.0,0.9329066666666666,"(n,n')29Si"
29Si,2350.0,0.8964946666666668,"(n,n')29Si"
29Si,3661.0,0.8490966666666668,"(n,n')29Si"
29Si,1867.0,0.16981933333333335,"(n,n')29Si"
30Si,2235.0,42.322815672000004,"(n,n')30Si"
30Si,2595.0,11.153098666666668,"(n,n')30Si"
30Si,1263.0,9.424416613333335,"(n,n')30Si"
30Si,3498.0,7.710886320000001,"(n,n')30Si"
30Si,1535.0,4.6224979919999996,"(n,n')30Si"
30Si,1311.0,4.6207215999999995,"(n,n')30Si"
30Si,4809.0,3.7805903999999995,"(n,n')30Si"
30Si,3770.0,3.487147608,"(n,n')30Si"
30Si,1553.0,2.9466066666666664,"(n,n')30Si"
30Si,2574.0,1.6802624,"(n,n')30Si"
30Si,1332.0,0.9698346666666667,"(n,n')30Si"
30Si,1039.0,0.4200656,"(n,n')30Si"
32S,2230.0,181.797306029264,"(n,n')32S"
32S,2775.99,51.24448736,"(n,n')32S"
32S,2228.99,18.12257856,"(n,n')32S"
32S,4279.99,15.238397814735999,"(n,n')32S"
32S,1548.99,10.382978270424001,"(n,n')32S"
32S,2049.99,2.4922613248400003,"(n,n')32S"
32S,5005.99,1.64109412,"(n,n')32S"
32S,2464.99,0.590840514,"(n,n')32S"
32S,4694.99,0.393893676,"(n,n')32S"
32S,501.0,0.071207466424,"(n,n')32S"
32S,680.0,0.05458608,"(n,n')32S"
32S,726.0,0.05293852,"(n,n')32S"
32S,4458.99,0.018195360000000004,"(n,n')32S"
32S,415.0,0.005968086000000001,"(n,n')32S"
32S,916.0,0.003978724,"(n,n')32S"
33S,1966.0,1.255648513550154,"(n,n')33S"
33S,840.0,0.988498032045698,"(n,n')33S"
33S,2969.0,0.7350781300594096,"(n,n')33S"
33S,2866.0,0.6703570631295712,"(n,n')33S"
33S,968.0,0.3968839366873092,"(n,n')33S"
33S,1473.0,0.3819824126187953,"(n,n')33S"
33S,2934.0,0.3373513461842128,"(n,n')33S"
33S,2380.0,0.24673517814224813,"(n,n')33S"
33S,2313.0,0.18689016813710999,"(n,n')33S"
33S,3220.0,0.15098055124588827,"(n,n')33S"
33S,1003.0,0.07242559152340727,"(n,n')33S"
33S,2026.0,0.020269975990958956,"(n,n')33S"
33S,900.0,0.020269975990958956,"(n,n')33S"
33S,347.0,0.01699001528519182,"(n,n')33S"
33S,286.0,0.01603333287566955,"(n,n')33S"
33S,2129.0,0.01581708320626136,"(n,n')33S"
33S,621.0,0.01450152845588245,"(n,n')33S"
33S,2094.0,0.01450152845588245,"(n,n')33S"
33S,553.0,0.013030698851330756,"(n,n')33S"
33S,354.0,0.012024999656752165,"(n,n')33S"
33S,656.0,0.009157258698361842,"(n,n')33S"
33S,907.0,0.008016666437834776,"(n,n')33S"
33S,251.0,0.007571296080177289,"(n,n')33S"
33S,1126.0,0.006309791525377659,"(n,n')33S"
33S,1254.0,0.004008333218917388,"(n,n')33S"
34S,2127.0,22.196687248411582,"(n,n')34S"
34S,1177.0,4.926731615518923,"(n,n')34S"
34S,4114.99,4.446410877999999,"(n,n')34S"
34S,3304.0,3.8867417575024055,"(n,n')34S"
34S,1987.99,3.513709862,"(n,n')34S"
34S,1944.99,2.65672806,"(n,n')34S"
34S,4071.99,2.6025091199999997,"(n,n')34S"
34S,1786.99,1.9967359160221965,"(n,n')34S"
34S,767.99,0.16265681999999998,"(n,n')34S"
34S,810.99,0.08040525999999999,"(n,n')34S"
34S,609.99,0.05963474929417477,"(n,n')34S"
35Cl,1763.15,34.262745969022376,"(n,n')35Cl"
35Cl,3168.0,24.092365836958454,"(n,n')35Cl"
35Cl,1219.44,20.80455000451878,"(n,n')35Cl"
35Cl,2645.6,17.415493850123397,"(n,n')35Cl"
35Cl,4113.3,12.641739465020574,"(n,n')35Cl"
35Cl,2179.75,12.440901770054003,"(n,n')35Cl"
35Cl,3002.74,10.676700702066718,"(n,n')35Cl"
35Cl,2693.6,9.802014839462872,"(n,n')35Cl"
35Cl,2839.76,9.450468621497139,"(n,n')35Cl"
35Cl,4173.45,8.712730105482125,"(n,n')35Cl"
35Cl,3918.48,5.052855658487933,"(n,n')35Cl"
35Cl,1479.85,3.92073213792767,"(n,n')35Cl"
35Cl,4624.4,3.161429847736625,"(n,n')35Cl"
35Cl,2410.3,2.4395744364964678,"(n,n')35Cl"
35Cl,2748.06,2.397121230665467,"(n,n')35Cl"
35Cl,522.4,2.1442233538102795,"(n,n')35Cl"
35Cl,1179.7,2.0457630328886527,"(n,n')35Cl"
35Cl,5010.4,2.0277422579657487,"(n,n')35Cl"
35Cl,5215.8,1.944400251824387,"(n,n')35Cl"
35Cl,1297.3,1.866141289104679,"(n,n')35Cl"
35Cl,882.45,1.8112072401825599,"(n,n')35Cl"
35Cl,930.45,1.6173364930979595,"(n,n')35Cl"
35Cl,2238.7,1.550621728295004,"(n,n')35Cl"
35Cl,2723.46,1.435672568373837,"(n,n')35Cl"
35Cl,4177.9,1.198517947948062,"(n,n')35Cl"
35Cl,1601.9,1.1740201214972261,"(n,n')35Cl"
35Cl,3822.85,1.1426749568710781,"(n,n')35Cl"
35Cl,2155.33,1.1116274321441644,"(n,n')35Cl"
35Cl,4184.16,1.024666248378962,"(n,n')35Cl"
35Cl,1702.1,1.0024233544206274,"(n,n')35Cl"
35Cl,1474.16,0.9900060604974033,"(n,n')35Cl"
35Cl,3400.16,0.9488274974408407,"(n,n')35Cl"
35Cl,3117.95,0.8501622464101469,"(n,n')35Cl"
35Cl,1995.31,0.777727660296588,"(n,n')35Cl"
35Cl,2940.4,0.7655934177733298,"(n,n')35Cl"
35Cl,3075.94,0.7259004060942824,"(n,n')35Cl"
35Cl,1767.16,0.7161521027737098,"(n,n')35Cl"
35Cl,1505.1,0.7001585762548754,"(n,n')35Cl"
35Cl,2478.0,0.670261256432078,"(n,n')35Cl"
35Cl,2710.0,0.6455314109883499,"(n,n')35Cl"
35Cl,3967.5,0.623249980030029,"(n,n')35Cl"
35Cl,2958.46,0.6112441267786812,"(n,n')35Cl"
35Cl,3960.37,0.5457226688723035,"(n,n')35Cl"
35Cl,309.14,0.5338402944281552,"(n,n')35Cl"
35Cl,5599.7,0.513573314864205,"(n,n')35Cl"
35Cl,2296.05,0.4819714994562572,"(n,n')35Cl"
35Cl,2651.26,0.4562706062225508,"(n,n')35Cl"
35Cl,165.26,0.45533435174457243,"(n,n')35Cl"
35Cl,2954.01,0.45062065604530016,"(n,n')35Cl"
35Cl,2235.5,0.3995754760291329,"(n,n')35Cl"
35Cl,3029.92,0.3438008058416838,"(n,n')35Cl"
35Cl,1059.0,0.3225283252879232,"(n,n')35Cl"
35Cl,3634.96,0.30604641413810735,"(n,n')35Cl"
35Cl,2160.57,0.2177636728479166,"(n,n')35Cl"
35Cl,1783.3,0.21353843604083056,"(n,n')35Cl"
35Cl,4059.2,0.2011011162180631,"(n,n')35Cl"
35Cl,1426.16,0.19226720771910058,"(n,n')35Cl"
35Cl,1272.88,0.18488079931863882,"(n,n')35Cl"
35Cl,3836.55,0.1797503981725965,"(n,n')35Cl"
35Cl,1484.3,0.15580777292499845,"(n,n')35Cl"
35Cl,4347.7,0.15267349292588767,"(n,n')35Cl"
35Cl,3790.96,0.14194198078152545,"(n,n')35Cl"
35Cl,474.4,0.13385050034969523,"(n,n')35Cl"
35Cl,1878.36,0.12752480005142092,"(n,n')35Cl"
35Cl,1365.6,0.12285427545938947,"(n,n')35Cl"
35Cl,3128.26,0.12213291166950681,"(n,n')35Cl"
35Cl,1344.96,0.12213291166950681,"(n,n')35Cl"
35Cl,1654.1,0.12213291166950681,"(n,n')35Cl"
35Cl,3452.65,0.11666303970110721,"(n,n')35Cl"
35Cl,357.14,0.10676339072713137,"(n,n')35Cl"
35Cl,1239.59,0.10676339072713137,"(n,n')35Cl"
35Cl,2364.8,0.1013874537571333,"(n,n')35Cl"
35Cl,4854.4,0.10099516121237818,"(n,n')35Cl"
35Cl,1413.6,0.1005557367092406,"(n,n')35Cl"
35Cl,2584.55,0.09161066002166135,"(n,n')35Cl"
35Cl,1404.85,0.07950154747793257,"(n,n')35Cl"
35Cl,3996.36,0.07777677546517828,"(n,n')35Cl"
35Cl,4881.1,0.06856607636197724,"(n,n')35Cl"
35Cl,543.71,0.06852521970957379,"(n,n')35Cl"
35Cl,1273.9,0.062326262135310215,"(n,n')35Cl"
35Cl,1321.9,0.061462687387729066,"(n,n')35Cl"
35Cl,3661.66,0.05485284913887472,"(n,n')35Cl"
35Cl,5646.0,0.05362084160739511,"(n,n')35Cl"
35Cl,1948.56,0.05354020657716033,"(n,n')35Cl"
35Cl,3890.85,0.03408041361101255,"(n,n')35Cl"
35Cl,2204.35,0.030729763528480374,"(n,n')35Cl"
35Cl,2414.75,0.01964362932778726,"(n,n')35Cl"
35Cl,4434.56,0.018311862447839923,"(n,n')35Cl"
35Cl,1532.3,0.009823818156531014,"(n,n')35Cl"
35Cl,1175.16,0.009823818156531014,"(n,n')35Cl"
36S,3291.0,1.4374297600198291,"(n,n')36S"
36S,900.99,0.49460816318420814,"(n,n')36S"
36S,1283.99,0.4189533271468566,"(n,n')36S"
36S,4522.99,0.20791948700421978,"(n,n')36S"
36S,3346.0,0.11173208337040737,"(n,n')36S"
36S,1231.99,0.06856919252266823,"(n,n')36S"
37Cl,3103.5,38.01637512890557,"(n,n')37Cl"
37Cl,3086.14,34.04699475842231,"(n,n')37Cl"
37Cl,1726.58,15.78683523993125,"(n,n')37Cl"
37Cl,906.37,12.92782669417305,"(n,n')37Cl"
37Cl,3626.82,12.887316060871479,"(n,n')37Cl"
37Cl,930.15,12.020403946165565,"(n,n')37Cl"
37Cl,1169.09,10.653333523377686,"(n,n')37Cl"
37Cl,3707.79,9.66514986522642,"(n,n')37Cl"
37Cl,3741.22,8.977300652394295,"(n,n')37Cl"
37Cl,2542.29,6.000104326561706,"(n,n')37Cl"
37Cl,4009.87,5.816303995252892,"(n,n')37Cl"
37Cl,535.73,4.23173039386144,"(n,n')37Cl"
37Cl,4801.21,3.410948454884035,"(n,n')37Cl"
37Cl,5143.0,2.434180307939733,"(n,n')37Cl"
37Cl,4176.64,2.417465642997628,"(n,n')37Cl"
37Cl,4396.3,2.223880307182544,"(n,n')37Cl"
37Cl,1981.21,2.223296936024982,"(n,n')37Cl"
37Cl,549.82,1.498806533281036,"(n,n')37Cl"
37Cl,1090.5,1.208732821498814,"(n,n')37Cl"
37Cl,5009.3,1.1923359597088201,"(n,n')37Cl"
37Cl,1356.47,1.1023919104665654,"(n,n')37Cl"
37Cl,1900.24,0.9665868873182496,"(n,n')37Cl"
37Cl,4904.2,0.8695533662472615,"(n,n')37Cl"
37Cl,1373.83,0.8268903969652954,"(n,n')37Cl"
37Cl,5059.1,0.7439756935003368,"(n,n')37Cl"
37Cl,4923.0,0.7133616089046892,"(n,n')37Cl"
37Cl,1874.66,0.672621681362632,"(n,n')37Cl"
37Cl,5055.2,0.6257387541217022,"(n,n')37Cl"
37Cl,1707.4,0.5512697278757407,"(n,n')37Cl"
37Cl,4837.61,0.5311494103530966,"(n,n')37Cl"
37Cl,1073.14,0.5074875973404138,"(n,n')37Cl"
37Cl,1870.5,0.47774508702578566,"(n,n')37Cl"
37Cl,964.13,0.39246451431862434,"(n,n')37Cl"
37Cl,1817.1,0.35509911149385126,"(n,n')37Cl"
37Cl,1186.45,0.3410143614938208,"(n,n')37Cl"
37Cl,3127.38,0.3116064245233213,"(n,n')37Cl"
37Cl,3328.62,0.26945261404777426,"(n,n')37Cl"
37Cl,1972.96,0.26820870490564636,"(n,n')37Cl"
37Cl,4853.96,0.22431760164455367,"(n,n')37Cl"
37Cl,531.37,0.22322979584628405,"(n,n')37Cl"
37Cl,1818.06,0.21738837417006499,"(n,n')37Cl"
37Cl,1955.6,0.20081952206073847,"(n,n')37Cl"
37Cl,1227.14,0.19632672930341372,"(n,n')37Cl"
37Cl,1751.47,0.16996192276270589,"(n,n')37Cl"
37Cl,1767.82,0.16511731553562675,"(n,n')37Cl"
37Cl,1069.68,0.14884422675435927,"(n,n')37Cl"
37Cl,621.65,0.13587484080777348,"(n,n')37Cl"
37Cl,1432.28,0.13343041754392315,"(n,n')37Cl"
37Cl,910.73,0.12411695423842788,"(n,n')37Cl"
37Cl,4960.8,0.12150071993241505,"(n,n')37Cl"
37Cl,1112.74,0.07792600048839997,"(n,n')37Cl"
37Cl,655.08,0.046775520038144835,"(n,n')37Cl"
37Cl,1096.39,0.037211468163332526,"(n,n')37Cl"
39K,2814.0,0.09139679156072526,"(n,n')39K"
39K,3019.0,0.034252470431253366,"(n,n')39K"
39K,3597.99,0.03411685236385639,"(n,n')39K"
39K,783.99,0.031455737879475594,"(n,n')39K"
39K,2523.0,0.031127561685875133,"(n,n')39K"
39K,291.0,0.00552451444216473,"(n,n')39K"
39K,1074.99,0.002661114484380799,"(n,n')39K"
39K,496.0,0.002070403833066216,"(n,n')39K"
40Ca,3736.69,139.86544149961145,"(n,n')40Ca"
40Ca,3904.38,58.708559565444276,"(n,n')40Ca"
40Ca,754.74,43.59111679379658,"(n,n')40Ca"
40Ca,1374.42,26.54219406526284,"(n,n')40Ca"
40Ca,5248.79,5.077791921140114,"(n,n')40Ca"
40Ca,1876.83,4.706198945453888,"(n,n')40Ca"
40Ca,5629.41,3.5740892240713267,"(n,n')40Ca"
40Ca,1651.4,3.393880521254878,"(n,n')40Ca"
40Ca,5902.63,2.828054088582111,"(n,n')40Ca"
40Ca,2125.33,2.738750821046972,"(n,n')40Ca"
40Ca,2603.49,2.5409208878939165,"(n,n')40Ca"
40Ca,1793.72,2.14423480453945,"(n,n')40Ca"
40Ca,3352.62,2.0425172915230303,"(n,n')40Ca"
40Ca,1122.09,2.023769255336724,"(n,n')40Ca"
40Ca,2288.78,1.9842734459687619,"(n,n')40Ca"
40Ca,6422.4,1.950328900705272,"(n,n')40Ca"
40Ca,2638.42,1.722257288295117,"(n,n')40Ca"
40Ca,2845.78,1.5766478148608236,"(n,n')40Ca"
40Ca,6908.7,1.5079270911585174,"(n,n')40Ca"
40Ca,3013.72,1.3658556708257583,"(n,n')40Ca"
40Ca,1344.41,0.9747502262576117,"(n,n')40Ca"
40Ca,780.92,0.7395843075997836,"(n,n')40Ca"
40Ca,2380.77,0.5853185805370288,"(n,n')40Ca"
40Ca,913.39,0.5511060803500013,"(n,n')40Ca"
40Ca,2276.79,0.48599628966887676,"(n,n')40Ca"
40Ca,1307.18,0.4320317169195168,"(n,n')40Ca"
40Ca,968.95,0.4226932167077504,"(n,n')40Ca"
40Ca,2121.09,0.4147969867430519,"(n,n')40Ca"
40Ca,1294.01,0.41345151543018555,"(n,n')40Ca"
40Ca,1259.08,0.3812146650327687,"(n,n')40Ca"
40Ca,2678.09,0.3751649024894044,"(n,n')40Ca"
40Ca,1896.17,0.3097280614542207,"(n,n')40Ca"
40Ca,1264.0,0.24113106590382055,"(n,n')40Ca"
40Ca,2548.46,0.10291123597816111,"(n,n')40Ca"
40Ca,6285.15,0.09218589225546236,"(n,n')40Ca"
40Ca,1229.07,0.09149063812157848,"(n,n')40Ca"
40Ca,551.76,0.04759249214894474,"(n,n')40Ca"
40Ca,671.63,0.030028402666766384,"(n,n')40Ca"
40K,30.0,0.02915756887532096,"(n,n')40K"
40K,892.0,0.023876324561838715,"(n,n')40K"
40K,770.0,0.013217044193876828,"(n,n')40K"
40K,1159.0,0.005559483258527242,"(n,n')40K"
40K,1929.0,0.0013040763199014518,"(n,n')40K"
40K,1614.0,0.0010338586699450048,"(n,n')40K"
40K,800.0,0.00039474179363792794,"(n,n')40K"
40K,862.0,0.00024117499557412846,"(n,n')40K"
40K,844.0,0.0001969254609419057,"(n,n')40K"
41K,1294.0,0.03886167179555423,"(n,n')41K"
41K,980.0,0.01172653041220005,"(n,n')41K"
42Ca,1524.73,445.4488939425255,"(n,n')42Ca"
42Ca,1227.68,130.70785056892709,"(n,n')42Ca"
42Ca,899.44,55.24899976160863,"(n,n')42Ca"
42Ca,1922.23,54.6747289097752,"(n,n')42Ca"
42Ca,436.92,37.29186497888361,"(n,n')42Ca"
42Ca,1022.79,31.71626110100383,"(n,n')42Ca"
42Ca,2424.17,23.6982099641797,"(n,n')42Ca"
42Ca,1729.17,15.744055519600062,"(n,n')42Ca"
42Ca,507.45,11.221311265745394,"(n,n')42Ca"
42Ca,501.49,10.089669756371727,"(n,n')42Ca"
42Ca,312.57,9.858343706410288,"(n,n')42Ca"
42Ca,910.37,8.842897285445003,"(n,n')42Ca"
42Ca,2129.27,7.266284477566489,"(n,n')42Ca"
42Ca,2474.94,7.1755389223669885,"(n,n')42Ca"
42Ca,2592.27,6.101719732953765,"(n,n')42Ca"
42Ca,1690.59,6.006026246483465,"(n,n')42Ca"
42Ca,2522.27,5.964607185127837,"(n,n')42Ca"
42Ca,1867.27,5.464307561152607,"(n,n')42Ca"
42Ca,3392.0,5.080894792777122,"(n,n')42Ca"
42Ca,694.55,4.538563284607632,"(n,n')42Ca"
42Ca,1601.59,4.462195071063398,"(n,n')42Ca"
42Ca,1347.29,4.333720321714264,"(n,n')42Ca"
42Ca,3885.0,3.83497059122834,"(n,n')42Ca"
42Ca,670.04,3.723302676841061,"(n,n')42Ca"
42Ca,2893.27,3.70862340736913,"(n,n')42Ca"
42Ca,1575.5,3.372877319219449,"(n,n')42Ca"
42Ca,4232.0,3.2982283442067053,"(n,n')42Ca"
42Ca,829.73,2.834738657898637,"(n,n')42Ca"
42Ca,2047.7,2.56947482379176,"(n,n')42Ca"
42Ca,971.04,2.485465007207066,"(n,n')42Ca"
42Ca,907.04,2.365006613619222,"(n,n')42Ca"
42Ca,1202.0,2.017952382799037,"(n,n')42Ca"
42Ca,1622.83,1.788981702892211,"(n,n')42Ca"
42Ca,3654.0,1.765889958428024,"(n,n')42Ca"
42Ca,1294.59,1.6106204511130489,"(n,n')42Ca"
42Ca,875.83,1.5359594858228478,"(n,n')42Ca"
42Ca,328.24,1.3142837412576238,"(n,n')42Ca"
42Ca,967.83,1.2569463210250627,"(n,n')42Ca"
42Ca,600.04,1.2532629462661657,"(n,n')42Ca"
42Ca,2018.83,0.9611107147835809,"(n,n')42Ca"
42Ca,1993.83,0.927156432398406,"(n,n')42Ca"
42Ca,1807.83,0.9237831849751171,"(n,n')42Ca"
42Ca,1100.1,0.892288254609067,"(n,n')42Ca"
42Ca,1554.7,0.8906681988894396,"(n,n')42Ca"
42Ca,1247.26,0.6458056526971727,"(n,n')42Ca"
42Ca,1189.1,0.6066770114225505,"(n,n')42Ca"
42Ca,1816.7,0.508621412373057,"(n,n')42Ca"
42Ca,399.59,0.40721305082069104,"(n,n')42Ca"
42Ca,1229.83,0.2979058489489785,"(n,n')42Ca"
42Ca,1775.27,0.13359738085615794,"(n,n')42Ca"
43Ca,1677.8,105.2477585731938,"(n,n')43Ca"
43Ca,372.76,97.56061348185813,"(n,n')43Ca"
43Ca,2093.9,40.52207013647769,"(n,n')43Ca"
43Ca,617.5,19.866155446054975,"(n,n')43Ca"
43Ca,1901.8,19.575618275910276,"(n,n')43Ca"
43Ca,1021.71,18.494019842948923,"(n,n')43Ca"
43Ca,593.39,18.12819898625121,"(n,n')43Ca"
43Ca,2249.0,15.29814865894851,"(n,n')43Ca"
43Ca,1931.3,9.889462698112517,"(n,n')43Ca"
43Ca,220.63,7.725024616258891,"(n,n')43Ca"
43Ca,2409.8,7.262105617482797,"(n,n')43Ca"
43Ca,1015.33,7.11756360065759,"(n,n')43Ca"
43Ca,2067.3,6.935279676832233,"(n,n')43Ca"
43Ca,2046.25,6.684090604902919,"(n,n')43Ca"
43Ca,1558.54,5.953138058848931,"(n,n')43Ca"
43Ca,507.33,4.701273851308707,"(n,n')43Ca"
43Ca,2300.94,4.447056563188756,"(n,n')43Ca"
43Ca,911.54,3.720678896367837,"(n,n')43Ca"
43Ca,404.21,3.4621420372865814,"(n,n')43Ca"
43Ca,1282.44,3.3844629116777427,"(n,n')43Ca"
43Ca,396.86,2.961432556904597,"(n,n')43Ca"
43Ca,1673.49,2.1394797729046005,"(n,n')43Ca"
43Ca,1694.54,1.9424587593872162,"(n,n')43Ca"
43Ca,1876.24,1.9283261733734336,"(n,n')43Ca"
43Ca,508.0,1.7434280241881372,"(n,n')43Ca"
43Ca,2324.14,1.56526581897253,"(n,n')43Ca"
43Ca,801.08,1.3686232303310364,"(n,n')43Ca"
43Ca,1630.61,1.3478072718639382,"(n,n')43Ca"
43Ca,1729.94,1.341765898094791,"(n,n')43Ca"
43Ca,1364.01,1.320615618325917,"(n,n')43Ca"
43Ca,1394.47,1.2205623214737298,"(n,n')43Ca"
43Ca,1337.91,1.1768619568687098,"(n,n')43Ca"
43Ca,1851.24,1.0039750979250481,"(n,n')43Ca"
43Ca,1706.64,0.9032327798067081,"(n,n')43Ca"
43Ca,1452.86,0.8689773275489128,"(n,n')43Ca"
43Ca,1055.99,0.7352724501411187,"(n,n')43Ca"
43Ca,1509.31,0.6708891064771321,"(n,n')43Ca"
43Ca,2102.7,0.6708777822554314,"(n,n')43Ca"
43Ca,878.23,0.6432490662508155,"(n,n')43Ca"
43Ca,2017.61,0.4558475316917839,"(n,n')43Ca"
43Ca,1929.61,0.39963864852243014,"(n,n')43Ca"
43Ca,1128.53,0.39963864852243014,"(n,n')43Ca"
43Ca,967.14,0.37249908061954057,"(n,n')43Ca"
43Ca,571.2,0.3519740905680055,"(n,n')43Ca"
43Ca,564.75,0.2462610066361481,"(n,n')43Ca"
43Ca,651.78,0.20056863267164887,"(n,n')43Ca"
43Ca,990.26,0.07151403447406118,"(n,n')43Ca"
44Ca,1157.05,670.9005107710994,"(n,n')44Ca"
44Ca,1126.09,253.62750542778443,"(n,n')44Ca"
44Ca,2150.81,61.953999222518064,"(n,n')44Ca"
44Ca,1001.86,59.91262525524396,"(n,n')44Ca"
44Ca,1499.45,37.30950668241149,"(n,n')44Ca"
44Ca,761.19,31.75709006638585,"(n,n')44Ca"
44Ca,1887.28,30.482313713979433,"(n,n')44Ca"
44Ca,403.94,22.102261917201627,"(n,n')44Ca"
44Ca,1074.06,21.004409197367067,"(n,n')44Ca"
44Ca,2423.35,18.630546675932393,"(n,n')44Ca"
44Ca,628.55,18.409198145140387,"(n,n')44Ca"
44Ca,1024.72,17.783542402459805,"(n,n')44Ca"
44Ca,2144.25,11.823462142005159,"(n,n')44Ca"
44Ca,299.6,11.694522972793827,"(n,n')44Ca"
44Ca,726.46,11.408467937573386,"(n,n')44Ca"
44Ca,820.67,9.81890197793328,"(n,n')44Ca"
44Ca,1581.86,9.81890197793328,"(n,n')44Ca"
44Ca,2619.15,9.815244065436822,"(n,n')44Ca"
44Ca,667.47,9.478386525635427,"(n,n')44Ca"
44Ca,2519.02,8.992917553329702,"(n,n')44Ca"
44Ca,651.36,8.118153786568573,"(n,n')44Ca"
44Ca,3661.53,7.029154716189548,"(n,n')44Ca"
44Ca,3301.3,5.319401016195161,"(n,n')44Ca"
44Ca,1808.86,4.701970755968385,"(n,n')44Ca"
44Ca,2656.5,4.700878791862433,"(n,n')44Ca"
44Ca,637.6,4.282262936543563,"(n,n')44Ca"
44Ca,878.27,4.282262936543563,"(n,n')44Ca"
44Ca,1639.46,4.282262936543563,"(n,n')44Ca"
44Ca,2934.95,3.1503023876876375,"(n,n')44Ca"
44Ca,2200.15,2.8559409664483835,"(n,n')44Ca"
44Ca,4169.0,2.8551415943145955,"(n,n')44Ca"
44Ca,3011.95,2.8551415943145955,"(n,n')44Ca"
44Ca,1778.02,2.7065590991651614,"(n,n')44Ca"
44Ca,368.21,2.0938792082604136,"(n,n')44Ca"
44Ca,2504.48,0.8294898615863339,"(n,n')44Ca"
44Ca,1119.7,0.7853435726404596,"(n,n')44Ca"
44Ca,1019.57,0.7824642787227992,"(n,n')44Ca"
44Ca,263.53,0.2669666187572782,"(n,n')44Ca"
44Ca,374.77,0.1800003580550874,"(n,n')44Ca"
44Ca,3307.86,0.043377386229183176,"(n,n')44Ca"
44Ca,1005.03,0.03163100570578823,"(n,n')44Ca"
44Ca,353.67,0.021172264021829063,"(n,n')44Ca"
44Ca,3676.07,0.013498247022634831,"(n,n')44Ca"
46Ca,1346.0,428.87619909934386,"(n,n')46Ca"
46Ca,1228.7,172.09367834015075,"(n,n')46Ca"
46Ca,2268.0,51.660548037512626,"(n,n')46Ca"
46Ca,399.2,46.405515343288634,"(n,n')46Ca"
46Ca,1676.6,14.855564715532088,"(n,n')46Ca"
46Ca,3022.6,9.35868027770159,"(n,n')46Ca"
46Ca,1285.0,9.091925596047638,"(n,n')46Ca"
46Ca,2513.7,9.091925596047638,"(n,n')46Ca"
46Ca,1413.3,7.838197435065916,"(n,n')46Ca"
46Ca,2642.0,7.838197435065916,"(n,n')46Ca"
46Ca,1210.6,7.003916238473347,"(n,n')46Ca"
46Ca,1609.8,7.003916238473347,"(n,n')46Ca"
46Ca,3638.9,6.879352589326884,"(n,n')46Ca"
46Ca,2292.9,6.879352589326884,"(n,n')46Ca"
46Ca,1832.3,4.970388490995163,"(n,n')46Ca"
46Ca,3061.0,4.970388490995163,"(n,n')46Ca"
46Ca,1914.7,4.656062291385325,"(n,n')46Ca"
46Ca,3143.4,4.656062291385325,"(n,n')46Ca"
46Ca,1077.1,4.518476019853417,"(n,n')46Ca"
46Ca,2606.0,4.023173017181591,"(n,n')46Ca"
46Ca,3952.0,4.023173017181591,"(n,n')46Ca"
46Ca,2154.1,3.7607330499677056,"(n,n')46Ca"
46Ca,1754.9,3.7607330499677056,"(n,n')46Ca"
46Ca,3398.9,3.5524857001201178,"(n,n')46Ca"
46Ca,2170.2,3.5524857001201178,"(n,n')46Ca"
46Ca,3084.2,3.248474677347423,"(n,n')46Ca"
46Ca,4430.2,3.248474677347423,"(n,n')46Ca"
46Ca,4261.0,2.8868189269648252,"(n,n')46Ca"
46Ca,2915.0,2.8868189269648252,"(n,n')46Ca"
46Ca,2420.0,2.7412414357680928,"(n,n')46Ca"
46Ca,3648.7,2.7412414357680928,"(n,n')46Ca"
46Ca,3667.6,1.3367786191574282,"(n,n')46Ca"
46Ca,5013.6,1.3367786191574282,"(n,n')46Ca"
46Ca,3412.0,0.30700572450382374,"(n,n')46Ca"
46Ca,4758.0,0.30700572450382374,"(n,n')46Ca"
46Ti,889.3,698.2691547164454,"(n,n')46Ti"
46Ti,1120.5,214.286672426878,"(n,n')46Ti"
46Ti,1048.7,45.373065523786224,"(n,n')46Ti"
46Ti,2072.7,35.651087214750184,"(n,n')46Ti"
46Ti,2324.0,22.365538123878096,"(n,n')46Ti"
46Ti,2346.5,19.337984899417275,"(n,n')46Ti"
46Ti,1289.2,18.188475105583368,"(n,n')46Ti"
46Ti,2278.9,10.436260730746133,"(n,n')46Ti"
46Ti,3168.2,8.663777203429822,"(n,n')46Ti"
46Ti,1721.9,8.532142884375578,"(n,n')46Ti"
46Ti,96.5,5.153735269812829,"(n,n')46Ti"
46Ti,3235.8,3.6341997032807836,"(n,n')46Ti"
46Ti,2962.0,1.568737383535424,"(n,n')46Ti"
46Ti,2009.8,2.7852269251560328e-05,"(n,n')46Ti"
47Ti,159.4,236.37159036537017,"(n,n')47Ti"
47Ti,1284.8,54.23090843827908,"(n,n')47Ti"
47Ti,1094.6,50.3707431942467,"(n,n')47Ti"
47Ti,1670.0,24.125383857144254,"(n,n')47Ti"
47Ti,1825.0,22.749190458208307,"(n,n')47Ti"
47Ti,1252.1,16.926260778624496,"(n,n')47Ti"
47Ti,1390.5,13.522529851880435,"(n,n')47Ti"
47Ti,2344.0,12.955208195041175,"(n,n')47Ti"
47Ti,1549.9,11.344207891476758,"(n,n')47Ti"
47Ti,2007.3,10.276490779036811,"(n,n')47Ti"
47Ti,2163.0,9.277545225355066,"(n,n')47Ti"
47Ti,2297.1,8.53209789518556,"(n,n')47Ti"
47Ti,2246.8,7.632288423175745,"(n,n')47Ti"
47Ti,2259.5,7.512045198371778,"(n,n')47Ti"
47Ti,1794.1,4.842076537732582,"(n,n')47Ti"
47Ti,591.3,4.067320886601306,"(n,n')47Ti"
47Ti,190.2,3.374022155093201,"(n,n')47Ti"
47Ti,2416.3,3.2125326169759187,"(n,n')47Ti"
47Ti,1254.0,3.0220311459419666,"(n,n')47Ti"
47Ti,539.9,2.9536336921856887,"(n,n')47Ti"
47Ti,2137.7,2.3896859154413255,"(n,n')47Ti"
47Ti,244.2,2.3816690649908563,"(n,n')47Ti"
47Ti,1152.2,2.2900484144295614,"(n,n')47Ti"
47Ti,866.4,2.1558408362410453,"(n,n')47Ti"
47Ti,2100.1,1.6523380669228265,"(n,n')47Ti"
47Ti,2406.2,1.068568677118056,"(n,n')47Ti"
47Ti,962.0,1.068568677118056,"(n,n')47Ti"
47Ti,2003.6,0.500936555863042,"(n,n')47Ti"
48Ca,3831.72,295.13339874784754,"(n,n')48Ca"
48Ca,675.24,88.51331370270658,"(n,n')48Ca"
48Ca,671.62,87.29753474817564,"(n,n')48Ca"
48Ca,780.28,37.89261855901758,"(n,n')48Ca"
48Ca,753.64,23.88137307135091,"(n,n')48Ca"
48Ca,4506.96,22.126395865910666,"(n,n')48Ca"
48Ca,642.26,19.19884022019126,"(n,n')48Ca"
48Ca,1597.87,9.831441643794065,"(n,n')48Ca"
48Ca,468.73,9.694935312663818,"(n,n')48Ca"
48Ca,1479.71,8.61586451649558,"(n,n')48Ca"
48Ca,1538.12,8.605723136650363,"(n,n')48Ca"
48Ca,1225.99,6.097718051823531,"(n,n')48Ca"
48Ca,1482.28,4.2731718180874445,"(n,n')48Ca"
48Ca,5314.0,4.2731718180874445,"(n,n')48Ca"
48Ca,648.6,4.0105539870492715,"(n,n')48Ca"
48Ca,1841.67,3.9867759556549323,"(n,n')48Ca"
48Ca,6336.8,3.6761649281058917,"(n,n')48Ca"
48Ca,862.88,2.5820059804087965,"(n,n')48Ca"
48Ca,757.84,2.4962671102776035,"(n,n')48Ca"
48Ca,866.5,2.462315780252411,"(n,n')48Ca"
48Ca,6614.2,2.1119082332275663,"(n,n')48Ca"
48Ca,6791.5,1.796012309794211,"(n,n')48Ca"
48Ca,2145.65,1.7905161798402351,"(n,n')48Ca"
48Ca,451.61,1.7525175713618104,"(n,n')48Ca"
48Ca,1315.96,1.6998773394131785,"(n,n')48Ca"
48Ca,2273.11,1.3470028125829299,"(n,n')48Ca"
48Ca,5311.43,1.3270746283607588,"(n,n')48Ca"
48Ca,1503.39,1.217619507750375,"(n,n')48Ca"
48Ca,6480.0,1.20393413803533,"(n,n')48Ca"
48Ca,2648.28,1.20393413803533,"(n,n')48Ca"
48Ca,2036.99,0.9132971079931516,"(n,n')48Ca"
48Ca,1733.01,0.797468725249762,"(n,n')48Ca"
48Ca,1199.41,0.6778702769671028,"(n,n')48Ca"
48Ca,804.47,0.4911087255082636,"(n,n')48Ca"
48Ca,1629.28,0.36278491657697154,"(n,n')48Ca"
48Ca,5461.0,0.36278491657697154,"(n,n')48Ca"
48Ca,2178.84,0.3058741439415508,"(n,n')48Ca"
48Ca,2073.8,0.255006752507704,"(n,n')48Ca"
48Ti,983.5,729.9555656345972,"(n,n')48Ti"
48Ti,1312.1,194.40992495866539,"(n,n')48Ti"
48Ti,1437.5,66.27880527992764,"(n,n')48Ti"
48Ti,2375.33,62.07396510122669,"(n,n')48Ti"
48Ti,944.2,37.086314371778506,"(n,n')48Ti"
48Ti,1037.6,30.950639311371514,"(n,n')48Ti"
48Ti,2240.5,23.93676504360806,"(n,n')48Ti"
48Ti,2633.3,22.538257869251986,"(n,n')48Ti"
48Ti,2387.4,16.08049923710126,"(n,n')48Ti"
48Ti,2013.8,15.469020986195227,"(n,n')48Ti"
48Ti,423.67,15.330621509177977,"(n,n')48Ti"
48Ti,2819.3,14.226019773702133,"(n,n')48Ti"
48Ti,2650.1,13.72052469109803,"(n,n')48Ti"
48Ti,2727.5,12.556982992156215,"(n,n')48Ti"
48Ti,175.3,11.43531766334416,"(n,n')48Ti"
48Ti,928.4,8.018652649022624,"(n,n')48Ti"
48Ti,2715.9,7.111003488127416,"(n,n')48Ti"
48Ti,3738.6,7.0238537007058355,"(n,n')48Ti"
48Ti,3852.2,5.453671540585695,"(n,n')48Ti"
48Ti,1063.23,5.090240861319394,"(n,n')48Ti"
48Ti,1486.9,5.050680582159466,"(n,n')48Ti"
48Ti,3699.4,3.8391084673807128,"(n,n')48Ti"
48Ti,2421.0,3.5920234932557635,"(n,n')48Ti"
48Ti,1212.9,3.5128103521541116,"(n,n')48Ti"
48Ti,2755.1,2.9499522859913214,"(n,n')48Ti"
48Ti,3370.9,2.5075245727448183,"(n,n')48Ti"
48Ti,1195.8,1.8031099480297579,"(n,n')48Ti"
48Ti,803.0,1.1491634575933911,"(n,n')48Ti"
48Ti,937.83,0.9931016169432516,"(n,n')48Ti"
48Ti,1317.6,0.8430138340404955,"(n,n')48Ti"
48Ti,558.5,0.62776351973051,"(n,n')48Ti"
48Ti,3616.8,0.3155998034352834,"(n,n')48Ti"
49Ti,1542.1,136.37874113645847,"(n,n')49Ti"
49Ti,1381.8,40.468061322079336,"(n,n')49Ti"
49Ti,1622.9,37.62255364220744,"(n,n')49Ti"
49Ti,1762.0,32.42705733089529,"(n,n')49Ti"
49Ti,963.7,30.47033953301565,"(n,n')49Ti"
49Ti,1178.0,24.625747300732076,"(n,n')49Ti"
49Ti,1586.0,22.799087675058875,"(n,n')49Ti"
49Ti,1135.6,12.093176544156352,"(n,n')49Ti"
49Ti,638.4,7.929625558458305,"(n,n')49Ti"
49Ti,2513.5,7.526870763656575,"(n,n')49Ti"
49Ti,1135.3,6.394608891506819,"(n,n')49Ti"
49Ti,2261.3,5.787241598898049,"(n,n')49Ti"
49Ti,341.7,5.478876591651746,"(n,n')49Ti"
49Ti,902.34,4.1375219298777495,"(n,n')49Ti"
49Ti,848.5,3.734638694887167,"(n,n')49Ti"
49Ti,1122.64,3.09522783146656,"(n,n')49Ti"
49Ti,499.3,2.7756988487316914,"(n,n')49Ti"
49Ti,2471.4,2.5390771088448387,"(n,n')49Ti"
49Ti,1041.44,2.275251968728374,"(n,n')49Ti"
49Ti,709.4,1.6807861552585706,"(n,n')49Ti"
49Ti,881.54,0.5573893753109198,"(n,n')49Ti"
49Ti,460.0,0.5437082806943901,"(n,n')49Ti"
49Ti,137.5,0.12032806424110332,"(n,n')49Ti"
50Cr,783.0,11.45213744,"(n,n')50Cr"
50Cr,1098.0,6.1716342,"(n,n')50Cr"
50Cr,1444.0,2.1171941999999997,"(n,n')50Cr"
50Cr,2378.0,1.7028333333333334,"(n,n')50Cr"
50Cr,1283.0,1.6902866666666667,"(n,n')50Cr"
50Cr,2142.0,1.58853744,"(n,n')50Cr"
50Cr,2925.0,0.14378256000000003,"(n,n')50Cr"
50Cr,2542.0,0.021385799999999996,"(n,n')50Cr"
50Ti,1553.8,575.0274445077896,"(n,n')50Ti"
50Ti,1121.1,232.9814844142564,"(n,n')50Ti"
50Ti,523.8,41.382611452501635,"(n,n')50Ti"
50Ti,2618.49,31.034566448300993,"(n,n')50Ti"
50Ti,2856.69,26.720200050425852,"(n,n')50Ti"
50Ti,1299.89,25.993271381168853,"(n,n')50Ti"
50Ti,1472.39,25.479203084605615,"(n,n')50Ti"
50Ti,2217.19,23.463449494385912,"(n,n')50Ti"
50Ti,2757.19,18.77555122587958,"(n,n')50Ti"
50Ti,2617.99,13.988996487833724,"(n,n')50Ti"
50Ti,1735.59,6.814187310427696,"(n,n')50Ti"
50Ti,1496.89,6.713973420994086,"(n,n')50Ti"
50Ti,4310.99,3.680555427011893,"(n,n')50Ti"
50Ti,2314.29,3.433781595159346,"(n,n')50Ti"
50V,226.2,164.9694315080644,"(n,n')50V"
50V,910.0,120.47487211260517,"(n,n')50V"
50V,93.96,112.4237675161215,"(n,n')50V"
50V,814.6,69.1796871988248,"(n,n')50V"
50V,35.24,57.035574886108705,"(n,n')50V"
50V,753.7,47.263637257506005,"(n,n')50V"
50V,1724.6,38.18139246003637,"(n,n')50V"
50V,33.0,34.0090584416617,"(n,n')50V"
50V,683.9,17.484233041464417,"(n,n')50V"
50V,836.3,11.448178548146279,"(n,n')50V"
50V,516.14,10.99033257607408,"(n,n')50V"
50V,588.0,7.881217448543373,"(n,n')50V"
50V,913.0,6.789819620463446,"(n,n')50V"
50V,793.0,6.025444481380414,"(n,n')50V"
50V,943.1,5.8953145687777555,"(n,n')50V"
50V,1046.1,4.564850945533198,"(n,n')50V"
50V,1106.9,4.233185994122836,"(n,n')50V"
50V,1499.0,4.11863590078285,"(n,n')50V"
50V,1380.04,3.803623125931007,"(n,n')50V"
50V,1761.5,3.7283139785370563,"(n,n')50V"
50V,851.5,3.7279112798645673,"(n,n')50V"
50V,1130.0,3.6270824959443835,"(n,n')50V"
50V,2162.0,3.520450450982938,"(n,n')50V"
50V,1013.5,3.3533116263857434,"(n,n')50V"
50V,946.0,3.326613644871504,"(n,n')50V"
50V,926.0,3.1787768218305206,"(n,n')50V"
50V,2399.0,3.061562318071412,"(n,n')50V"
50V,2038.0,3.0417580558589696,"(n,n')50V"
50V,1954.0,2.768382051602342,"(n,n')50V"
50V,1936.0,2.662461433992626,"(n,n')50V"
50V,2038.01,2.459415171120583,"(n,n')50V"
50V,2111.0,2.4141349398110137,"(n,n')50V"
50V,1206.3,2.3414433128095666,"(n,n')50V"
50V,2308.0,2.3377101509491864,"(n,n')50V"
50V,1173.3,2.2478247987945745,"(n,n')50V"
50V,375.8,2.1222177076048965,"(n,n')50V"
50V,2133.0,2.1165678405396657,"(n,n')50V"
50V,2483.0,2.011885152021533,"(n,n')50V"
50V,2344.0,1.9395648599907704,"(n,n')50V"
50V,2455.0,1.8412255110374642,"(n,n')50V"
50V,1330.5,1.7960240285656381,"(n,n')50V"
50V,2424.0,1.7166004849750673,"(n,n')50V"
50V,320.16,1.708687375668559,"(n,n')50V"
50V,1363.5,1.418878073182298,"(n,n')50V"
50V,2036.6,1.368481671463797,"(n,n')50V"
50V,1431.34,1.0524598376769363,"(n,n')50V"
50V,1525.3,1.0524598376769363,"(n,n')50V"
50V,1396.1,1.0524569927480918,"(n,n')50V"
50V,1046.5,0.9386951858047704,"(n,n')50V"
50V,1455.4,0.8382876666860251,"(n,n')50V"
50V,1422.4,0.8382856839461746,"(n,n')50V"
50V,1490.64,0.8382840172864114,"(n,n')50V"
50V,509.4,0.8379730417654,"(n,n')50V"
50V,1081.74,0.8046787041113388,"(n,n')50V"
50V,1163.0,0.7979031405473296,"(n,n')50V"
50V,1321.8,0.7853211457346968,"(n,n')50V"
50V,491.8,0.7043117175114844,"(n,n')50V"
50V,1288.8,0.5943930295941465,"(n,n')50V"
50V,1139.9,0.5926749852238195,"(n,n')50V"
50V,275.3,0.4242860127859534,"(n,n')50V"
50V,1405.04,0.41186359007828505,"(n,n')50V"
50V,129.2,0.39929730896858207,"(n,n')50V"
51V,320.08,171.3551833132438,"(n,n')51V"
51V,1609.24,149.3802055478258,"(n,n')51V"
51V,928.64,55.58513772550519,"(n,n')51V"
51V,1813.25,52.213413035258526,"(n,n')51V"
51V,1090.39,40.56663744988592,"(n,n')51V"
51V,2870.0,29.00310685769764,"(n,n')51V"
51V,1493.17,16.81153445835626,"(n,n')51V"
51V,1776.35,14.002350244610568,"(n,n')51V"
51V,3092.72,13.219134849155099,"(n,n')51V"
51V,3310.0,12.285995637338251,"(n,n')51V"
51V,3320.0,12.154859671749769,"(n,n')51V"
51V,3377.68,10.115073724002215,"(n,n')51V"
51V,2090.67,9.070945443637457,"(n,n')51V"
51V,608.56,9.063777177216291,"(n,n')51V"
51V,1748.82,8.608209250996612,"(n,n')51V"
51V,1581.77,8.157014339482977,"(n,n')51V"
51V,2600.0,7.97911873451932,"(n,n')51V"
51V,3383.2,7.890682052087527,"(n,n')51V"
51V,3516.94,6.958102696200445,"(n,n')51V"
51V,2515.27,6.7199205114431955,"(n,n')51V"
51V,3134.01,6.54998078716651,"(n,n')51V"
51V,2790.0,6.50498208722723,"(n,n')51V"
51V,1785.78,6.280179026643279,"(n,n')51V"
51V,2944.31,6.234585468977876,"(n,n')51V"
51V,3555.5,5.142673437202221,"(n,n')51V"
51V,2959.91,4.394741733219541,"(n,n')51V"
51V,1617.76,4.376284935788552,"(n,n')51V"
51V,3150.0,4.373095558583613,"(n,n')51V"
51V,3454.09,3.9957936335113002,"(n,n')51V"
51V,2763.44,3.4004736355587855,"(n,n')51V"
51V,3381.1,3.3951656940575243,"(n,n')51V"
51V,1773.96,3.393369022189277,"(n,n')51V"
51V,2154.88,2.618363612770591,"(n,n')51V"
51V,2351.35,2.4610551161962166,"(n,n')51V"
51V,2410.75,2.4486766154773467,"(n,n')51V"
51V,3196.86,2.212324410773253,"(n,n')51V"
51V,2286.86,2.2109818250611535,"(n,n')51V"
51V,3083.52,1.9722748514679675,"(n,n')51V"
51V,1569.95,1.657858412175844,"(n,n')51V"
51V,3372.0,1.5372198170415274,"(n,n')51V"
51V,3057.6,1.3143881306812846,"(n,n')51V"
51V,804.75,1.2159379882840085,"(n,n')51V"
51V,869.24,1.0984867562266285,"(n,n')51V"
51V,1482.11,1.0885386694907297,"(n,n')51V"
51V,204.01,0.7338478145747714,"(n,n')51V"
51V,1703.69,0.7097422780089739,"(n,n')51V"
51V,2335.75,0.6857974743124228,"(n,n')51V"
51V,2895.42,0.6411234890768522,"(n,n')51V"
51V,672.77,0.5101559186776599,"(n,n')51V"
51V,685.96,0.43414282068813503,"(n,n')51V"
51V,1572.34,0.16101532800234364,"(n,n')51V"
51V,853.64,0.06858673373221878,"(n,n')51V"
52Cr,1434.0,76.26284153333333,"(n,n')52Cr"
52Cr,936.0,10.985001071680001,"(n,n')52Cr"
52Cr,1334.0,9.06613696032,"(n,n')52Cr"
52Cr,1728.0,6.4080082,"(n,n')52Cr"
52Cr,744.0,2.9271797279999996,"(n,n')52Cr"
52Cr,647.0,1.9423538293333336,"(n,n')52Cr"
52Cr,704.0,1.7802719999999996,"(n,n')52Cr"
52Cr,1531.0,1.5512066666666666,"(n,n')52Cr"
52Cr,1246.0,1.2298896,"(n,n')52Cr"
52Cr,3162.0,0.9575184666666667,"(n,n')52Cr"
52Cr,848.0,0.9565807999999998,"(n,n')52Cr"
52Cr,1213.0,0.5029866666666667,"(n,n')52Cr"
52Cr,2038.0,0.5021279999999999,"(n,n')52Cr"
52Cr,1045.0,0.3442146026666667,"(n,n')52Cr"
52Cr,1981.0,0.17210730133333335,"(n,n')52Cr"
52Cr,398.0,0.09157714101333334,"(n,n')52Cr"
52Cr,502.0,0.06832719999999999,"(n,n')52Cr"
52Cr,346.0,0.029567471999999994,"(n,n')52Cr"
52Cr,201.0,0.02277573333333333,"(n,n')52Cr"
53Cr,1290.0,33.98699305213333,"(n,n')53Cr"
53Cr,2321.0,20.789019999999997,"(n,n')53Cr"
53Cr,1006.0,17.07927829453333,"(n,n')53Cr"
53Cr,1974.0,14.759669053333333,"(n,n')53Cr"
53Cr,564.0,4.0658954666666665,"(n,n')53Cr"
53Cr,284.0,3.3613509611999994,"(n,n')53Cr"
53Cr,531.0,2.6619759999999992,"(n,n')53Cr"
53Cr,684.0,2.60464748,"(n,n')53Cr"
53Cr,696.0,1.5099866666666666,"(n,n')53Cr"
53Cr,247.0,1.4944426666666666,"(n,n')53Cr"
53Cr,882.0,1.4433866666666666,"(n,n')53Cr"
53Cr,385.0,1.3890866666666664,"(n,n')53Cr"
53Cr,1650.0,0.8696927999999999,"(n,n')53Cr"
53Cr,1447.0,0.8564799999999999,"(n,n')53Cr"
53Cr,1163.0,0.5709866666666666,"(n,n')53Cr"
53Cr,1537.0,0.5137146666666667,"(n,n')53Cr"
53Cr,2143.0,0.4078114666666667,"(n,n')53Cr"
53Cr,1366.0,0.3382138666666667,"(n,n')53Cr"
53Cr,2670.0,0.27981599999999995,"(n,n')53Cr"
53Cr,1701.0,0.2570985333333333,"(n,n')53Cr"
53Cr,2106.0,0.186544,"(n,n')53Cr"
53Cr,733.0,0.12411653333333335,"(n,n')53Cr"
53Cr,2707.0,0.09752013333333334,"(n,n')53Cr"
54Cr,835.0,8.0482864,"(n,n')54Cr"
54Cr,989.0,3.1567866666666666,"(n,n')54Cr"
54Cr,1785.0,1.7437064,"(n,n')54Cr"
54Cr,2620.0,0.6126536,"(n,n')54Cr"
54Cr,1994.0,0.5817466666666667,"(n,n')54Cr"
54Fe,1408.0,57.3175296,"(n,n')54Fe"
54Fe,2959.0,6.93022,"(n,n')54Fe"
54Fe,1551.0,5.670179999999999,"(n,n')54Fe"
54Fe,1130.0,4.0413109333333335,"(n,n')54Fe"
54Fe,3166.0,3.0038904,"(n,n')54Fe"
54Fe,757.0,1.0517976000000002,"(n,n')54Fe"
54Fe,1758.0,0.7046162666666667,"(n,n')54Fe"
54Fe,412.0,0.5889266666666668,"(n,n')54Fe"
54Fe,1153.0,0.3742133333333333,"(n,n')54Fe"
54Fe,1887.0,0.20034240000000003,"(n,n')54Fe"
55Mn,125.95,56.98058008556013,"(n,n')55Mn"
55Mn,858.31,16.166493997629885,"(n,n')55Mn"
55Mn,1528.36,7.54391409894146,"(n,n')55Mn"
55Mn,898.17,3.575286,"(n,n')55Mn"
55Mn,1166.17,3.4345246061637003,"(n,n')55Mn"
55Mn,1030.94,3.3471072,"(n,n')55Mn"
55Mn,1884.08,2.818921224960001,"(n,n')55Mn"
55Mn,1536.32,2.394756,"(n,n')55Mn"
55Mn,2239.85,2.2562422399999997,"(n,n')55Mn"
55Mn,2909.97,1.9310360000000002,"(n,n')55Mn"
55Mn,2215.0,1.8739179999999998,"(n,n')55Mn"
55Mn,2198.43,1.8702563400000003,"(n,n')55Mn"
55Mn,1758.13,1.5856431890400002,"(n,n')55Mn"
55Mn,307.86,1.1466740148363002,"(n,n')55Mn"
55Mn,2741.0,1.1219240000000001,"(n,n')55Mn"
55Mn,1214.17,1.0117780200000002,"(n,n')55Mn"
55Mn,2913.95,0.9210911999999999,"(n,n')55Mn"
55Mn,2799.05,0.8852361999999999,"(n,n')55Mn"
55Mn,2582.0,0.8658014,"(n,n')55Mn"
55Mn,2380.0,0.8656389999999999,"(n,n')55Mn"
55Mn,770.61,0.8563027999999999,"(n,n')55Mn"
55Mn,984.26,0.850868105138415,"(n,n')55Mn"
55Mn,2621.7,0.8506102,"(n,n')55Mn"
55Mn,2365.8,0.7927337599999998,"(n,n')55Mn"
55Mn,2827.5,0.7371710000000001,"(n,n')55Mn"
55Mn,2865.82,0.6809356400000001,"(n,n')55Mn"
55Mn,2976.15,0.6679003099999998,"(n,n')55Mn"
55Mn,2266.89,0.6569256129999999,"(n,n')55Mn"
55Mn,2272.46,0.649010784,"(n,n')55Mn"
55Mn,3028.0,0.6457925999999999,"(n,n')55Mn"
55Mn,1529.98,0.5663203840000002,"(n,n')55Mn"
55Mn,2626.74,0.380423666,"(n,n')55Mn"
55Mn,938.02,0.31855521600000003,"(n,n')55Mn"
55Mn,868.61,0.29195304600000005,"(n,n')55Mn"
55Mn,2015.2,0.2910528,"(n,n')55Mn"
55Mn,1402.41,0.26471243965853997,"(n,n')55Mn"
55Mn,738.53,0.242972487,"(n,n')55Mn"
55Mn,1414.15,0.22803081600000003,"(n,n')55Mn"
55Mn,2752.69,0.212329488,"(n,n')55Mn"
55Mn,2007.51,0.20339636000000003,"(n,n')55Mn"
55Mn,1447.79,0.19950268999999998,"(n,n')55Mn"
55Mn,2072.48,0.18395964000000004,"(n,n')55Mn"
55Mn,2953.45,0.130089,"(n,n')55Mn"
55Mn,1293.0,0.08645338,"(n,n')55Mn"
55Mn,304.84,0.04623752493200001,"(n,n')55Mn"
55Mn,1019.33,0.03739365000000001,"(n,n')55Mn"
55Mn,2697.7,0.034407688,"(n,n')55Mn"
55Mn,2252.45,0.0321096,"(n,n')55Mn"
55Mn,2563.15,0.0314329,"(n,n')55Mn"
55Mn,3005.9,0.030433619999999998,"(n,n')55Mn"
55Mn,2694.6,0.030154180000000006,"(n,n')55Mn"
55Mn,2984.0,0.029558459999999995,"(n,n')55Mn"
55Mn,2727.31,0.025109395999999996,"(n,n')55Mn"
55Mn,2281.0,0.016970580000000002,"(n,n')55Mn"
55Mn,939.57,0.014746152,"(n,n')55Mn"
55Mn,1743.05,0.014003316999999996,"(n,n')55Mn"
55Mn,1344.92,0.0125433616,"(n,n')55Mn"
55Mn,1435.19,0.009174587,"(n,n')55Mn"
55Mn,1163.15,0.005131795068000001,"(n,n')55Mn"
55Mn,1327.19,0.004154850000000001,"(n,n')55Mn"
55Mn,2873.28,0.0037467184,"(n,n')55Mn"
56Fe,847.0,124.91490716,"(n,n')56Fe"
56Fe,1238.0,18.927378,"(n,n')56Fe"
56Fe,1811.0,9.2387246,"(n,n')56Fe"
56Fe,1038.0,8.98039,"(n,n')56Fe"
56Fe,2523.0,4.17792,"(n,n')56Fe"
56Fe,1852.0,3.7886,"(n,n')56Fe"
56Fe,3554.0,2.4348479999999997,"(n,n')56Fe"
56Fe,3663.0,2.348932,"(n,n')56Fe"
56Fe,3602.0,2.20194,"(n,n')56Fe"
56Fe,1772.0,1.9568400000000001,"(n,n')56Fe"
56Fe,3548.0,1.83816,"(n,n')56Fe"
56Fe,2598.0,1.706952,"(n,n')56Fe"
56Fe,3202.0,1.6776,"(n,n')56Fe"
56Fe,2035.0,1.37381,"(n,n')56Fe"
56Fe,1335.0,1.310036,"(n,n')56Fe"
56Fe,3253.0,1.2535200000000002,"(n,n')56Fe"
56Fe,2425.0,1.212352,"(n,n')56Fe"
56Fe,2755.0,1.18566,"(n,n')56Fe"
56Fe,2273.0,1.1665999999999999,"(n,n')56Fe"
56Fe,1303.0,1.1232083999999998,"(n,n')56Fe"
56Fe,2602.0,0.931686,"(n,n')56Fe"
56Fe,3449.0,0.931686,"(n,n')56Fe"
56Fe,1175.0,0.9164799999999999,"(n,n')56Fe"
56Fe,2373.0,0.8437520000000001,"(n,n')56Fe"
56Fe,2985.0,0.840546,"(n,n')56Fe"
56Fe,1671.0,0.8260516000000001,"(n,n')56Fe"
56Fe,2113.0,0.81239256,"(n,n')56Fe"
56Fe,3370.0,0.7372799999999999,"(n,n')56Fe"
56Fe,2095.0,0.625956,"(n,n')56Fe"
56Fe,2015.0,0.5223000000000001,"(n,n')56Fe"
56Fe,952.0,0.499456,"(n,n')56Fe"
56Fe,1360.0,0.459564,"(n,n')56Fe"
56Fe,2760.0,0.41404,"(n,n')56Fe"
56Fe,1964.0,0.39842999999999995,"(n,n')56Fe"
56Fe,3455.0,0.38674,"(n,n')56Fe"
56Fe,3451.0,0.358,"(n,n')56Fe"
56Fe,1174.0,0.34689200000000003,"(n,n')56Fe"
56Fe,3273.0,0.31302,"(n,n')56Fe"
56Fe,977.0,0.25070400000000004,"(n,n')56Fe"
56Fe,1061.0,0.227316,"(n,n')56Fe"
56Fe,1272.0,0.20423999999999998,"(n,n')56Fe"
56Fe,2658.0,0.18854540000000003,"(n,n')56Fe"
56Fe,1459.0,0.187296,"(n,n')56Fe"
56Fe,368.0,0.18132840000000003,"(n,n')56Fe"
56Fe,3832.0,0.146762,"(n,n')56Fe"
56Fe,2213.0,0.1432,"(n,n')56Fe"
56Fe,3010.0,0.12762,"(n,n')56Fe"
56Fe,3611.0,0.06661199999999999,"(n,n')56Fe"
56Fe,734.0,0.04254,"(n,n')56Fe"
56Fe,1442.0,0.041784,"(n,n')56Fe"
56Fe,787.0,0.021884000000000004,"(n,n')56Fe"
56Fe,1089.0,0.020970000000000003,"(n,n')56Fe"
56Fe,1140.0,0.020892,"(n,n')56Fe"
56Fe,1462.0,0.017390000000000003,"(n,n')56Fe"
56Fe,997.0,0.017390000000000003,"(n,n')56Fe"
56Fe,1160.0,0.017390000000000003,"(n,n')56Fe"
56Fe,2960.0,0.01657944,"(n,n')56Fe"
56Fe,1640.0,0.014319999999999998,"(n,n')56Fe"
57Fe,14.0,5.25436884144,"(n,n')57Fe"
57Fe,123.0,2.066538196106667,"(n,n')57Fe"
57Fe,692.0,1.0395046666666667,"(n,n')57Fe"
57Fe,870.0,0.9004800000000001,"(n,n')57Fe"
57Fe,353.0,0.7630026453333334,"(n,n')57Fe"
57Fe,993.0,0.46431000000000006,"(n,n')57Fe"
57Fe,137.0,0.2554148332266667,"(n,n')57Fe"
57Fe,367.0,0.13521565866666665,"(n,n')57Fe"
57Fe,569.0,0.1100652,"(n,n')57Fe"
57Fe,230.0,0.06760782933333333,"(n,n')57Fe"
57Fe,706.0,0.06114733333333334,"(n,n')57Fe"
57Fe,640.0,0.04221,"(n,n')57Fe"
57Fe,339.0,0.012229466666666668,"(n,n')57Fe"
58Co,53.15,0.4311121336602629,"(n,n')58Co"
58Co,24.95,0.3241293060826823,"(n,n')58Co"
58Co,320.78,0.22770901916539202,"(n,n')58Co"
58Co,111.76,0.21752141251798462,"(n,n')58Co"
58Co,365.66,0.21568348546803082,"(n,n')58Co"
58Co,58.61,0.15693445341072018,"(n,n')58Co"
58Co,432.55,0.13800270109784,"(n,n')58Co"
58Co,1050.19,0.0756308284930926,"(n,n')58Co"
58Co,701.57,0.07032534668599999,"(n,n')58Co"
58Co,1044.26,0.0680629416195337,"(n,n')58Co"
58Co,773.87,0.06554942081094428,"(n,n')58Co"
58Co,28.2,0.061418579992499465,"(n,n')58Co"
58Co,1778.0,0.05723912999999999,"(n,n')58Co"
58Co,1044.19,0.056675880000000005,"(n,n')58Co"
58Co,1133.0,0.05481942,"(n,n')58Co"
58Co,1369.0,0.05426507999999999,"(n,n')58Co"
58Co,1424.0,0.05413095,"(n,n')58Co"
58Co,1628.74,0.05354255,"(n,n')58Co"
58Co,619.71,0.05353025,"(n,n')58Co"
58Co,1843.0,0.05309018,"(n,n')58Co"
58Co,1865.8,0.05303227,"(n,n')58Co"
58Co,1828.0,0.051177629999999995,"(n,n')58Co"
58Co,1050.67,0.045336181196999996,"(n,n')58Co"
58Co,938.43,0.0446317403506884,"(n,n')58Co"
58Co,1493.86,0.03976662753,"(n,n')58Co"
58Co,727.13,0.039541356228,"(n,n')58Co"
58Co,894.01,0.039351453684,"(n,n')58Co"
58Co,663.18,0.037529773314,"(n,n')58Co"
58Co,1236.55,0.033223835640999996,"(n,n')58Co"
58Co,519.97,0.03016957679750025,"(n,n')58Co"
58Co,1524.4,0.029604990376,"(n,n')58Co"
58Co,1434.9,0.028706819999999994,"(n,n')58Co"
58Co,582.62,0.028609431465181853,"(n,n')58Co"
58Co,345.74,0.026931048812486813,"(n,n')58Co"
58Co,1376.88,0.026688948360000003,"(n,n')58Co"
58Co,863.72,0.02653956744,"(n,n')58Co"
58Co,987.81,0.025031082000000003,"(n,n')58Co"
58Co,1645.44,0.024701019445,"(n,n')58Co"
58Co,1158.74,0.024281049624,"(n,n')58Co"
58Co,332.62,0.023797645621,"(n,n')58Co"
58Co,1410.81,0.023568435454000003,"(n,n')58Co"
58Co,1147.66,0.0213086096916,"(n,n')58Co"
58Co,1363.58,0.021153754091999998,"(n,n')58Co"
58Co,504.55,0.020552524384000005,"(n,n')58Co"
58Co,1488.37,0.02024102268342,"(n,n')58Co"
58Co,860.68,0.01901379111272388,"(n,n')58Co"
58Co,1040.12,0.018876389907923195,"(n,n')58Co"
58Co,473.31,0.018770516686,"(n,n')58Co"
58Co,1156.91,0.018615984546,"(n,n')58Co"
58Co,707.01,0.017044830555,"(n,n')58Co"
58Co,1867.7,0.01686738762,"(n,n')58Co"
58Co,1749.35,0.016714768608000002,"(n,n')58Co"
58Co,932.5,0.0149710240014663,"(n,n')58Co"
58Co,674.46,0.014587147742064948,"(n,n')58Co"
58Co,1696.2,0.014066543952,"(n,n')58Co"
58Co,1605.62,0.01392127247,"(n,n')58Co"
58Co,348.98,0.013892062177198983,"(n,n')58Co"
58Co,1131.48,0.011861833556,"(n,n')58Co"
58Co,1814.55,0.011301262380000001,"(n,n')58Co"
58Co,1124.79,0.011294234358999998,"(n,n')58Co"
58Co,1241.71,0.010513054440000003,"(n,n')58Co"
58Co,1813.3,0.009794147999999999,"(n,n')58Co"
58Co,1353.47,0.008758663560000001,"(n,n')58Co"
58Co,1554.74,0.008008515616,"(n,n')58Co"
58Co,832.48,0.007870339307560753,"(n,n')58Co"
58Co,473.2,0.007036359115169998,"(n,n')58Co"
58Co,1159.68,0.005928050216000001,"(n,n')58Co"
58Co,1139.39,0.005327147031591,"(n,n')58Co"
58Co,1399.65,0.005256588803,"(n,n')58Co"
58Co,1355.31,0.004441636428000001,"(n,n')58Co"
58Co,684.53,0.003783402114219,"(n,n')58Co"
58Co,326.69,0.0037592360190000004,"(n,n')58Co"
58Co,465.88,0.003149306316,"(n,n')58Co"
58Co,1729.24,0.0027494494800000004,"(n,n')58Co"
58Co,91.84,0.0021699595857656456,"(n,n')58Co"
58Co,253.9,0.0019368207251190335,"(n,n')58Co"
58Co,404.35,0.0011102118810894003,"(n,n')58Co"
58Fe,811.0,1.8273365333333333,"(n,n')58Fe"
58Fe,864.0,0.6504232,"(n,n')58Fe"
58Fe,1675.0,0.4906701333333333,"(n,n')58Fe"
58Ni,1454.0,68.94852543266667,"(n,n')58Ni"
58Ni,1005.0,7.3091516666666685,"(n,n')58Ni"
58Ni,3265.0,3.6403458,"(n,n')58Ni"
58Ni,1584.0,2.5344831499999994,"(n,n')58Ni"
58Ni,1811.0,2.1379808666666666,"(n,n')58Ni"
58Ni,3038.0,1.8675138999999998,"(n,n')58Ni"
58Ni,962.0,1.7727316666666666,"(n,n')58Ni"
58Ni,1449.0,1.2763919093333334,"(n,n')58Ni"
58Ni,1322.0,0.9234330399999999,"(n,n')58Ni"
58Ni,40.0,0.3055104,"(n,n')58Ni"
58Ni,383.0,0.09330166666666667,"(n,n')58Ni"
58Ni,2903.0,0.081471824,"(n,n')58Ni"
58Ni,262.0,0.04446461666666667,"(n,n')58Ni"
58Ni,1489.0,0.0430848,"(n,n')58Ni"
58Ni,167.0,0.0430848,"(n,n')58Ni"
58Ni,2776.0,0.038476376666666666,"(n,n')58Ni"
60Ni,1333.0,74.83260337666667,"(n,n')60Ni"
60Ni,1173.0,6.980996666666666,"(n,n')60Ni"
60Ni,1787.0,3.05478,"(n,n')60Ni"
60Ni,826.0,2.7227159766666666,"(n,n')60Ni"
60Ni,467.0,1.1034109333333333,"(n,n')60Ni"
60Ni,1791.0,0.985056,"(n,n')60Ni"
60Ni,1027.0,0.6087486666666667,"(n,n')60Ni"
60Ni,1937.0,0.4887930000000001,"(n,n')60Ni"
60Ni,2159.0,0.48047929,"(n,n')60Ni"
60Ni,1293.0,0.47289040000000004,"(n,n')60Ni"
60Ni,680.0,0.39701000000000003,"(n,n')60Ni"
60Ni,1861.0,0.36129666666666665,"(n,n')60Ni"
60Ni,1853.0,0.31760800000000006,"(n,n')60Ni"
60Ni,952.0,0.2822,"(n,n')60Ni"
60Ni,1985.0,0.26626666666666665,"(n,n')60Ni"
60Ni,1035.0,0.2529076666666666,"(n,n')60Ni"
60Ni,1111.0,0.21724133333333334,"(n,n')60Ni"
60Ni,644.0,0.21724133333333334,"(n,n')60Ni"
60Ni,3270.0,0.162931,"(n,n')60Ni"
60Ni,3124.0,0.10945066666666667,"(n,n')60Ni"
60Ni,3194.0,0.10838899999999999,"(n,n')60Ni"
61Ni,67.0,0.6490470666666668,"(n,n')61Ni"
61Ni,1015.0,0.4340933333333333,"(n,n')61Ni"
61Ni,283.0,0.3341108,"(n,n')61Ni"
61Ni,909.0,0.30292266666666673,"(n,n')61Ni"
61Ni,1185.0,0.24581333333333333,"(n,n')61Ni"
61Ni,1132.0,0.23629026666666667,"(n,n')61Ni"
61Ni,1065.0,0.1448230666666667,"(n,n')61Ni"
61Ni,817.0,0.1413618,"(n,n')61Ni"
61Ni,656.0,0.13057053333333332,"(n,n')61Ni"
61Ni,1100.0,0.11087200000000001,"(n,n')61Ni"
61Ni,842.0,0.0681576,"(n,n')61Ni"
61Ni,373.0,0.029995933333333336,"(n,n')61Ni"
61Ni,529.0,0.025139999999999996,"(n,n')61Ni"
61Ni,1033.0,0.0249462,"(n,n')61Ni"
61Ni,589.0,0.0158802,"(n,n')61Ni"
61Ni,626.0,0.007573066666666667,"(n,n')61Ni"
61Ni,902.0,0.005586666666666666,"(n,n')61Ni"
61Ni,1118.0,0.002793333333333333,"(n,n')61Ni"
62Ni,1173.0,5.951640666666666,"(n,n')62Ni"
62Ni,1163.0,2.4557666666666664,"(n,n')62Ni"
62Ni,1129.0,1.048454,"(n,n')62Ni"
62Ni,2302.0,0.857826,"(n,n')62Ni"
62Ni,876.0,0.47607333333333335,"(n,n')62Ni"
63Cu,962.0,39.684375703680004,"(n,n')63Cu"
63Cu,1327.0,28.629416744319997,"(n,n')63Cu"
63Cu,669.0,9.006416536,"(n,n')63Cu"
63Cu,365.0,5.453222237013334,"(n,n')63Cu"
63Cu,1412.0,3.851804544,"(n,n')63Cu"
63Cu,645.0,3.6696000000000004,"(n,n')63Cu"
63Cu,413.0,3.02742,"(n,n')63Cu"
63Cu,1861.0,2.5802001519999997,"(n,n')63Cu"
63Cu,1179.0,2.47698,"(n,n')63Cu"
63Cu,899.0,1.9464667813333336,"(n,n')63Cu"
63Cu,1131.0,1.8614852586666666,"(n,n')63Cu"
63Cu,766.0,1.7030609813333333,"(n,n')63Cu"
63Cu,450.0,1.1769402773333335,"(n,n')63Cu"
63Cu,1547.0,0.6966276266666667,"(n,n')63Cu"
63Cu,881.0,0.45143999999999995,"(n,n')63Cu"
63Cu,2337.0,0.40424,"(n,n')63Cu"
63Cu,2497.0,0.3995066666666666,"(n,n')63Cu"
63Cu,2093.0,0.3960606933333333,"(n,n')63Cu"
63Cu,2780.0,0.39326000000000005,"(n,n')63Cu"
63Cu,1390.0,0.36358,"(n,n')63Cu"
63Cu,1443.0,0.34080000000000005,"(n,n')63Cu"
63Cu,1246.0,0.34056,"(n,n')63Cu"
63Cu,2806.0,0.33464666666666665,"(n,n')63Cu"
63Cu,1927.0,0.3310666666666667,"(n,n')63Cu"
63Cu,1124.0,0.32993520000000004,"(n,n')63Cu"
63Cu,743.0,0.320983712,"(n,n')63Cu"
63Cu,2011.0,0.2831546666666667,"(n,n')63Cu"
63Cu,2081.0,0.2581800000000001,"(n,n')63Cu"
63Cu,1078.0,0.22719999999999999,"(n,n')63Cu"
63Cu,754.0,0.22508000000000003,"(n,n')63Cu"
63Cu,2027.0,0.22403333333333333,"(n,n')63Cu"
63Cu,2858.0,0.2121,"(n,n')63Cu"
63Cu,2536.0,0.19639,"(n,n')63Cu"
63Cu,993.0,0.16661333333333334,"(n,n')63Cu"
63Cu,2220.0,0.16553333333333334,"(n,n')63Cu"
63Cu,1375.0,0.163,"(n,n')63Cu"
63Cu,2696.0,0.1620666666666667,"(n,n')63Cu"
63Cu,1049.0,0.15674633333333332,"(n,n')63Cu"
63Cu,585.0,0.156741216,"(n,n')63Cu"
63Cu,2111.0,0.15582000000000001,"(n,n')63Cu"
63Cu,1446.0,0.15553999999999998,"(n,n')63Cu"
63Cu,2889.0,0.14006666666666667,"(n,n')63Cu"
63Cu,1479.0,0.13668666666666665,"(n,n')63Cu"
63Cu,244.0,0.13355999999999998,"(n,n')63Cu"
63Cu,1393.0,0.13033333333333333,"(n,n')63Cu"
63Cu,1119.0,0.12578,"(n,n')63Cu"
63Cu,624.0,0.11872000000000002,"(n,n')63Cu"
63Cu,2717.0,0.1113,"(n,n')63Cu"
63Cu,2189.0,0.10369333333333333,"(n,n')63Cu"
63Cu,1828.0,0.08182666666666669,"(n,n')63Cu"
63Cu,1170.0,0.08162000000000001,"(n,n')63Cu"
63Cu,515.0,0.07819999999999999,"(n,n')63Cu"
63Cu,1149.0,0.07626666666666668,"(n,n')63Cu"
63Cu,1342.0,0.06573233333333334,"(n,n')63Cu"
63Cu,1867.0,0.0628448,"(n,n')63Cu"
63Cu,1233.0,0.05936000000000001,"(n,n')63Cu"
63Cu,534.0,0.05296000000000001,"(n,n')63Cu"
63Cu,2062.0,0.05213333333333333,"(n,n')63Cu"
63Cu,1574.0,0.0471336,"(n,n')63Cu"
63Cu,443.0,0.0471336,"(n,n')63Cu"
63Cu,675.0,0.0471336,"(n,n')63Cu"
63Cu,925.0,0.04564,"(n,n')63Cu"
63Cu,1209.0,0.039277999999999993,"(n,n')63Cu"
63Cu,1755.0,0.03710000000000001,"(n,n')63Cu"
63Cu,476.0,0.0326,"(n,n')63Cu"
63Cu,2048.0,0.029680000000000005,"(n,n')63Cu"
63Cu,2405.0,0.02272,"(n,n')63Cu"
63Cu,878.0,0.017415690666666667,"(n,n')63Cu"
63Cu,989.0,0.0157112,"(n,n')63Cu"
63Cu,685.0,0.0143,"(n,n')63Cu"
63Cu,1668.0,0.006520000000000001,"(n,n')63Cu"
64Ni,1346.0,2.98918,"(n,n')64Ni"
64Ni,931.0,0.57688,"(n,n')64Ni"
64Zn,991.55,495.4613344535172,"(n,n')64Zn"
64Zn,1315.16,157.84598771361294,"(n,n')64Zn"
64Zn,807.8,79.56004680354495,"(n,n')64Zn"
64Zn,2006.83,47.61671989550591,"(n,n')64Zn"
64Zn,937.18,40.506883754690634,"(n,n')64Zn"
64Zn,1799.35,23.871084357217136,"(n,n')64Zn"
64Zn,918.76,11.806726091135502,"(n,n')64Zn"
64Zn,1000.14,11.480131553131873,"(n,n')64Zn"
64Zn,771.06,9.46367105974351,"(n,n')64Zn"
64Zn,1802.25,8.8569416695782,"(n,n')64Zn"
64Zn,2086.22,8.517689685223996,"(n,n')64Zn"
64Zn,1180.44,8.477425903154682,"(n,n')64Zn"
64Zn,1406.56,6.7767427654637125,"(n,n')64Zn"
64Zn,1988.24,4.831693021448481,"(n,n')64Zn"
64Zn,1617.88,4.65362510030967,"(n,n')64Zn"
64Zn,2270.44,4.323081015554048,"(n,n')64Zn"
64Zn,3500.0,4.09246979672403,"(n,n')64Zn"
64Zn,429.82,4.050688375469064,"(n,n')64Zn"
64Zn,1570.47,3.8103802577048653,"(n,n')64Zn"
64Zn,1245.59,3.3083551383170735,"(n,n')64Zn"
64Zn,1387.43,2.8427866571031117,"(n,n')64Zn"
64Zn,2560.75,2.811911153072737,"(n,n')64Zn"
64Zn,1411.49,2.7698275490587205,"(n,n')64Zn"
64Zn,3425.15,2.6429615835545355,"(n,n')64Zn"
64Zn,2014.14,2.5934400267498545,"(n,n')64Zn"
64Zn,2305.63,2.591789420505437,"(n,n')64Zn"
64Zn,1199.03,2.3805811130750754,"(n,n')64Zn"
64Zn,2205.25,2.355603489320961,"(n,n')64Zn"
64Zn,2195.23,2.27435728349228,"(n,n')64Zn"
64Zn,3240.0,2.2241012647579774,"(n,n')64Zn"
64Zn,1744.98,2.187400857515791,"(n,n')64Zn"
64Zn,3415.0,2.1533154168797384,"(n,n')64Zn"
64Zn,3365.95,2.1382373216415003,"(n,n')64Zn"
64Zn,2103.03,2.1187240294919323,"(n,n')64Zn"
64Zn,3285.0,2.0625472171074533,"(n,n')64Zn"
64Zn,1231.99,2.055384687536293,"(n,n')64Zn"
64Zn,3465.0,2.0361748528366044,"(n,n')64Zn"
64Zn,390.2,2.0266715580284607,"(n,n')64Zn"
64Zn,1206.34,2.02306734676821,"(n,n')64Zn"
64Zn,2378.27,2.0195029417769486,"(n,n')64Zn"
64Zn,1541.99,1.9809224190109354,"(n,n')64Zn"
64Zn,1313.99,1.8275121481710408,"(n,n')64Zn"
64Zn,2614.95,1.817918388886615,"(n,n')64Zn"
64Zn,3602.0,1.7463266332161562,"(n,n')64Zn"
64Zn,1271.85,1.7329079740348639,"(n,n')64Zn"
64Zn,3627.0,1.7252133010212205,"(n,n')64Zn"
64Zn,3005.69,1.6858893427905794,"(n,n')64Zn"
64Zn,2636.85,1.6753101489162436,"(n,n')64Zn"
64Zn,3321.8,1.606582802055631,"(n,n')64Zn"
64Zn,3552.3,1.3894321443088946,"(n,n')64Zn"
64Zn,1276.47,1.3643509202474267,"(n,n')64Zn"
64Zn,1397.45,1.2482926540974972,"(n,n')64Zn"
64Zn,360.22,1.183555508727763,"(n,n')64Zn"
64Zn,2374.4,1.1333614346351155,"(n,n')64Zn"
64Zn,3297.18,1.0884795333335362,"(n,n')64Zn"
64Zn,341.24,1.040965060639561,"(n,n')64Zn"
64Zn,1659.17,1.0038149602990947,"(n,n')64Zn"
64Zn,633.29,0.9524261638232232,"(n,n')64Zn"
64Zn,899.2,0.8813609211336604,"(n,n')64Zn"
64Zn,2466.97,0.822963015703752,"(n,n')64Zn"
64Zn,1497.83,0.751652810311967,"(n,n')64Zn"
64Zn,1290.49,0.749862809870275,"(n,n')64Zn"
64Zn,1625.8,0.6791898573097012,"(n,n')64Zn"
64Zn,1295.6,0.6776742765463711,"(n,n')64Zn"
64Zn,3071.2,0.6759170737805894,"(n,n')64Zn"
64Zn,285.01,0.6154341236770187,"(n,n')64Zn"
64Zn,2605.65,0.6149092445712814,"(n,n')64Zn"
64Zn,1462.64,0.6054709260844096,"(n,n')64Zn"
64Zn,1295.23,0.5083368361000922,"(n,n')64Zn"
64Zn,860.67,0.4274434953195641,"(n,n')64Zn"
64Zn,3196.8,0.424154407162052,"(n,n')64Zn"
64Zn,2433.6,0.3831915539010654,"(n,n')64Zn"
64Zn,1566.6,0.33996661542076934,"(n,n')64Zn"
64Zn,110.96,0.31882136735812655,"(n,n')64Zn"
64Zn,1455.64,0.30364385343556305,"(n,n')64Zn"
64Zn,3261.99,0.24208535536130216,"(n,n')64Zn"
64Zn,2998.38,0.23805811130750754,"(n,n')64Zn"
64Zn,2214.36,0.20334554557381618,"(n,n')64Zn"
64Zn,756.52,0.20311484995439472,"(n,n')64Zn"
64Zn,1514.84,0.11893473944441356,"(n,n')64Zn"
64Zn,3186.78,0.0369542581475488,"(n,n')64Zn"
65Cu,1116.0,32.995761666666674,"(n,n')65Cu"
65Cu,1482.0,19.70190666666667,"(n,n')65Cu"
65Cu,771.0,6.666566666666667,"(n,n')65Cu"
65Cu,366.0,4.925476666666667,"(n,n')65Cu"
65Cu,440.0,4.795333333333334,"(n,n')65Cu"
65Cu,978.0,3.273783333333334,"(n,n')65Cu"
65Cu,1052.0,2.8772,"(n,n')65Cu"
65Cu,1162.0,2.694326666666667,"(n,n')65Cu"
65Cu,256.0,1.9181333333333337,"(n,n')65Cu"
65Cu,2094.0,1.7857,"(n,n')65Cu"
65Cu,1623.0,1.3119333333333336,"(n,n')65Cu"
65Cu,612.0,0.89285,"(n,n')65Cu"
65Cu,507.0,0.8348666666666668,"(n,n')65Cu"
65Cu,1725.0,0.47782499999999994,"(n,n')65Cu"
65Cu,925.0,0.3781333333333333,"(n,n')65Cu"
65Cu,1762.0,0.3522,"(n,n')65Cu"
65Cu,1291.0,0.3308666666666666,"(n,n')65Cu"
65Cu,992.0,0.3181333333333333,"(n,n')65Cu"
65Cu,1051.0,0.2739333333333333,"(n,n')65Cu"
65Cu,1556.0,0.26310000000000006,"(n,n')65Cu"
65Cu,626.0,0.2386,"(n,n')65Cu"
65Cu,852.0,0.23853333333333335,"(n,n')65Cu"
65Cu,313.0,0.2363333333333333,"(n,n')65Cu"
65Cu,2327.0,0.2338666666666667,"(n,n')65Cu"
65Cu,1442.0,0.1852,"(n,n')65Cu"
65Cu,609.0,0.15927499999999997,"(n,n')65Cu"
65Cu,2533.0,0.15653333333333333,"(n,n')65Cu"
65Cu,2278.0,0.1418066666666667,"(n,n')65Cu"
65Cu,2213.0,0.12346666666666667,"(n,n')65Cu"
65Cu,2108.0,0.1193,"(n,n')65Cu"
65Cu,1211.0,0.0877,"(n,n')65Cu"
65Cu,1337.0,0.07953333333333333,"(n,n')65Cu"
65Cu,383.0,0.039766666666666665,"(n,n')65Cu"
65Zn,864.21,113.82714350541275,"(n,n')65Zn"
65Zn,201.3,65.45176461932707,"(n,n')65Zn"
65Zn,1263.42,48.7841523380085,"(n,n')65Zn"
65Zn,115.13,41.54816203786441,"(n,n')65Zn"
65Zn,749.08,20.71552729860548,"(n,n')65Zn"
65Zn,153.01,15.67869604314412,"(n,n')65Zn"
65Zn,61.2,8.768197246664261,"(n,n')65Zn"
65Zn,768.7,6.700213751065131,"(n,n')65Zn"
65Zn,1065.51,6.479290947588828,"(n,n')65Zn"
65Zn,1045.72,5.476520203400987,"(n,n')65Zn"
65Zn,53.93,5.087816191564268,"(n,n')65Zn"
65Zn,206.94,4.547709734346329,"(n,n')65Zn"
65Zn,932.26,4.117863009041939,"(n,n')65Zn"
65Zn,1588.08,4.021493489901473,"(n,n')65Zn"
65Zn,653.57,3.9530749006213157,"(n,n')65Zn"
65Zn,1603.0,3.7857258625833023,"(n,n')65Zn"
65Zn,855.16,3.72607751180238,"(n,n')65Zn"
65Zn,197.89,3.6988408626977223,"(n,n')65Zn"
65Zn,751.79,3.6822781482005977,"(n,n')65Zn"
65Zn,1253.95,3.3948426497202586,"(n,n')65Zn"
65Zn,1228.72,2.9934120307725847,"(n,n')65Zn"
65Zn,909.65,2.5642230924713685,"(n,n')65Zn"
65Zn,399.21,2.195207210277203,"(n,n')65Zn"
65Zn,1047.39,2.182284532115376,"(n,n')65Zn"
65Zn,1354.6,2.1242065236595447,"(n,n')65Zn"
65Zn,1137.53,2.0813933933762723,"(n,n')65Zn"
65Zn,1577.05,2.0594851046910114,"(n,n')65Zn"
65Zn,1369.08,2.002682904250183,"(n,n')65Zn"
65Zn,483.96,1.5333425769789384,"(n,n')65Zn"
65Zn,794.52,1.333263399842254,"(n,n')65Zn"
65Zn,1472.95,1.327032642866297,"(n,n')65Zn"
65Zn,1523.12,1.3178223527079462,"(n,n')65Zn"
65Zn,1252.66,0.9802522120193509,"(n,n')65Zn"
65Zn,855.72,0.8717924878115928,"(n,n')65Zn"
65Zn,714.77,0.8576740073854787,"(n,n')65Zn"
65Zn,1343.85,0.8381732028596,"(n,n')65Zn"
65Zn,657.27,0.8081776071206472,"(n,n')65Zn"
65Zn,91.81,0.7055593699698686,"(n,n')65Zn"
65Zn,1415.8,0.6161003805439614,"(n,n')65Zn"
65Zn,1136.91,0.6107841524453339,"(n,n')65Zn"
65Zn,819.38,0.5911643946557265,"(n,n')65Zn"
65Zn,702.71,0.40261713981934044,"(n,n')65Zn"
65Zn,560.08,0.21881286127440577,"(n,n')65Zn"
65Zn,1262.79,0.20606478143055199,"(n,n')65Zn"
65Zn,602.81,0.17843729793273055,"(n,n')65Zn"
65Zn,1469.73,0.17843729793273055,"(n,n')65Zn"
65Zn,422.34,0.15081089142573903,"(n,n')65Zn"
65Zn,993.46,0.1235491992203016,"(n,n')65Zn"
65Zn,575.15,0.11974530683952428,"(n,n')65Zn"
65Zn,479.64,0.1137423530856489,"(n,n')65Zn"
65Zn,140.95,0.09746355075449903,"(n,n')65Zn"
65Zn,866.92,0.05893173617949963,"(n,n')65Zn"
65Zn,659.98,0.057429624521862524,"(n,n')65Zn"
65Zn,812.99,0.05153639144752576,"(n,n')65Zn"
65Zn,1289.92,0.05086720588021865,"(n,n')65Zn"
65Zn,561.76,0.04489551696201314,"(n,n')65Zn"
65Zn,278.69,0.03253087586903237,"(n,n')65Zn"
66Zn,1039.39,626.4218479833146,"(n,n')66Zn"
66Zn,1411.74,191.0840981667141,"(n,n')66Zn"
66Zn,833.55,122.36491556413793,"(n,n')66Zn"
66Zn,1787.79,65.80935361271729,"(n,n')66Zn"
66Zn,830.86,29.95269402505413,"(n,n')66Zn"
66Zn,892.75,26.87989780495366,"(n,n')66Zn"
66Zn,1726.3,23.38549196125477,"(n,n')66Zn"
66Zn,2763.4,18.495935094939835,"(n,n')66Zn"
66Zn,626.8,17.943364719968088,"(n,n')66Zn"
66Zn,3227.3,15.124873736035566,"(n,n')66Zn"
66Zn,3241.4,13.299380258715987,"(n,n')66Zn"
66Zn,2173.4,10.75857005483678,"(n,n')66Zn"
66Zn,1333.14,10.330548365537377,"(n,n')66Zn"
66Zn,314.56,9.678419838505967,"(n,n')66Zn"
66Zn,2780.55,9.61971825916624,"(n,n')66Zn"
66Zn,2189.92,8.34216978773328,"(n,n')66Zn"
66Zn,1899.06,7.912419812385351,"(n,n')66Zn"
66Zn,954.24,7.239102895489517,"(n,n')66Zn"
66Zn,3030.0,6.9674541482306305,"(n,n')66Zn"
66Zn,1232.43,6.46682676321379,"(n,n')66Zn"
66Zn,1204.99,5.920300447275293,"(n,n')66Zn"
66Zn,2938.45,5.6177019548258595,"(n,n')66Zn"
66Zn,3229.31,2.2938151981696646,"(n,n')66Zn"
66Zn,1664.41,2.126498646833521,"(n,n')66Zn"
66Zn,1741.16,2.116396002962052,"(n,n')66Zn"
66Zn,312.24,1.7943364719968085,"(n,n')66Zn"
66Zn,907.61,1.7312021184068611,"(n,n')66Zn"
66Zn,329.42,1.0581991077888189,"(n,n')66Zn"
66Zn,1356.37,0.442100723773439,"(n,n')66Zn"
66Zn,2065.98,0.40092231332893863,"(n,n')66Zn"
66Zn,856.78,0.17346266850854059,"(n,n')66Zn"
66Zn,448.76,0.16011051285540634,"(n,n')66Zn"
67Zn,604.49,101.7205438367024,"(n,n')67Zn"
67Zn,814.77,62.810452435864036,"(n,n')67Zn"
67Zn,184.58,19.81559791833997,"(n,n')67Zn"
67Zn,93.31,16.424591586840002,"(n,n')67Zn"
67Zn,300.22,15.630097045490082,"(n,n')67Zn"
67Zn,870.91,8.698687608691811,"(n,n')67Zn"
67Zn,586.31,6.040210766396818,"(n,n')67Zn"
67Zn,1060.0,6.015013984620903,"(n,n')67Zn"
67Zn,990.0,4.937709392075227,"(n,n')67Zn"
67Zn,393.53,4.375346651774241,"(n,n')67Zn"
67Zn,887.7,4.211523988218036,"(n,n')67Zn"
67Zn,630.19,3.3916446159104643,"(n,n')67Zn"
67Zn,979.84,2.899074897513007,"(n,n')67Zn"
67Zn,91.27,2.8733866105548143,"(n,n')67Zn"
67Zn,208.95,2.188122953264212,"(n,n')67Zn"
67Zn,494.17,2.1483132384866117,"(n,n')67Zn"
67Zn,958.23,2.1373918849705578,"(n,n')67Zn"
67Zn,749.28,2.09451443365444,"(n,n')67Zn"
67Zn,794.39,1.8113235068114748,"(n,n')67Zn"
67Zn,421.24,0.4648248992643331,"(n,n')67Zn"
67Zn,1142.81,0.42743104712322444,"(n,n')67Zn"
67Zn,703.12,0.42115239882180366,"(n,n')67Zn"
67Zn,375.35,0.3624309657309322,"(n,n')67Zn"
68Zn,1077.37,512.5621137859199,"(n,n')68Zn"
68Zn,1340.07,128.16657700311953,"(n,n')68Zn"
68Zn,1292.93,64.49381563227443,"(n,n')68Zn"
68Zn,1673.01,62.06068890712337,"(n,n')68Zn"
68Zn,585.6,35.990913600714165,"(n,n')68Zn"
68Zn,1432.83,34.050968338060535,"(n,n')68Zn"
68Zn,1883.14,29.387427549783922,"(n,n')68Zn"
68Zn,1041.3,27.833149441655397,"(n,n')68Zn"
68Zn,1260.92,25.402029609580772,"(n,n')68Zn"
68Zn,571.0,22.483616641308664,"(n,n')68Zn"
68Zn,805.77,19.103313642589097,"(n,n')68Zn"
68Zn,1882.77,10.658983875144404,"(n,n')68Zn"
68Zn,578.57,10.103374579076053,"(n,n')68Zn"
68Zn,1126.06,8.236951365830432,"(n,n')68Zn"
68Zn,864.0,7.789396526172744,"(n,n')68Zn"
68Zn,1744.21,7.339718506599412,"(n,n')68Zn"
68Zn,746.56,6.057383867388098,"(n,n')68Zn"
68Zn,412.09,4.77888666309521,"(n,n')68Zn"
68Zn,815.31,4.65211488831131,"(n,n')68Zn"
68Zn,2082.73,4.504010406571725,"(n,n')68Zn"
68Zn,736.92,3.467400972393658,"(n,n')68Zn"
68Zn,2109.23,3.4247840537345597,"(n,n')68Zn"
68Zn,1270.46,3.16344173633663,"(n,n')68Zn"
68Zn,2347.67,3.081850416109246,"(n,n')68Zn"
68Zn,3346.09,2.7762603227584495,"(n,n')68Zn"
68Zn,2209.72,2.774093070621916,"(n,n')68Zn"
68Zn,2106.78,2.7358523420947285,"(n,n')68Zn"
68Zn,1546.28,2.440337574154987,"(n,n')68Zn"
68Zn,1219.31,2.3584100979160105,"(n,n')68Zn"
68Zn,1530.66,1.918090715808429,"(n,n')68Zn"
68Zn,2323.53,1.9069045535920983,"(n,n')68Zn"
68Zn,1398.3,1.7130543587661344,"(n,n')68Zn"
68Zn,1517.76,1.6969205122773385,"(n,n')68Zn"
68Zn,2307.63,1.6409729209226582,"(n,n')68Zn"
68Zn,1541.9,1.6335534176898483,"(n,n')68Zn"
68Zn,3287.09,1.33145660500641,"(n,n')68Zn"
68Zn,542.7,1.2786484533215217,"(n,n')68Zn"
68Zn,2352.05,1.2204020439218548,"(n,n')68Zn"
68Zn,674.66,1.2020811704260324,"(n,n')68Zn"
68Zn,1625.5,1.0359494153663764,"(n,n')68Zn"
68Zn,1931.83,0.963746861997458,"(n,n')68Zn"
68Zn,2268.72,0.9440438242660536,"(n,n')68Zn"
68Zn,3184.15,0.8754541947010023,"(n,n')68Zn"
68Zn,1462.95,0.7496020325727514,"(n,n')68Zn"
68Zn,2821.58,0.7339718506599411,"(n,n')68Zn"
68Zn,534.3,0.7177227944349153,"(n,n')68Zn"
68Zn,1301.01,0.6977595866389861,"(n,n')68Zn"
68Zn,1091.13,0.6834617808622134,"(n,n')68Zn"
68Zn,3385.0,0.4923773656352281,"(n,n')68Zn"
68Zn,591.76,0.46948884781830136,"(n,n')68Zn"
68Zn,3400.9,0.4577377010749005,"(n,n')68Zn"
68Zn,2338.29,0.4317628305464438,"(n,n')68Zn"
68Zn,1631.15,0.4022390123841464,"(n,n')68Zn"
68Zn,670.91,0.39538487880146833,"(n,n')68Zn"
68Zn,3429.42,0.29285849094592964,"(n,n')68Zn"
68Zn,483.29,0.19819652543903432,"(n,n')68Zn"
68Zn,845.86,0.17782780307957824,"(n,n')68Zn"
68Zn,1403.95,0.11927052387297166,"(n,n')68Zn"
68Zn,2025.08,0.07074961419853443,"(n,n')68Zn"
68Zn,465.51,0.044386505692497774,"(n,n')68Zn"
68Zn,227.2,0.01175301509711822,"(n,n')68Zn"
6Li,3562.0,1.5774134754098361,"(n,n')6Li"
70Ge,1039.2,194.01032467634855,"(n,n')70Ge"
70Ge,1522.2,67.6055196188628,"(n,n')70Ge"
70Ge,176.2,0.12208223166588732,"(n,n')70Ge"
70Ge,1114.3,0.10881848331575547,"(n,n')70Ge"
70Ge,668.7,0.050118264014566954,"(n,n')70Ge"
70Ge,1707.9,0.04256632696157592,"(n,n')70Ge"
70Ge,743.6,0.01912877283005373,"(n,n')70Ge"
70Ge,1098.8,0.01869096559595393,"(n,n')70Ge"
70Ge,1143.8,0.018302370000000002,"(n,n')70Ge"
70Ge,1118.2,0.013098722643771253,"(n,n')70Ge"
70Ge,1978.8,0.012834179000000001,"(n,n')70Ge"
70Ge,2212.6,0.012729077,"(n,n')70Ge"
70Ge,1496.5,0.01177753200002032,"(n,n')70Ge"
70Ge,2129.6,0.011145519000000001,"(n,n')70Ge"
70Ge,2135.6,0.01109399,"(n,n')70Ge"
70Ge,250.5,0.010870077,"(n,n')70Ge"
70Ge,2240.6,0.010225331,"(n,n')70Ge"
70Ge,1263.1,0.009894478958,"(n,n')70Ge"
70Ge,1427.6,0.009298846,"(n,n')70Ge"
70Ge,2295.4,0.008927379999999999,"(n,n')70Ge"
70Ge,855.2,0.008908594499999999,"(n,n')70Ge"
70Ge,1237.3,0.008764975,"(n,n')70Ge"
70Ge,2216.6,0.008331068,"(n,n')70Ge"
70Ge,2019.7,0.0081482101225758,"(n,n')70Ge"
70Ge,1412.3,0.007836910237679476,"(n,n')70Ge"
70Ge,2352.6,0.007638291,"(n,n')70Ge"
70Ge,2374.9,0.007608704000000001,"(n,n')70Ge"
70Ge,1218.4,0.0075331316907,"(n,n')70Ge"
70Ge,2141.2,0.007456488000000001,"(n,n')70Ge"
70Ge,1781.5,0.006479496938000001,"(n,n')70Ge"
70Ge,2207.6,0.006424024999999999,"(n,n')70Ge"
70Ge,2266.9,0.0062078920000000004,"(n,n')70Ge"
70Ge,905.4,0.005950608983226,"(n,n')70Ge"
70Ge,942.0,0.005763688376946982,"(n,n')70Ge"
70Ge,2592.0,0.005737605999999999,"(n,n')70Ge"
70Ge,595.3,0.0054629467797000005,"(n,n')70Ge"
70Ge,357.7,0.0049531785419999995,"(n,n')70Ge"
70Ge,1588.2,0.0049348267375,"(n,n')70Ge"
70Ge,2026.6,0.004553431,"(n,n')70Ge"
70Ge,2274.7,0.0043235750000000005,"(n,n')70Ge"
70Ge,2347.3,0.003804347,"(n,n')70Ge"
70Ge,2332.7,0.0033891993093000004,"(n,n')70Ge"
70Ge,1338.9,0.0029462206340999998,"(n,n')70Ge"
70Ge,760.4,0.0027653391876000005,"(n,n')70Ge"
70Ge,827.8,0.0027091288660441603,"(n,n')70Ge"
70Ge,653.2,0.002618994039154871,"(n,n')70Ge"
70Ge,492.5,0.0023083279294048085,"(n,n')70Ge"
70Ge,607.4,0.0019580056621374,"(n,n')70Ge"
70Ge,1891.6,0.001734271,"(n,n')70Ge"
70Ge,1267.7,0.0016437248448,"(n,n')70Ge"
70Ge,2157.4,0.0015713458898772908,"(n,n')70Ge"
70Ge,252.2,0.0015004175786088,"(n,n')70Ge"
70Ge,2256.9,0.0014809070748999999,"(n,n')70Ge"
70Ge,599.0,0.0013492191551999998,"(n,n')70Ge"
70Ge,2421.6,0.0013075312,"(n,n')70Ge"
70Ge,497.5,0.0011410243627902,"(n,n')70Ge"
70Ge,1320.3,0.00111892015953552,"(n,n')70Ge"
70Ge,1332.0,0.0010371161128,"(n,n')70Ge"
70Ge,1335.9,0.0010371161128,"(n,n')70Ge"
70Ge,889.4,0.0010363646229,"(n,n')70Ge"
70Ge,730.4,0.0009955395681,"(n,n')70Ge"
70Ge,1179.9,0.0009951414319,"(n,n')70Ge"
70Ge,2007.6,0.0009828172581,"(n,n')70Ge"
70Ge,445.6,0.0008775684138367377,"(n,n')70Ge"
70Ge,953.7,0.0007783328380000002,"(n,n')70Ge"
70Ge,893.3,0.0006548396487,"(n,n')70Ge"
70Ge,901.5,0.0006520139215944,"(n,n')70Ge"
70Ge,2450.2,0.0005830059984000001,"(n,n')70Ge"
70Ge,449.5,0.000434050391891735,"(n,n')70Ge"
70Ge,298.0,0.00034934629701133496,"(n,n')70Ge"
70Ge,1351.0,0.0002886929110674,"(n,n')70Ge"
70Ge,294.1,0.0001925530770928618,"(n,n')70Ge"
70Ge,240.1,7.25120565e-05,"(n,n')70Ge"
70Zn,884.8,301.0943752947227,"(n,n')70Zn"
70Zn,1554.0,102.4835412582409,"(n,n')70Zn"
70Zn,901.7,83.33906331314283,"(n,n')70Zn"
70Zn,1072.9,19.222337979894906,"(n,n')70Zn"
70Zn,874.3,16.83268462275436,"(n,n')70Zn"
70Zn,2375.0,12.66108303029116,"(n,n')70Zn"
70Zn,183.5,10.64338864667214,"(n,n')70Zn"
70Zn,1759.1,6.9016405879832945,"(n,n')70Zn"
70Zn,1255.6,4.421246702077734,"(n,n')70Zn"
70Zn,353.9,2.3873389498103066,"(n,n')70Zn"
72Ge,834.0,192.51719606572766,"(n,n')72Ge"
72Ge,1050.8,34.80956299586822,"(n,n')72Ge"
72Ge,630.0,30.970423721622005,"(n,n')72Ge"
72Ge,894.3,16.19019863918033,"(n,n')72Ge"
72Ge,786.5,16.08370262387812,"(n,n')72Ge"
72Ge,1464.0,4.393997466392237,"(n,n')72Ge"
72Ge,1680.8,4.2112987547660765,"(n,n')72Ge"
72Ge,2514.8,1.2518518216222447,"(n,n')72Ge"
72Ge,112.5,0.7614951173001673,"(n,n')72Ge"
72Ge,691.4,0.5427711623195453,"(n,n')72Ge"
72Ge,449.9,0.4903567043220775,"(n,n')72Ge"
72Ge,1710.9,0.4326332054232141,"(n,n')72Ge"
72Ge,600.9,0.4024242875269009,"(n,n')72Ge"
72Ge,1568.3,0.22370152229208862,"(n,n')72Ge"
72Ge,1230.9,0.10533668410217278,"(n,n')72Ge"
72Ge,938.3,0.08569507657424283,"(n,n')72Ge"
72Ge,50.9,0.08076390907288773,"(n,n')72Ge"
72Ge,999.9,0.064580084205078,"(n,n')72Ge"
72Ge,772.6,0.04248646569895847,"(n,n')72Ge"
72Ge,735.6,0.029725647526312737,"(n,n')72Ge"
72Ge,2402.3,0.0272313054741392,"(n,n')72Ge"
72Ge,1357.6,0.023819459999999997,"(n,n')72Ge"
72Ge,1043.8,0.021011950169500002,"(n,n')72Ge"
72Ge,142.6,0.019244884709059825,"(n,n')72Ge"
72Ge,932.1,0.015534489999999998,"(n,n')72Ge"
72Ge,1015.4,0.008278717000000001,"(n,n')72Ge"
72Ge,2297.0,0.007960122,"(n,n')72Ge"
72Ge,336.6,0.007836737688604614,"(n,n')72Ge"
72Ge,2348.0,0.007639453,"(n,n')72Ge"
72Ge,1411.6,0.0074746299999999995,"(n,n')72Ge"
72Ge,2394.0,0.007352018,"(n,n')72Ge"
72Ge,1813.6,0.007179406,"(n,n')72Ge"
72Ge,2583.5,0.006693004000000001,"(n,n')72Ge"
72Ge,2416.0,0.005795027,"(n,n')72Ge"
72Ge,2200.0,0.004935913,"(n,n')72Ge"
72Ge,2201.6,0.004577446998395331,"(n,n')72Ge"
72Ge,1880.6,0.004194146,"(n,n')72Ge"
72Ge,1400.7,0.003842221152000001,"(n,n')72Ge"
72Ge,2109.5,0.00336196447281512,"(n,n')72Ge"
72Ge,2116.4,0.0027863698632,"(n,n')72Ge"
72Ge,2389.0,0.0027840919999999997,"(n,n')72Ge"
72Ge,614.2,0.0027310870125000003,"(n,n')72Ge"
72Ge,1629.9,0.0026468042317949704,"(n,n')72Ge"
72Ge,1215.2,0.00255845352768908,"(n,n')72Ge"
72Ge,1337.6,0.0021890670000000003,"(n,n')72Ge"
72Ge,3094.2,0.0021857719422497305,"(n,n')72Ge"
72Ge,356.9,0.0021543601695000005,"(n,n')72Ge"
72Ge,2402.8,0.0020759341562070306,"(n,n')72Ge"
72Ge,2491.0,0.0019465021915999999,"(n,n')72Ge"
72Ge,1861.0,0.0013311777189999997,"(n,n')72Ge"
72Ge,1920.3,0.001287102,"(n,n')72Ge"
72Ge,2106.0,0.001188108978,"(n,n')72Ge"
72Ge,2205.6,0.0011787046,"(n,n')72Ge"
72Ge,665.1,0.0011140866660000002,"(n,n')72Ge"
72Ge,1596.7,0.0010897981906999997,"(n,n')72Ge"
72Ge,2305.0,0.0010287144,"(n,n')72Ge"
72Ge,1476.0,0.0009458922858000001,"(n,n')72Ge"
72Ge,428.7,0.00074247570800744,"(n,n')72Ge"
72Ge,2248.6,0.0005894595924000001,"(n,n')72Ge"
72Ge,2940.0,0.0005586081438,"(n,n')72Ge"
72Ge,1029.3,0.0005131960480000001,"(n,n')72Ge"
72Ge,810.2,0.0005103768515999999,"(n,n')72Ge"
72Ge,2950.4,0.0004736861368,"(n,n')72Ge"
72Ge,1260.1,0.0002861203562,"(n,n')72Ge"
72Ge,479.6,0.00028578852203768005,"(n,n')72Ge"
72Ge,878.6,0.00023193390105068,"(n,n')72Ge"
72Ge,861.1,0.00023143712209999998,"(n,n')72Ge"
72Ge,970.7,0.00019625378706898,"(n,n')72Ge"
72Ge,1571.6,0.00014645069035047,"(n,n')72Ge"
72Ge,381.5,6.849213159999999e-05,"(n,n')72Ge"
72Ge,289.4,4.915967509999999e-05,"(n,n')72Ge"
72Ge,520.8,9.76368e-06,"(n,n')72Ge"
72Ge,230.8,6.075914899999999e-06,"(n,n')72Ge"
72Ge,2633.6,3.8664913e-06,"(n,n')72Ge"
73Ge,68.8,0.03694391581379,"(n,n')73Ge"
73Ge,825.8,0.02781764,"(n,n')73Ge"
73Ge,13.3,0.02079329109871,"(n,n')73Ge"
73Ge,284.8,0.012824060797390001,"(n,n')73Ge"
73Ge,53.4,0.009882400863271346,"(n,n')73Ge"
73Ge,659.0,0.008058247000000001,"(n,n')73Ge"
73Ge,868.0,0.007462994370000001,"(n,n')73Ge"
73Ge,430.3,0.005883147806,"(n,n')73Ge"
73Ge,551.0,0.004743972,"(n,n')73Ge"
73Ge,799.2,0.00470162563,"(n,n')73Ge"
73Ge,776.9,0.004125492000000001,"(n,n')73Ge"
73Ge,388.1,0.0036631710000000002,"(n,n')73Ge"
73Ge,297.3,0.0034760573469657776,"(n,n')73Ge"
73Ge,325.8,0.003160108770443625,"(n,n')73Ge"
73Ge,432.6,0.0027506966079000003,"(n,n')73Ge"
73Ge,1133.0,0.0023219970000000006,"(n,n')73Ge"
73Ge,809.0,0.001839221,"(n,n')73Ge"
73Ge,820.0,0.0018119030000000001,"(n,n')73Ge"
73Ge,561.9,0.00164960379739,"(n,n')73Ge"
73Ge,488.1,0.0015398923921,"(n,n')73Ge"
73Ge,1039.0,0.0014496840000000001,"(n,n')73Ge"
73Ge,993.7,0.0013495960275000003,"(n,n')73Ge"
73Ge,1132.0,0.0013381148999999997,"(n,n')73Ge"
73Ge,530.9,0.0013334652612,"(n,n')73Ge"
73Ge,1153.0,0.0013191622,"(n,n')73Ge"
73Ge,233.6,0.0010333527387999999,"(n,n')73Ge"
73Ge,777.0,0.0010257061999999998,"(n,n')73Ge"
73Ge,501.6,0.0009246390900000001,"(n,n')73Ge"
73Ge,904.0,0.0009164344999999999,"(n,n')73Ge"
73Ge,1026.0,0.0008191550999999999,"(n,n')73Ge"
73Ge,485.8,0.000753366114,"(n,n')73Ge"
73Ge,1192.0,0.000723881,"(n,n')73Ge"
73Ge,1318.0,0.0006615268,"(n,n')73Ge"
73Ge,650.7,0.0005059895,"(n,n')73Ge"
73Ge,488.2,0.000484651515641944,"(n,n')73Ge"
73Ge,541.6,0.000407564087528056,"(n,n')73Ge"
73Ge,975.9,0.00034884031185999996,"(n,n')73Ge"
73Ge,1251.1,0.00031728459999999997,"(n,n')73Ge"
73Ge,1311.0,0.0003090714,"(n,n')73Ge"
73Ge,679.2,0.0003035937000000001,"(n,n')73Ge"
73Ge,785.0,0.00030356348814,"(n,n')73Ge"
73Ge,739.4,0.00020475391375000002,"(n,n')73Ge"
73Ge,924.9,0.00016187897250000003,"(n,n')73Ge"
73Ge,379.2,0.000137510733306375,"(n,n')73Ge"
73Ge,499.1,0.00012325008,"(n,n')73Ge"
73Ge,767.9,6.959890481e-05,"(n,n')73Ge"
73Ge,1065.2,6.182696902000001e-05,"(n,n')73Ge"
73Ge,577.0,7.353715030000001e-06,"(n,n')73Ge"
73Ge,350.7,7.184022920879999e-06,"(n,n')73Ge"
73Ge,216.4,4.9837973900000005e-06,"(n,n')73Ge"
74As,183.07,25.65096049756307,"(n,n')74As"
74As,76.22,25.59112168325657,"(n,n')74As"
74As,19.07,25.58310822925657,"(n,n')74As"
74As,147.56,20.778102707264164,"(n,n')74As"
74As,306.08,18.22814,"(n,n')74As"
74As,616.9,12.920300000000001,"(n,n')74As"
74As,514.03,4.685575801000001,"(n,n')74As"
74As,206.48,4.212188518765233,"(n,n')74As"
74As,168.4,2.5228648932999995,"(n,n')74As"
74As,240.28,2.4719181066999996,"(n,n')74As"
74As,307.55,1.647029961,"(n,n')74As"
74As,425.92,1.4061741110433246,"(n,n')74As"
74As,278.36,0.9361290769075952,"(n,n')74As"
74As,173.07,0.6245643804473412,"(n,n')74As"
74As,252.85,0.6062274125405581,"(n,n')74As"
74As,235.67,0.5731802380000001,"(n,n')74As"
74As,753.5,0.06926431000000001,"(n,n')74As"
74As,495.02,0.047987560395,"(n,n')74As"
74As,332.1,0.04678255,"(n,n')74As"
74As,345.51,0.04419001251600001,"(n,n')74As"
74As,267.36,0.033564930705,"(n,n')74As"
74As,528.43,0.017703829605,"(n,n')74As"
74As,84.29,0.010768619295,"(n,n')74As"
74As,551.99,0.009157462074,"(n,n')74As"
74As,447.7,0.00677455,"(n,n')74As"
74As,385.05,0.0040430233928836,"(n,n')74As"
74As,368.92,0.0034958654100000004,"(n,n')74As"
74As,373.55,0.0032560433730000004,"(n,n')74As"
74As,758.6,0.0024381708054000005,"(n,n')74As"
74As,575.53,0.0024357318216,"(n,n')74As"
74As,55.95,0.0018850100000000001,"(n,n')74As"
74As,63.84,0.0018794393999999998,"(n,n')74As"
74As,271.66,0.0016706339042399996,"(n,n')74As"
74As,201.2,0.0011809958,"(n,n')74As"
74As,211.6,0.0011761302,"(n,n')74As"
74As,88.59,0.0009170889957599999,"(n,n')74As"
74As,526.16,0.0006998197000000001,"(n,n')74As"
74As,626.2,0.0006964460999999999,"(n,n')74As"
74As,373.0,0.0006407837999999999,"(n,n')74As"
74As,354.74,0.0006334676000000001,"(n,n')74As"
74As,683.0,0.0006333017,"(n,n')74As"
74As,79.28,0.0005415208,"(n,n')74As"
74As,153.0,0.0005377831999999999,"(n,n')74As"
74As,202.11,0.0005231832,"(n,n')74As"
74As,507.58,0.0005164187000000001,"(n,n')74As"
74As,350.33,0.0005158411999999999,"(n,n')74As"
74As,716.3,0.0003525325158599999,"(n,n')74As"
74As,215.64,0.00032573903733309394,"(n,n')74As"
74As,533.23,0.00027856758414,"(n,n')74As"
74As,586.07,0.00024152707527,"(n,n')74As"
74As,379.59,0.00019088513151,"(n,n')74As"
74As,358.35,0.00014653331988359998,"(n,n')74As"
74As,258.81,0.00011405737000000001,"(n,n')74As"
74As,570.33,9.84598069962e-05,"(n,n')74As"
74As,443.44,9.754741538999999e-05,"(n,n')74As"
74As,224.0,8.723084804999999e-05,"(n,n')74As"
74As,743.4,8.53758731202e-05,"(n,n')74As"
74As,413.0,8.224169322e-05,"(n,n')74As"
74As,249.05,6.2368954246906e-05,"(n,n')74As"
74As,227.8,5.315989158e-05,"(n,n')74As"
74As,476.85,5.164854732e-05,"(n,n')74As"
74As,649.92,3.8966397659999994e-05,"(n,n')74As"
74Ge,595.8,190.17909095693074,"(n,n')74Ge"
74Ge,1940.5,17.434254655181444,"(n,n')74Ge"
74Ge,1332.1,5.404758902335484,"(n,n')74Ge"
74Ge,608.4,3.871901761058178,"(n,n')74Ge"
74Ge,1204.2,1.7788597115894844,"(n,n')74Ge"
74Ge,839.2,0.4875235482764645,"(n,n')74Ge"
74Ge,1101.3,0.32825593659430563,"(n,n')74Ge"
74Ge,492.9,0.1907767312215022,"(n,n')74Ge"
74Ge,868.0,0.07561117442619149,"(n,n')74Ge"
74Ge,961.1,0.010853081528959,"(n,n')74Ge"
74Ge,1105.5,0.008882319999999997,"(n,n')74Ge"
74Ge,2281.2,0.008673286,"(n,n')74Ge"
74Ge,1704.2,0.008564731999999999,"(n,n')74Ge"
74Ge,2340.2,0.008172114000000001,"(n,n')74Ge"
74Ge,2367.2,0.007942762,"(n,n')74Ge"
74Ge,2115.2,0.007932563,"(n,n')74Ge"
74Ge,1569.2,0.0073551097337215005,"(n,n')74Ge"
74Ge,1894.2,0.007325245,"(n,n')74Ge"
74Ge,1131.4,0.007163217116599998,"(n,n')74Ge"
74Ge,233.3,0.007102433113315215,"(n,n')74Ge"
74Ge,1855.9,0.006278528,"(n,n')74Ge"
74Ge,1489.5,0.0061409995349999994,"(n,n')74Ge"
74Ge,1632.0,0.0055558335,"(n,n')74Ge"
74Ge,2353.7,0.0049080067848,"(n,n')74Ge"
74Ge,1471.7,0.004854404388600001,"(n,n')74Ge"
74Ge,1228.4,0.0047034330640000005,"(n,n')74Ge"
74Ge,701.5,0.004637667524986509,"(n,n')74Ge"
74Ge,2344.2,0.004282677,"(n,n')74Ge"
74Ge,999.8,0.0042388275072,"(n,n')74Ge"
74Ge,2073.8,0.0041825409753,"(n,n')74Ge"
74Ge,777.2,0.0041502660000000005,"(n,n')74Ge"
74Ge,1812.8,0.0041306419999999995,"(n,n')74Ge"
74Ge,1509.7,0.0039899785072,"(n,n')74Ge"
74Ge,1138.8,0.0034944807559351993,"(n,n')74Ge"
74Ge,887.0,0.003323954290116,"(n,n')74Ge"
74Ge,2004.5,0.003247237,"(n,n')74Ge"
74Ge,1205.8,0.0030961134528,"(n,n')74Ge"
74Ge,1617.5,0.0027425028831999996,"(n,n')74Ge"
74Ge,993.7,0.0026177585787329994,"(n,n')74Ge"
74Ge,883.3,0.0026034366284999996,"(n,n')74Ge"
74Ge,1844.4,0.0026021767995,"(n,n')74Ge"
74Ge,1829.8,0.0024485701899000004,"(n,n')74Ge"
74Ge,2197.9,0.0021452850791568,"(n,n')74Ge"
74Ge,520.7,0.001976309,"(n,n')74Ge"
74Ge,2097.9,0.0019032754650000002,"(n,n')74Ge"
74Ge,1913.0,0.00172417,"(n,n')74Ge"
74Ge,1384.2,0.0015633716398000001,"(n,n')74Ge"
74Ge,808.5,0.0013173020643999999,"(n,n')74Ge"
74Ge,497.7,0.0012494108422000001,"(n,n')74Ge"
74Ge,1570.2,0.0012488818791000001,"(n,n')74Ge"
74Ge,1602.1,0.0011770524226326,"(n,n')74Ge"
74Ge,2156.2,0.0010635045,"(n,n')74Ge"
74Ge,2246.2,0.0010218425,"(n,n')74Ge"
74Ge,2265.2,0.0010138322,"(n,n')74Ge"
74Ge,972.5,0.0009207985718999999,"(n,n')74Ge"
74Ge,715.1,0.0009164032901159999,"(n,n')74Ge"
74Ge,1721.3,0.000893226936,"(n,n')74Ge"
74Ge,850.7,0.0008592033779999998,"(n,n')74Ge"
74Ge,2240.1,0.0008034067771432999,"(n,n')74Ge"
74Ge,468.2,0.00070788009375449,"(n,n')74Ge"
74Ge,770.5,0.0006799165776000001,"(n,n')74Ge"
74Ge,734.1,0.0006550030073616,"(n,n')74Ge"
74Ge,916.3,0.000548914852,"(n,n')74Ge"
74Ge,1745.3,0.0005302675793999999,"(n,n')74Ge"
74Ge,531.9,0.0003517417727999999,"(n,n')74Ge"
74Ge,2438.2,0.00034276808880000004,"(n,n')74Ge"
74Ge,545.0,0.000323652625,"(n,n')74Ge"
74Ge,1233.1,0.00025435871999999993,"(n,n')74Ge"
74Ge,3048.6,0.00023432819399999994,"(n,n')74Ge"
74Ge,670.9,0.00020253946692149995,"(n,n')74Ge"
74Ge,2973.5,9.95319066e-05,"(n,n')74Ge"
74Ge,663.2,8.62688834e-05,"(n,n')74Ge"
74Ge,784.2,7.38626358e-05,"(n,n')74Ge"
74Ge,437.2,3.2089521799999995e-05,"(n,n')74Ge"
74Ge,399.2,2.0553033800000004e-05,"(n,n')74Ge"
75As,279.54,48.31063308148894,"(n,n')75As"
75As,264.66,0.13189557383705564,"(n,n')75As"
75As,14.88,0.12696562165242647,"(n,n')75As"
75As,198.61,0.044586897895067416,"(n,n')75As"
75As,80.94,0.040686276633659056,"(n,n')75As"
75As,1264.0,0.009501986,"(n,n')75As"
75As,1022.76,0.007076126573472001,"(n,n')75As"
75As,1349.3,0.006163402586688,"(n,n')75As"
75As,1370.8,0.004295991048924,"(n,n')75As"
75As,1044.74,0.0038174299703796514,"(n,n')75As"
75As,1128.9,0.0037919628543280006,"(n,n')75As"
75As,241.9,0.0035962165343280004,"(n,n')75As"
75As,136.0,0.0033419461942706293,"(n,n')75As"
75As,66.05,0.003225136773435897,"(n,n')75As"
75As,24.38,0.0027829235793294304,"(n,n')75As"
75As,572.37,0.0024581935904580006,"(n,n')75As"
75As,258.9,0.0022739349665280005,"(n,n')75As"
75As,642.74,0.002118954133245658,"(n,n')75As"
75As,468.75,0.0017633125433754071,"(n,n')75As"
75As,1309.4,0.0017557740716354416,"(n,n')75As"
75As,821.66,0.0017258016457890601,"(n,n')75As"
75As,948.64,0.001725679252032,"(n,n')75As"
75As,880.55,0.0012949482412799996,"(n,n')75As"
75As,549.14,0.0012911849967480002,"(n,n')75As"
75As,1005.48,0.0012216519321221618,"(n,n')75As"
75As,737.03,0.0012216519321221618,"(n,n')75As"
75As,121.12,0.0009978828679083308,"(n,n')75As"
75As,739.48,0.0008688548532823425,"(n,n')75As"
75As,865.0,0.0008030961852576643,"(n,n')75As"
75As,908.74,0.000763392365562752,"(n,n')75As"
75As,816.76,0.0007114981799999999,"(n,n')75As"
75As,303.92,0.0006879214934186744,"(n,n')75As"
75As,400.66,0.0006405040615296818,"(n,n')75As"
75As,444.4,0.0005735966128280476,"(n,n')75As"
75As,599.63,0.0005734845987967875,"(n,n')75As"
75As,892.46,0.0005089702875693648,"(n,n')75As"
75As,1074.5,0.00036668893160016,"(n,n')75As"
75As,96.73,0.0003621866471554723,"(n,n')75As"
75As,1126.7,0.00029851836403268003,"(n,n')75As"
75As,816.14,0.00029793427909,"(n,n')75As"
75As,1203.6,0.00027358383122841605,"(n,n')75As"
75As,606.86,0.00027298689378027296,"(n,n')75As"
75As,194.4,0.00025989062091,"(n,n')75As"
75As,1140.66,0.00023124460244328005,"(n,n')75As"
75As,783.76,0.00020886176966978398,"(n,n')75As"
75As,248.2,0.00020718070636615204,"(n,n')75As"
75As,585.0,0.00020384226,"(n,n')75As"
75As,373.76,0.00017209481165081554,"(n,n')75As"
75As,542.12,0.00016578978759416833,"(n,n')75As"
75As,1430.5,0.00015887246016156004,"(n,n')75As"
75As,419.08,0.00012824466688428002,"(n,n')75As"
75As,798.64,0.00012530133846384,"(n,n')75As"
75As,796.28,0.000124761549132,"(n,n')75As"
75As,249.29,0.00011128548463353678,"(n,n')75As"
75As,303.8,0.00010697314403268002,"(n,n')75As"
75As,314.03,0.00010550218117112001,"(n,n')75As"
75As,734.85,8.486113311129602e-05,"(n,n')75As"
75As,1029.84,7.784897419332003e-05,"(n,n')75As"
75As,621.74,7.6261705958607e-05,"(n,n')75As"
75As,459.14,7.606021323200001e-05,"(n,n')75As"
75As,1420.2,6.9334924295384e-05,"(n,n')75As"
75As,1100.2,6.7149770868e-05,"(n,n')75As"
75As,859.8,6.217961477e-05,"(n,n')75As"
75As,617.69,5.7634862307504004e-05,"(n,n')75As"
75As,666.39,5.623909572078968e-05,"(n,n')75As"
75As,1155.54,4.161744140140721e-05,"(n,n')75As"
75As,561.08,4.0324931056128126e-05,"(n,n')75As"
75As,585.46,4.017911237620392e-05,"(n,n')75As"
75As,490.93,3.9738302189124e-05,"(n,n')75As"
75As,292.63,3.2285227859752286e-05,"(n,n')75As"
75As,924.06,3.0101603431219203e-05,"(n,n')75As"
75As,580.26,2.967441584e-05,"(n,n')75As"
75As,661.19,2.7312176158000004e-05,"(n,n')75As"
75As,270.14,2.6578559420241693e-05,"(n,n')75As"
75As,875.89,2.5671364094251204e-05,"(n,n')75As"
75As,1231.89,2.5421810538948e-05,"(n,n')75As"
75As,292.83,2.2411099607600738e-05,"(n,n')75As"
75As,1063.3,1.87893143350836e-05,"(n,n')75As"
75As,353.03,1.4252118886520002e-05,"(n,n')75As"
75As,557.0,1.209572321035726e-05,"(n,n')75As"
75As,307.71,8.675488579017913e-06,"(n,n')75As"
75As,338.15,3.2274698881047996e-06,"(n,n')75As"
76Ge,562.9,159.21358829565168,"(n,n')76Ge"
76Ge,2129.5,20.687824476249997,"(n,n')76Ge"
76Ge,1584.0,1.86216817,"(n,n')76Ge"
76Ge,2692.4,1.4470198537499999,"(n,n')76Ge"
76Ge,545.5,1.1546135370406718,"(n,n')76Ge"
76Ge,1108.4,0.7839585533566952,"(n,n')76Ge"
76Ge,847.2,0.0241622162796,"(n,n')76Ge"
76Ge,431.1,0.01358702398334712,"(n,n')76Ge"
76Ge,911.5,0.010040633,"(n,n')76Ge"
76Ge,976.6,0.00677111803545288,"(n,n')76Ge"
76Ge,2399.3,0.0056626639999999995,"(n,n')76Ge"
76Ge,1175.8,0.005478189,"(n,n')76Ge"
76Ge,1193.9,0.005205299,"(n,n')76Ge"
76Ge,2431.1,0.004301647,"(n,n')76Ge"
76Ge,1642.0,0.0040579380000000005,"(n,n')76Ge"
76Ge,2086.6,0.003827895,"(n,n')76Ge"
76Ge,2668.9,0.003708329,"(n,n')76Ge"
76Ge,2159.6,0.0036370250000000003,"(n,n')76Ge"
76Ge,2358.1,0.00356898,"(n,n')76Ge"
76Ge,1915.3,0.003365472,"(n,n')76Ge"
76Ge,1991.1,0.0032169620000000003,"(n,n')76Ge"
76Ge,2023.4,0.0032168509999999997,"(n,n')76Ge"
76Ge,2061.1,0.0030814730000000004,"(n,n')76Ge"
76Ge,1932.6,0.002531991,"(n,n')76Ge"
76Ge,2057.6,0.0024077449999999998,"(n,n')76Ge"
76Ge,1395.2,0.0023186732058,"(n,n')76Ge"
76Ge,1660.4,0.0023096255616,"(n,n')76Ge"
76Ge,2203.9,0.0022661391588,"(n,n')76Ge"
76Ge,1893.1,0.002158167,"(n,n')76Ge"
76Ge,1546.1,0.0021469093282000004,"(n,n')76Ge"
76Ge,1733.2,0.0017139142702,"(n,n')76Ge"
76Ge,1513.0,0.0016184844,"(n,n')76Ge"
76Ge,1962.6,0.001601781,"(n,n')76Ge"
76Ge,3141.5,0.0015956820464,"(n,n')76Ge"
76Ge,2115.6,0.0015207722,"(n,n')76Ge"
76Ge,2073.8,0.001374034152,"(n,n')76Ge"
76Ge,1639.4,0.0013463275563,"(n,n')76Ge"
76Ge,1899.4,0.001284594,"(n,n')76Ge"
76Ge,3007.8,0.001284594,"(n,n')76Ge"
76Ge,1482.7,0.0012577084000000003,"(n,n')76Ge"
76Ge,2919.8,0.00124740668104,"(n,n')76Ge"
76Ge,1051.6,0.00119482298,"(n,n')76Ge"
76Ge,1348.2,0.0011042246,"(n,n')76Ge"
76Ge,2278.7,0.0010455677298,"(n,n')76Ge"
76Ge,2503.6,0.0009970327942,"(n,n')76Ge"
76Ge,2091.6,0.0009018116718,"(n,n')76Ge"
76Ge,2578.6,0.0008456919536,"(n,n')76Ge"
76Ge,2619.3,0.000728377572,"(n,n')76Ge"
76Ge,1902.2,0.0007023428412000001,"(n,n')76Ge"
76Ge,2591.1,0.0006917396200000002,"(n,n')76Ge"
76Ge,2334.8,0.0006117144,"(n,n')76Ge"
76Ge,1358.7,0.0005544934384000001,"(n,n')76Ge"
76Ge,1981.6,0.0005478360999999999,"(n,n')76Ge"
76Ge,1208.3,0.00037702336279999993,"(n,n')76Ge"
76Ge,2356.9,0.00033674203783999997,"(n,n')76Ge"
76Ge,1642.7,0.000302268276,"(n,n')76Ge"
76Ge,2184.9,0.0001211860809,"(n,n')76Ge"
76Ge,1811.4,0.00011485248111999999,"(n,n')76Ge"
78Kr,455.04,779.5646918535338,"(n,n')78Kr"
78Kr,664.43,161.33199724827773,"(n,n')78Kr"
78Kr,1943.99,50.9772419952,"(n,n')78Kr"
78Kr,858.35,46.592012781399994,"(n,n')78Kr"
78Kr,692.88,40.94345133861612,"(n,n')78Kr"
78Kr,1109.72,38.86903944681765,"(n,n')78Kr"
78Kr,1779.16,34.8779158497,"(n,n')78Kr"
78Kr,1147.92,25.79252224823819,"(n,n')78Kr"
78Kr,2052.98,19.0838710473,"(n,n')78Kr"
78Kr,1265.52,18.50678000145,"(n,n')78Kr"
78Kr,1198.86,16.9955479702695,"(n,n')78Kr"
78Kr,2016.86,15.421419503749998,"(n,n')78Kr"
78Kr,724.98,13.12405119557,"(n,n')78Kr"
78Kr,735.02,12.985415381070998,"(n,n')78Kr"
78Kr,2118.31,12.522387411176997,"(n,n')78Kr"
78Kr,848.68,9.80837000885,"(n,n')78Kr"
78Kr,1317.89,8.161868836070001,"(n,n')78Kr"
78Kr,753.43,8.136059205245,"(n,n')78Kr"
78Kr,416.84,6.755129598419155,"(n,n')78Kr"
78Kr,562.14,5.929862509932066,"(n,n')78Kr"
78Kr,1180.31,5.835136879713999,"(n,n')78Kr"
78Kr,1300.82,5.814242392268727,"(n,n')78Kr"
78Kr,1425.43,4.383754677793,"(n,n')78Kr"
78Kr,534.43,4.0974204911205,"(n,n')78Kr"
78Kr,2240.69,3.201492883935,"(n,n')78Kr"
78Kr,738.68,3.010312522802067,"(n,n')78Kr"
78Kr,445.29,2.077502802804188,"(n,n')78Kr"
78Kr,1785.65,2.016739241235,"(n,n')78Kr"
78Kr,1417.86,1.9652616595149999,"(n,n')78Kr"
78Kr,1772.93,1.9577682752100003,"(n,n')78Kr"
78Kr,1755.86,1.476570004093015,"(n,n')78Kr"
78Kr,1988.33,1.3322426599350001,"(n,n')78Kr"
78Kr,2443.37,1.14543105184,"(n,n')78Kr"
78Kr,687.51,0.932357507355,"(n,n')78Kr"
78Kr,859.5,0.9041652958899999,"(n,n')78Kr"
78Kr,675.93,0.832595937795,"(n,n')78Kr"
78Kr,1295.45,0.8260316357199999,"(n,n')78Kr"
78Kr,636.39,0.6937491539890315,"(n,n')78Kr"
78Kr,607.94,0.27406054518916,"(n,n')78Kr"
7Li,477.61,66.33576687116565,"(n,n')7Li"
84Sr,793.3,4.951624078075668,"(n,n')84Sr"
84Sr,844.01,4.520676399999999,"(n,n')84Sr"
84Sr,660.91,4.129830411679158,"(n,n')84Sr"
84Sr,1454.21,0.536117404024331,"(n,n')84Sr"
84Sr,1596.7,0.26356680000000005,"(n,n')84Sr"
84Sr,602.5,0.14336077483,"(n,n')84Sr"
84Sr,1263.41,0.015734525170000003,"(n,n')84Sr"
84Sr,974.62,0.001479566,"(n,n')84Sr"
84Sr,994.1,0.0007529531734899999,"(n,n')84Sr"
84Sr,1655.01,0.00038392312650999995,"(n,n')84Sr"
84Sr,708.7,0.00034174340000000007,"(n,n')84Sr"
84Sr,1281.7,0.0002351087,"(n,n')84Sr"
85Kr,304.87,9.250990142100001,"(n,n')85Kr"
85Kr,861.82,7.178924268400001,"(n,n')85Kr"
85Kr,1140.73,5.0073677961000005,"(n,n')85Kr"
85Kr,1037.74,1.8846824906000001,"(n,n')85Kr"
85Kr,1416.57,1.7945929742000002,"(n,n')85Kr"
85Kr,175.92,1.0848172426,"(n,n')85Kr"
85Kr,249.88,0.5608250258,"(n,n')85Kr"
85Kr,201.88,0.4438537961,"(n,n')85Kr"
85Kr,802.45,0.15832285999999998,"(n,n')85Kr"
85Kr,235.29,0.15747347069999998,"(n,n')85Kr"
85Kr,919.11,0.02817716,"(n,n')85Kr"
86Rb,557.0,4.889345894536168,"(n,n')86Rb"
86Rb,873.2,1.988383863451861,"(n,n')86Rb"
86Rb,316.2,0.0800483257209893,"(n,n')86Rb"
86Rb,60.1,0.015268144800000001,"(n,n')86Rb"
86Rb,1032.7,0.011907571384820001,"(n,n')86Rb"
86Rb,421.7,0.00908456881518,"(n,n')86Rb"
86Rb,556.05,0.006416223300000001,"(n,n')86Rb"
86Rb,54.0,0.00522809041518,"(n,n')86Rb"
86Rb,536.75,0.0029590368000000007,"(n,n')86Rb"
86Rb,114.1,0.0019848184000000003,"(n,n')86Rb"
86Rb,224.25,0.0015779805,"(n,n')86Rb"
86Rb,1122.0,0.0014735644999999999,"(n,n')86Rb"
86Rb,1105.6,0.0014132487271500001,"(n,n')86Rb"
86Rb,488.2,0.00125784707747,"(n,n')86Rb"
86Rb,1027.2,0.0006810882225299999,"(n,n')86Rb"
86Rb,539.0,0.00027967947746999997,"(n,n')86Rb"
86Rb,232.4,6.118917285e-05,"(n,n')86Rb"
89Y,908.96,19.34599914585582,"(n,n')89Y"
89Y,1313.43,13.533421939335822,"(n,n')89Y"
89Y,1507.26,10.32430612160824,"(n,n')89Y"
89Y,715.13,6.22628303852346,"(n,n')89Y"
89Y,1744.57,2.588007333812,"(n,n')89Y"
89Y,1599.8,2.51793,"(n,n')89Y"
89Y,3138.9,1.7581703793502677,"(n,n')89Y"
89Y,2501.54,1.3343167068800001,"(n,n')89Y"
89Y,2542.24,1.2020499999999998,"(n,n')89Y"
89Y,1620.91,1.171354,"(n,n')89Y"
89Y,1447.03,1.064498,"(n,n')89Y"
89Y,1771.03,0.852086,"(n,n')89Y"
89Y,2712.04,0.6948333999999999,"(n,n')89Y"
89Y,2008.13,0.58372413792,"(n,n')89Y"
89Y,2416.74,0.42624199999999995,"(n,n')89Y"
89Y,2806.34,0.42270656512000004,"(n,n')89Y"
89Y,2103.53,0.40452241206000006,"(n,n')89Y"
89Y,2049.84,0.39048794899999995,"(n,n')89Y"
89Y,2355.04,0.35537921384,"(n,n')89Y"
89Y,1492.91,0.3382723568,"(n,n')89Y"
89Y,1962.84,0.31345047808,"(n,n')89Y"
89Y,2648.14,0.29677084123999997,"(n,n')89Y"
89Y,916.51,0.2867072909315409,"(n,n')89Y"
89Y,1631.64,0.21266005358859172,"(n,n')89Y"
89Y,2843.74,0.2043635552,"(n,n')89Y"
89Y,843.5,0.13156027807999998,"(n,n')89Y"
89Y,1713.08,0.12146020000000002,"(n,n')89Y"
89Y,3862.3,0.11050858615999999,"(n,n')89Y"
89Y,2515.54,0.10700207085953999,"(n,n')89Y"
89Y,1812.53,0.09764160975999998,"(n,n')89Y"
89Y,2278.23,0.08241497407199999,"(n,n')89Y"
89Y,1800.41,0.07814382955534,"(n,n')89Y"
89Y,2340.84,0.07200298794000001,"(n,n')89Y"
89Y,342.2,0.07058270688,"(n,n')89Y"
89Y,955.2,0.06105914005687999,"(n,n')89Y"
89Y,3067.6,0.058725495191830894,"(n,n')89Y"
89Y,4022.8,0.04281938545624,"(n,n')89Y"
89Y,1657.28,0.009260013999999999,"(n,n')89Y"
89Y,1560.34,0.006221966865049103,"(n,n')89Y"
89Y,2721.34,0.0048725059999999995,"(n,n')89Y"
89Y,2838.74,0.004833494,"(n,n')89Y"
89Y,1985.74,0.004182426,"(n,n')89Y"
89Y,776.84,0.00404517,"(n,n')89Y"
89Y,2881.2,0.003920644000000001,"(n,n')89Y"
89Y,3991.6,0.003716542,"(n,n')89Y"
89Y,2052.74,0.0020514220000000002,"(n,n')89Y"
89Y,1996.34,0.0019731721296,"(n,n')89Y"
89Y,1740.24,0.001935216862,"(n,n')89Y"
89Y,4015.3,0.0011485334275999999,"(n,n')89Y"
89Y,1792.91,0.0008615005724,"(n,n')89Y"
89Y,3247.5,0.00014320313800000002,"(n,n')89Y"
89Y,364.7,0.0001257238704,"(n,n')89Y"
90Y,776.77,27.690017139669646,"(n,n')90Y"
90Y,202.53,7.817632393137489,"(n,n')90Y"
90Y,574.24,6.926831390983743,"(n,n')90Y"
90Y,479.5,0.0071981879385247995,"(n,n')90Y"
90Y,365.48,0.0026289659628,"(n,n')90Y"
90Y,616.17,0.0025028761232,"(n,n')90Y"
90Y,953.67,0.0024124864178721494,"(n,n')90Y"
90Y,236.24,0.0018895864245000004,"(n,n')90Y"
90Y,176.9,0.0018285306533862998,"(n,n')90Y"
90Y,1211.69,0.00133559450106,"(n,n')90Y"
90Y,1371.25,0.0011877960264599999,"(n,n')90Y"
90Y,751.14,0.00013974635324155,"(n,n')90Y"
90Y,250.69,0.0001267478768,"(n,n')90Y"
90Y,1168.72,0.00012239337248,"(n,n')90Y"
90Y,987.38,0.00011127448950000001,"(n,n')90Y"
90Y,142.4,7.903608600000002e-05,"(n,n')90Y"
90Y,682.03,2.2855232000000002e-05,"(n,n')90Y"
90Y,159.56,8.70470106e-06,"(n,n')90Y"
90Zr,2186.27,46.67765124074192,"(n,n')90Zr"
90Zr,561.61,26.88933157244797,"(n,n')90Zr"
90Zr,890.66,3.454251101524423,"(n,n')90Zr"
90Zr,3308.8,2.0072066346,"(n,n')90Zr"
90Zr,1760.71,1.9930734976215092,"(n,n')90Zr"
90Zr,2319.0,1.2501607511642423,"(n,n')90Zr"
90Zr,2747.88,1.0999799425389873,"(n,n')90Zr"
90Zr,1122.53,0.7026713654,"(n,n')90Zr"
90Zr,132.73,0.25189469899104094,"(n,n')90Zr"
90Zr,329.05,0.23618484832029357,"(n,n')90Zr"
90Zr,420.3,0.08853127757136879,"(n,n')90Zr"
90Zr,757.93,0.07669330292791439,"(n,n')90Zr"
90Zr,337.63,0.048457957571368795,"(n,n')90Zr"
90Zr,1129.23,0.032378869656,"(n,n')90Zr"
90Zr,3557.0,0.032374740000000006,"(n,n')90Zr"
90Zr,425.56,0.014007497621509027,"(n,n')90Zr"
90Zr,371.3,0.0006372103440000001,"(n,n')90Zr"
91Zr,1882.2,7.445314000000001,"(n,n')91Zr"
91Zr,2131.49,2.8246358147409993,"(n,n')91Zr"
91Zr,2170.15,0.198062243259,"(n,n')91Zr"
91Zr,38.66,0.013655814740999998,"(n,n')91Zr"
91Zr,2200.5,0.002580208,"(n,n')91Zr"
91Zr,89.77,0.0023900580000000005,"(n,n')91Zr"
91Zr,1466.5,0.002286862,"(n,n')91Zr"
91Zr,2189.5,0.0021508340000000003,"(n,n')91Zr"
91Zr,2042.35,0.001603874,"(n,n')91Zr"
91Zr,1204.78,0.0008800506,"(n,n')91Zr"
92Zr,934.47,64.14881023630385,"(n,n')92Zr"
92Zr,1405.25,14.001440100000003,"(n,n')92Zr"
92Zr,560.99,10.1229971179682,"(n,n')92Zr"
92Zr,912.81,4.48133446254384,"(n,n')92Zr"
92Zr,844.26,3.6842862000000007,"(n,n')92Zr"
92Zr,448.34,3.1271819999999995,"(n,n')92Zr"
92Zr,1847.28,2.24739596169616,"(n,n')92Zr"
92Zr,1132.21,1.79155940256,"(n,n')92Zr"
92Zr,492.44,1.4579631000000004,"(n,n')92Zr"
92Zr,2339.72,0.042259800000000014,"(n,n')92Zr"
92Zr,273.04,0.023050800000000003,"(n,n')92Zr"
92Zr,219.4,0.01509332424,"(n,n')92Zr"
92Zr,571.22,0.0118200732,"(n,n')92Zr"
92Zr,2182.0,0.004352768,"(n,n')92Zr"
92Zr,2473.4,0.004297859999999999,"(n,n')92Zr"
92Zr,902.85,0.004195344768199999,"(n,n')92Zr"
92Zr,1463.84,0.0014671532317999999,"(n,n')92Zr"
93Zr,1463.0,5.055576,"(n,n')93Zr"
93Zr,2040.0,1.7663080000000002,"(n,n')93Zr"
93Zr,266.88,0.00213052290434635,"(n,n')93Zr"
93Zr,2025.0,0.0007398638,"(n,n')93Zr"
93Zr,1598.0,0.0007325325999999999,"(n,n')93Zr"
93Zr,2363.0,0.0007242895999999999,"(n,n')93Zr"
93Zr,2078.0,0.0007111858,"(n,n')93Zr"
93Zr,2075.0,0.0006969038,"(n,n')93Zr"
93Zr,2276.0,0.0005987624000000001,"(n,n')93Zr"
93Zr,2047.0,0.0005932423999999999,"(n,n')93Zr"
93Zr,1425.41,0.0005608887270999998,"(n,n')93Zr"
93Zr,1642.0,0.00045083,"(n,n')93Zr"
93Zr,1735.0,0.000448405,"(n,n')93Zr"
93Zr,2302.0,0.00043388020000000005,"(n,n')93Zr"
93Zr,1450.45,0.00038889620556,"(n,n')93Zr"
93Zr,1917.74,0.00038617858240000007,"(n,n')93Zr"
93Zr,1651.68,0.00033665197336,"(n,n')93Zr"
93Zr,947.14,0.00030035983080615406,"(n,n')93Zr"
93Zr,1203.27,0.000279437144932504,"(n,n')93Zr"
93Zr,1018.0,0.00024514420000000005,"(n,n')93Zr"
93Zr,1168.6,0.0002430514,"(n,n')93Zr"
93Zr,1222.0,0.00024231060000000002,"(n,n')93Zr"
93Zr,1827.81,0.00023049660000000003,"(n,n')93Zr"
93Zr,2391.0,0.0002266048,"(n,n')93Zr"
93Zr,1642.68,0.00018937432206,"(n,n')93Zr"
93Zr,1470.15,0.000170469705707496,"(n,n')93Zr"
93Zr,971.42,9.768162664e-05,"(n,n')93Zr"
93Zr,680.26,9.438301425384601e-05,"(n,n')93Zr"
93Zr,1158.53,6.896947289999999e-05,"(n,n')93Zr"
93Zr,1183.57,5.718799444e-05,"(n,n')93Zr"
93Zr,962.42,4.358707794e-05,"(n,n')93Zr"
93Zr,2184.62,3.9011026480000006e-05,"(n,n')93Zr"
93Zr,1237.48,7.33914048e-06,"(n,n')93Zr"
93Zr,714.47,4.32485064e-06,"(n,n')93Zr"
94Zr,918.75,84.23008687249552,"(n,n')94Zr"
94Zr,1138.89,22.714989096455028,"(n,n')94Zr"
94Zr,550.87,10.59894109651817,"(n,n')94Zr"
94Zr,381.44,4.337840403771921,"(n,n')94Zr"
94Zr,752.65,4.183586512259997,"(n,n')94Zr"
94Zr,1671.4,2.966621165504483,"(n,n')94Zr"
94Zr,1134.88,2.9186720000000004,"(n,n')94Zr"
94Zr,1232.56,2.686116,"(n,n')94Zr"
94Zr,588.02,0.6375235965181684,"(n,n')94Zr"
94Zr,1588.95,0.35867677348000004,"(n,n')94Zr"
94Zr,836.3,0.053500626520000004,"(n,n')94Zr"
94Zr,1411.45,0.0007377865999999999,"(n,n')94Zr"
94Zr,2401.0,0.0005567440000000001,"(n,n')94Zr"
94Zr,1779.75,0.0005357538000000001,"(n,n')94Zr"
94Zr,694.72,0.00028705124448,"(n,n')94Zr"
94Zr,1447.37,0.0001834496104,"(n,n')94Zr"
94Zr,308.48,5.2692973199999994e-05,"(n,n')94Zr"
94Zr,1065.93,3.4403771919999996e-05,"(n,n')94Zr"
95Mo,765.8,28.96598696239462,"(n,n')95Mo"
95Mo,947.68,11.3595521737657,"(n,n')95Mo"
95Mo,593.11,0.35800258087585296,"(n,n')95Mo"
95Mo,774.99,0.27890898663309327,"(n,n')95Mo"
95Mo,467.07,0.033029591294967096,"(n,n')95Mo"
95Mo,1073.72,0.023443487635453775,"(n,n')95Mo"
95Mo,181.88,0.022761979474337474,"(n,n')95Mo"
95Mo,204.12,0.014952627816065815,"(n,n')95Mo"
95Mo,100.29,0.012420218214223165,"(n,n')95Mo"
95Mo,253.09,0.007824627031308902,"(n,n')95Mo"
95Mo,820.63,0.007330427392333135,"(n,n')95Mo"
95Mo,1236.38,0.005858690901802077,"(n,n')95Mo"
95Mo,674.7,0.0046267525528310895,"(n,n')95Mo"
95Mo,561.68,0.0028967370963375897,"(n,n')95Mo"
95Mo,1440.5,0.0026926207245466906,"(n,n')95Mo"
95Mo,616.51,0.0019941147455291917,"(n,n')95Mo"
95Mo,869.6,0.001981915978232049,"(n,n')95Mo"
95Mo,604.04,0.000931124513798422,"(n,n')95Mo"
95Mo,1376.01,0.0006272194,"(n,n')95Mo"
95Mo,327.28,0.0006107444,"(n,n')95Mo"
95Mo,1666.0,0.000590691,"(n,n')95Mo"
95Mo,1683.0,0.000590196,"(n,n')95Mo"
95Mo,1222.01,0.00046810052661893964,"(n,n')95Mo"
95Mo,386.17,0.00044879220498,"(n,n')95Mo"
95Mo,987.61,0.00044751582819999995,"(n,n')95Mo"
95Mo,785.92,0.00044648252548268796,"(n,n')95Mo"
95Mo,852.64,0.00043961956529381185,"(n,n')95Mo"
95Mo,1092.0,0.0003811714,"(n,n')95Mo"
95Mo,1660.29,0.00037198259999999996,"(n,n')95Mo"
95Mo,976.03,0.00034205916654097196,"(n,n')95Mo"
95Mo,977.46,0.00032494015564999996,"(n,n')95Mo"
95Mo,1440.98,0.00031794082706,"(n,n')95Mo"
95Mo,236.13,0.0003141699801244488,"(n,n')95Mo"
95Mo,255.87,0.000306148463819028,"(n,n')95Mo"
95Mo,126.04,0.00029233166941516556,"(n,n')95Mo"
95Mo,1645.1,0.00027335697294,"(n,n')95Mo"
95Mo,1620.22,0.00027314424040000005,"(n,n')95Mo"
95Mo,202.47,0.00026612598747735,"(n,n')95Mo"
95Mo,582.08,0.00025436666596644644,"(n,n')95Mo"
95Mo,1369.73,0.00024147764819999995,"(n,n')95Mo"
95Mo,307.92,0.00022176885265978076,"(n,n')95Mo"
95Mo,1698.0,0.0001958294,"(n,n')95Mo"
95Mo,835.15,0.00018777814368473513,"(n,n')95Mo"
95Mo,1056.76,0.0001857994506112332,"(n,n')95Mo"
95Mo,267.24,0.00018480565291793452,"(n,n')95Mo"
95Mo,245.83,0.00016380345277165677,"(n,n')95Mo"
95Mo,558.2,0.00015828019565303743,"(n,n')95Mo"
95Mo,111.22,0.000148267163959236,"(n,n')95Mo"
95Mo,267.45,0.0001390055718,"(n,n')95Mo"
95Mo,1165.61,0.00013524255179999997,"(n,n')95Mo"
95Mo,639.93,9.284406168282909e-05,"(n,n')95Mo"
95Mo,250.28,9.251804619744001e-05,"(n,n')95Mo"
95Mo,786.2,7.070329099786546e-05,"(n,n')95Mo"
95Mo,563.46,6.849101144e-05,"(n,n')95Mo"
95Mo,1551.72,6.219824338426e-05,"(n,n')95Mo"
95Mo,419.26,5.881416817265e-05,"(n,n')95Mo"
95Mo,141.23,5.763883036e-05,"(n,n')95Mo"
95Mo,125.59,4.8245664462926e-05,"(n,n')95Mo"
95Mo,478.0,4.0008599798524e-05,"(n,n')95Mo"
95Mo,194.63,3.4663511299999996e-05,"(n,n')95Mo"
95Mo,397.1,3.185605336e-05,"(n,n')95Mo"
95Mo,516.39,2.8223458168111202e-05,"(n,n')95Mo"
95Mo,1039.27,1.8539748420000002e-05,"(n,n')95Mo"
95Mo,1416.1,1.3154149640000001e-05,"(n,n')95Mo"
95Mo,263.32,1.0734740926755998e-05,"(n,n')95Mo"
95Mo,799.59,1.0396622520000001e-05,"(n,n')95Mo"
95Mo,317.63,7.452776e-06,"(n,n')95Mo"
95Mo,494.96,4.706894093944e-06,"(n,n')95Mo"
95Mo,253.07,4.18704416e-06,"(n,n')95Mo"
95Mo,1302.59,1.653030606532e-06,"(n,n')95Mo"
95Mo,1098.47,1.653030606532e-06,"(n,n')95Mo"
95Mo,1426.13,1.2852620000000002e-06,"(n,n')95Mo"
95Zr,1618.0,60.402699999999996,"(n,n')95Zr"
95Zr,2250.0,24.630969999999998,"(n,n')95Zr"
95Zr,1323.77,0.00047326211938999996,"(n,n')95Zr"
95Zr,2025.0,0.0002529898,"(n,n')95Zr"
95Zr,1140.0,0.00021565340000000003,"(n,n')95Zr"
95Zr,1940.25,0.000209763621532,"(n,n')95Zr"
95Zr,2285.0,0.0002000576,"(n,n')95Zr"
95Zr,1618.26,0.000150774,"(n,n')95Zr"
95Zr,1788.0,0.0001491418,"(n,n')95Zr"
95Zr,953.95,0.000147707007928,"(n,n')95Zr"
95Zr,2317.0,0.0001441822,"(n,n')95Zr"
95Zr,2120.0,0.00014356200000000002,"(n,n')95Zr"
95Zr,1892.67,0.00011116008,"(n,n')95Zr"
95Zr,1721.67,0.00010838824975999999,"(n,n')95Zr"
95Zr,397.9,9.917255023999999e-05,"(n,n')95Zr"
95Zr,1955.92,9.54523716e-05,"(n,n')95Zr"
95Zr,23.0,8.563644e-05,"(n,n')95Zr"
95Zr,2254.1,7.577857999999999e-05,"(n,n')95Zr"
95Zr,431.99,6.207622153200001e-05,"(n,n')95Zr"
95Zr,632.15,6.023514756000001e-05,"(n,n')95Zr"
95Zr,1001.97,4.870728084e-05,"(n,n')95Zr"
95Zr,1903.94,4.579562618599999e-05,"(n,n')95Zr"
95Zr,1048.47,3.4622467776e-05,"(n,n')95Zr"
95Zr,568.9,3.448992e-05,"(n,n')95Zr"
95Zr,580.17,3.1679633813999995e-05,"(n,n')95Zr"
95Zr,2372.24,3.0283883603999998e-05,"(n,n')95Zr"
95Zr,1418.29,1.6693427088e-05,"(n,n')95Zr"
96Zr,1750.5,79.28578808330559,"(n,n')96Zr"
96Zr,146.66,20.845390502905598,"(n,n')96Zr"
96Zr,1897.16,3.8178732250944005,"(n,n')96Zr"
96Zr,1581.65,3.5408732912000005,"(n,n')96Zr"
96Zr,2225.84,1.5181488239999998,"(n,n')96Zr"
96Zr,475.34,0.8697191568,"(n,n')96Zr"
96Zr,644.19,0.4259292912,"(n,n')96Zr"
96Zr,328.68,0.21341872799999997,"(n,n')96Zr"
96Zr,688.25,0.0008584236,"(n,n')96Zr"
99Tc,140.51,17.22975425774245,"(n,n')99Tc"
99Tc,142.68,12.674911273164657,"(n,n')99Tc"
99Tc,391.75,12.4595561917177,"(n,n')99Tc"
99Tc,621.18,11.560698183812315,"(n,n')99Tc"
99Tc,536.9,10.822,"(n,n')99Tc"
99Tc,181.09,4.8661180516732365,"(n,n')99Tc"
99Tc,40.58,3.4877326808130067,"(n,n')99Tc"
99Tc,410.27,2.303,"(n,n')99Tc"
99Tc,960.77,2.1970966257,"(n,n')99Tc"
99Tc,761.69,2.078781179418066,"(n,n')99Tc"
99Tc,876.95,2.0020716,"(n,n')99Tc"
99Tc,580.6,1.897004349827697,"(n,n')99Tc"
99Tc,537.78,1.7655497,"(n,n')99Tc"
99Tc,836.37,1.7619284,"(n,n')99Tc"
99Tc,1072.21,1.3554503000000002,"(n,n')99Tc"
99Tc,380.17,0.21948116157000003,"(n,n')99Tc"
99Tc,469.81,0.18931267414981828,"(n,n')99Tc"
99Tc,373.66,0.11062703427613256,"(n,n')99Tc"
99Tc,652.77,0.10800535,"(n,n')99Tc"
99Tc,1001.35,0.09442208718,"(n,n')99Tc"
99Tc,845.64,0.059072358692317445,"(n,n')99Tc"
99Tc,366.43,0.025059952872704263,"(n,n')99Tc"
99Tc,103.38,0.024624125657864263,"(n,n')99Tc"
99Tc,1008.91,0.01576399,"(n,n')99Tc"
99Tc,538.71,0.011259742000000001,"(n,n')99Tc"
99Tc,625.41,0.008644533083999999,"(n,n')99Tc"
99Tc,484.9,0.002165186916,"(n,n')99Tc"
99Tc,761.91,0.0007130719241399999,"(n,n')99Tc"
99Tc,726.7,0.0006004961850300001,"(n,n')99Tc"
99Tc,564.25,0.00059919553155,"(n,n')99Tc"
99Tc,528.86,0.0005542461123799999,"(n,n')99Tc"
99Tc,1081.47,0.00042222316202,"(n,n')99Tc"
99Tc,1205.0,0.0003289126,"(n,n')99Tc"
99Tc,822.97,0.00030847310876,"(n,n')99Tc"
99Tc,940.96,0.00022805221384,"(n,n')99Tc"
99Tc,457.6,0.00021480851238,"(n,n')99Tc"
99Tc,1056.2,0.00014431488258,"(n,n')99Tc"
99Tc,739.51,0.00012867686584419998,"(n,n')99Tc"
99Tc,1017.79,0.00012404630810000002,"(n,n')99Tc"
99Tc,586.19,9.444211496999999e-05,"(n,n')99Tc"
99Tc,620.03,7.282540552000001e-05,"(n,n')99Tc"
99Tc,689.77,6.067410932000001e-05,"(n,n')99Tc"
99Tc,777.92,4.537169393352e-05,"(n,n')99Tc"
99Tc,190.59,4.489296845e-05,"(n,n')99Tc"
99Tc,986.46,4.27898821e-05,"(n,n')99Tc"
99Tc,319.56,3.0071324140000005e-05,"(n,n')99Tc"
99Tc,861.38,1.4514814959999999e-05,"(n,n')99Tc"
99Tc,469.63,6.4917176999999994e-06,"(n,n')99Tc"
99Tc,242.37,3.42895858e-06,"(n,n')99Tc"
